Workbook

Sheet Smart Dashboard
A1: ⌂ | C1: STATUS GODOWN NO. 9, 14, 18 AND 20 | M1: ="Last Updated : "&TEXT(NOW(),"dd.mm.yy")&" | "&TEXT(NOW(),"HH:mm")&" ↻" | Q1: Stack Type | R1: Count | S1: Status | T1: Count | U1: Infested Rank | V1: Due Rank
C2: =COUNTIFS('Master Stock'!$D$2:$D$1000,"<>",'Master Stock'!$H$2:$H$1000,"OCCUPIED") | E2: =COUNTIFS('Master Stock'!$D$2:$D$1000,"<>",'Master Stock'!$H$2:$H$1000,"EMPTY") | G2: INFESTED / UNDER COVER | I2: FUMIGATION DUE | K2: QUICK NAVIGATION | Q2: Rice (FRK + RRA) | R2: =B11 | S2: Infested / Under Cover | T2: =G11 | U2: =IF(AND('Master Stock'!D2<>"",'Master Stock'!H2="OCCUPIED",ISNUMBER('Master Stock'!J2),'Master Stock'!K2=""),SUMPRODUCT(--('Master Stock'!$D$2:$D$1000<>""),--('Master Stock'!$H$2:$H$1000="OCCUPIED"),--ISNUMBER('Master Stock'!$J$2:$J$1000),--('Master Stock'!$K$2:$K$1000=""),--('Master Stock'!$J$2:$J$1000<'Master Stock'!J2))+COUNTIFS('Master Stock'!$J$2:J2,'Master Stock'!J2,'Master Stock'!$D$2:D2,"<>",'Master Stock'!$H$2:H2,"OCCUPIED",'Master Stock'!$K$2:K2,""),"") | V2: =IF(AND('Master Stock'!D2<>"",'Master Stock'!H2="OCCUPIED",ISNUMBER('Master Stock'!L2),'Master Stock'!L2<TODAY()-30),SUMPRODUCT(--('Master Stock'!$D$2:$D$1000<>""),--('Master Stock'!$H$2:$H$1000="OCCUPIED"),--ISNUMBER('Master Stock'!$L$2:$L$1000),--('Master Stock'!$L$2:$L$1000<TODAY()-30),--('Master Stock'!$L$2:$L$1000<'Master Stock'!L2))+COUNTIFS('Master Stock'!$L$2:L2,'Master Stock'!L2,'Master Stock'!$D$2:D2,"<>",'Master Stock'!$H$2:H2,"OCCUPIED"),"")
A3: =COUNTIF('Master Stock'!$D$2:$D$1000,"<>") | G3: =COUNTIFS('Master Stock'!$D$2:$D$1000,"<>",'Master Stock'!$H$2:$H$1000,"OCCUPIED",'Master Stock'!$J$2:$J$1000,"<>",'Master Stock'!$K$2:$K$1000,"") | I3: =COUNTIFS('Master Stock'!$D$2:$D$1000,"<>",'Master Stock'!$H$2:$H$1000,"OCCUPIED",'Master Stock'!$L$2:$L$1000,"<>",'Master Stock'!$L$2:$L$1000,"<"&TODAY()-30) | K3: ☷ QC DETAILS | Q3: Empty Stack | R3: =B12 | S3: Fumigation Due | T3: =G12 | U3: =IF(AND('Master Stock'!D3<>"",'Master Stock'!H3="OCCUPIED",ISNUMBER('Master Stock'!J3),'Master Stock'!K3=""),SUMPRODUCT(--('Master Stock'!$D$2:$D$1000<>""),--('Master Stock'!$H$2:$H$1000="OCCUPIED"),--ISNUMBER('Master Stock'!$J$2:$J$1000),--('Master Stock'!$K$2:$K$1000=""),--('Master Stock'!$J$2:$J$1000<'Master Stock'!J3))+COUNTIFS('Master Stock'!$J$2:J3,'Master Stock'!J3,'Master Stock'!$D$2:D3,"<>",'Master Stock'!$H$2:H3,"OCCUPIED",'Master Stock'!$K$2:K3,""),"") | V3: =IF(AND('Master Stock'!D3<>"",'Master Stock'!H3="OCCUPIED",ISNUMBER('Master Stock'!L3),'Master Stock'!L3<TODAY()-30),SUMPRODUCT(--('Master Stock'!$D$2:$D$1000<>""),--('Master Stock'!$H$2:$H$1000="OCCUPIED"),--ISNUMBER('Master Stock'!$L$2:$L$1000),--('Master Stock'!$L$2:$L$1000<TODAY()-30),--('Master Stock'!$L$2:$L$1000<'Master Stock'!L3))+COUNTIFS('Master Stock'!$L$2:L3,'Master Stock'!L3,'Master Stock'!$D$2:D3,"<>",'Master Stock'!$H$2:H3,"OCCUPIED"),"")
U4: =IF(AND('Master Stock'!D4<>"",'Master Stock'!H4="OCCUPIED",ISNUMBER('Master Stock'!J4),'Master Stock'!K4=""),SUMPRODUCT(--('Master Stock'!$D$2:$D$1000<>""),--('Master Stock'!$H$2:$H$1000="OCCUPIED"),--ISNUMBER('Master Stock'!$J$2:$J$1000),--('Master Stock'!$K$2:$K$1000=""),--('Master Stock'!$J$2:$J$1000<'Master Stock'!J4))+COUNTIFS('Master Stock'!$J$2:J4,'Master Stock'!J4,'Master Stock'!$D$2:D4,"<>",'Master Stock'!$H$2:H4,"OCCUPIED",'Master Stock'!$K$2:K4,""),"") | V4: =IF(AND('Master Stock'!D4<>"",'Master Stock'!H4="OCCUPIED",ISNUMBER('Master Stock'!L4),'Master Stock'!L4<TODAY()-30),SUMPRODUCT(--('Master Stock'!$D$2:$D$1000<>""),--('Master Stock'!$H$2:$H$1000="OCCUPIED"),--ISNUMBER('Master Stock'!$L$2:$L$1000),--('Master Stock'!$L$2:$L$1000<TODAY()-30),--('Master Stock'!$L$2:$L$1000<'Master Stock'!L4))+COUNTIFS('Master Stock'!$L$2:L4,'Master Stock'!L4,'Master Stock'!$D$2:D4,"<>",'Master Stock'!$H$2:H4,"OCCUPIED"),"")
C5: Full Stacks | E5: Empty Stacks | K5: ▤ MASTER | U5: =IF(AND('Master Stock'!D5<>"",'Master Stock'!H5="OCCUPIED",ISNUMBER('Master Stock'!J5),'Master Stock'!K5=""),SUMPRODUCT(--('Master Stock'!$D$2:$D$1000<>""),--('Master Stock'!$H$2:$H$1000="OCCUPIED"),--ISNUMBER('Master Stock'!$J$2:$J$1000),--('Master Stock'!$K$2:$K$1000=""),--('Master Stock'!$J$2:$J$1000<'Master Stock'!J5))+COUNTIFS('Master Stock'!$J$2:J5,'Master Stock'!J5,'Master Stock'!$D$2:D5,"<>",'Master Stock'!$H$2:H5,"OCCUPIED",'Master Stock'!$K$2:K5,""),"") | V5: =IF(AND('Master Stock'!D5<>"",'Master Stock'!H5="OCCUPIED",ISNUMBER('Master Stock'!L5),'Master Stock'!L5<TODAY()-30),SUMPRODUCT(--('Master Stock'!$D$2:$D$1000<>""),--('Master Stock'!$H$2:$H$1000="OCCUPIED"),--ISNUMBER('Master Stock'!$L$2:$L$1000),--('Master Stock'!$L$2:$L$1000<TODAY()-30),--('Master Stock'!$L$2:$L$1000<'Master Stock'!L5))+COUNTIFS('Master Stock'!$L$2:L5,'Master Stock'!L5,'Master Stock'!$D$2:D5,"<>",'Master Stock'!$H$2:H5,"OCCUPIED"),"")
A6: All Stacks | G6: Requires Attention | I6: Due for Fumigation | U6: =IF(AND('Master Stock'!D6<>"",'Master Stock'!H6="OCCUPIED",ISNUMBER('Master Stock'!J6),'Master Stock'!K6=""),SUMPRODUCT(--('Master Stock'!$D$2:$D$1000<>""),--('Master Stock'!$H$2:$H$1000="OCCUPIED"),--ISNUMBER('Master Stock'!$J$2:$J$1000),--('Master Stock'!$K$2:$K$1000=""),--('Master Stock'!$J$2:$J$1000<'Master Stock'!J6))+COUNTIFS('Master Stock'!$J$2:J6,'Master Stock'!J6,'Master Stock'!$D$2:D6,"<>",'Master Stock'!$H$2:H6,"OCCUPIED",'Master Stock'!$K$2:K6,""),"") | V6: =IF(AND('Master Stock'!D6<>"",'Master Stock'!H6="OCCUPIED",ISNUMBER('Master Stock'!L6),'Master Stock'!L6<TODAY()-30),SUMPRODUCT(--('Master Stock'!$D$2:$D$1000<>""),--('Master Stock'!$H$2:$H$1000="OCCUPIED"),--ISNUMBER('Master Stock'!$L$2:$L$1000),--('Master Stock'!$L$2:$L$1000<TODAY()-30),--('Master Stock'!$L$2:$L$1000<'Master Stock'!L6))+COUNTIFS('Master Stock'!$L$2:L6,'Master Stock'!L6,'Master Stock'!$D$2:D6,"<>",'Master Stock'!$H$2:H6,"OCCUPIED"),"")
K7: 🌾 RICE PRIORITY | U7: =IF(AND('Master Stock'!D7<>"",'Master Stock'!H7="OCCUPIED",ISNUMBER('Master Stock'!J7),'Master Stock'!K7=""),SUMPRODUCT(--('Master Stock'!$D$2:$D$1000<>""),--('Master Stock'!$H$2:$H$1000="OCCUPIED"),--ISNUMBER('Master Stock'!$J$2:$J$1000),--('Master Stock'!$K$2:$K$1000=""),--('Master Stock'!$J$2:$J$1000<'Master Stock'!J7))+COUNTIFS('Master Stock'!$J$2:J7,'Master Stock'!J7,'Master Stock'!$D$2:D7,"<>",'Master Stock'!$H$2:H7,"OCCUPIED",'Master Stock'!$K$2:K7,""),"") | V7: =IF(AND('Master Stock'!D7<>"",'Master Stock'!H7="OCCUPIED",ISNUMBER('Master Stock'!L7),'Master Stock'!L7<TODAY()-30),SUMPRODUCT(--('Master Stock'!$D$2:$D$1000<>""),--('Master Stock'!$H$2:$H$1000="OCCUPIED"),--ISNUMBER('Master Stock'!$L$2:$L$1000),--('Master Stock'!$L$2:$L$1000<TODAY()-30),--('Master Stock'!$L$2:$L$1000<'Master Stock'!L7))+COUNTIFS('Master Stock'!$L$2:L7,'Master Stock'!L7,'Master Stock'!$D$2:D7,"<>",'Master Stock'!$H$2:H7,"OCCUPIED"),"")
A8: STACK TYPE SUMMARY | C8: STACK MIX | F8: INFESTATION STATUS | H8: INFESTATION STATUS | U8: =IF(AND('Master Stock'!D8<>"",'Master Stock'!H8="OCCUPIED",ISNUMBER('Master Stock'!J8),'Master Stock'!K8=""),SUMPRODUCT(--('Master Stock'!$D$2:$D$1000<>""),--('Master Stock'!$H$2:$H$1000="OCCUPIED"),--ISNUMBER('Master Stock'!$J$2:$J$1000),--('Master Stock'!$K$2:$K$1000=""),--('Master Stock'!$J$2:$J$1000<'Master Stock'!J8))+COUNTIFS('Master Stock'!$J$2:J8,'Master Stock'!J8,'Master Stock'!$D$2:D8,"<>",'Master Stock'!$H$2:H8,"OCCUPIED",'Master Stock'!$K$2:K8,""),"") | V8: =IF(AND('Master Stock'!D8<>"",'Master Stock'!H8="OCCUPIED",ISNUMBER('Master Stock'!L8),'Master Stock'!L8<TODAY()-30),SUMPRODUCT(--('Master Stock'!$D$2:$D$1000<>""),--('Master Stock'!$H$2:$H$1000="OCCUPIED"),--ISNUMBER('Master Stock'!$L$2:$L$1000),--('Master Stock'!$L$2:$L$1000<TODAY()-30),--('Master Stock'!$L$2:$L$1000<'Master Stock'!L8))+COUNTIFS('Master Stock'!$L$2:L8,'Master Stock'!L8,'Master Stock'!$D$2:D8,"<>",'Master Stock'!$H$2:H8,"OCCUPIED"),"")
A9: STACK TYPE | B9: COUNT | F9: STATUS | G9: COUNT | K9: 🌾 WHEAT PRIORITY | U9: =IF(AND('Master Stock'!D9<>"",'Master Stock'!H9="OCCUPIED",ISNUMBER('Master Stock'!J9),'Master Stock'!K9=""),SUMPRODUCT(--('Master Stock'!$D$2:$D$1000<>""),--('Master Stock'!$H$2:$H$1000="OCCUPIED"),--ISNUMBER('Master Stock'!$J$2:$J$1000),--('Master Stock'!$K$2:$K$1000=""),--('Master Stock'!$J$2:$J$1000<'Master Stock'!J9))+COUNTIFS('Master Stock'!$J$2:J9,'Master Stock'!J9,'Master Stock'!$D$2:D9,"<>",'Master Stock'!$H$2:H9,"OCCUPIED",'Master Stock'!$K$2:K9,""),"") | V9: =IF(AND('Master Stock'!D9<>"",'Master Stock'!H9="OCCUPIED",ISNUMBER('Master Stock'!L9),'Master Stock'!L9<TODAY()-30),SUMPRODUCT(--('Master Stock'!$D$2:$D$1000<>""),--('Master Stock'!$H$2:$H$1000="OCCUPIED"),--ISNUMBER('Master Stock'!$L$2:$L$1000),--('Master Stock'!$L$2:$L$1000<TODAY()-30),--('Master Stock'!$L$2:$L$1000<'Master Stock'!L9))+COUNTIFS('Master Stock'!$L$2:L9,'Master Stock'!L9,'Master Stock'!$D$2:D9,"<>",'Master Stock'!$H$2:H9,"OCCUPIED"),"")
A10: Wheat | B10: =COUNTIFS('Master Stock'!$D$2:$D$1000,"<>",'Master Stock'!$G$2:$G$1000,"*WHEAT*") | F10: Clear | G10: =MAX(0,$C$2-$G$3) | U10: =IF(AND('Master Stock'!D10<>"",'Master Stock'!H10="OCCUPIED",ISNUMBER('Master Stock'!J10),'Master Stock'!K10=""),SUMPRODUCT(--('Master Stock'!$D$2:$D$1000<>""),--('Master Stock'!$H$2:$H$1000="OCCUPIED"),--ISNUMBER('Master Stock'!$J$2:$J$1000),--('Master Stock'!$K$2:$K$1000=""),--('Master Stock'!$J$2:$J$1000<'Master Stock'!J10))+COUNTIFS('Master Stock'!$J$2:J10,'Master Stock'!J10,'Master Stock'!$D$2:D10,"<>",'Master Stock'!$H$2:H10,"OCCUPIED",'Master Stock'!$K$2:K10,""),"") | V10: =IF(AND('Master Stock'!D10<>"",'Master Stock'!H10="OCCUPIED",ISNUMBER('Master Stock'!L10),'Master Stock'!L10<TODAY()-30),SUMPRODUCT(--('Master Stock'!$D$2:$D$1000<>""),--('Master Stock'!$H$2:$H$1000="OCCUPIED"),--ISNUMBER('Master Stock'!$L$2:$L$1000),--('Master Stock'!$L$2:$L$1000<TODAY()-30),--('Master Stock'!$L$2:$L$1000<'Master Stock'!L10))+COUNTIFS('Master Stock'!$L$2:L10,'Master Stock'!L10,'Master Stock'!$D$2:D10,"<>",'Master Stock'!$H$2:H10,"OCCUPIED"),"")
A11: Rice (FRK + RRA) | B11: =COUNTIFS('Master Stock'!$D$2:$D$1000,"<>",'Master Stock'!$G$2:$G$1000,"*FRK*",'Master Stock'!$G$2:$G$1000,"*RRA*") | F11: Infested / Under Cover | G11: =$G$3 | U11: =IF(AND('Master Stock'!D11<>"",'Master Stock'!H11="OCCUPIED",ISNUMBER('Master Stock'!J11),'Master Stock'!K11=""),SUMPRODUCT(--('Master Stock'!$D$2:$D$1000<>""),--('Master Stock'!$H$2:$H$1000="OCCUPIED"),--ISNUMBER('Master Stock'!$J$2:$J$1000),--('Master Stock'!$K$2:$K$1000=""),--('Master Stock'!$J$2:$J$1000<'Master Stock'!J11))+COUNTIFS('Master Stock'!$J$2:J11,'Master Stock'!J11,'Master Stock'!$D$2:D11,"<>",'Master Stock'!$H$2:H11,"OCCUPIED",'Master Stock'!$K$2:K11,""),"") | V11: =IF(AND('Master Stock'!D11<>"",'Master Stock'!H11="OCCUPIED",ISNUMBER('Master Stock'!L11),'Master Stock'!L11<TODAY()-30),SUMPRODUCT(--('Master Stock'!$D$2:$D$1000<>""),--('Master Stock'!$H$2:$H$1000="OCCUPIED"),--ISNUMBER('Master Stock'!$L$2:$L$1000),--('Master Stock'!$L$2:$L$1000<TODAY()-30),--('Master Stock'!$L$2:$L$1000<'Master Stock'!L11))+COUNTIFS('Master Stock'!$L$2:L11,'Master Stock'!L11,'Master Stock'!$D$2:D11,"<>",'Master Stock'!$H$2:H11,"OCCUPIED"),"")
A12: Empty Stack | B12: =COUNTIFS('Master Stock'!$D$2:$D$1000,"<>",'Master Stock'!$H$2:$H$1000,"EMPTY") | F12: Fumigation Due | G12: =$I$3 | K12: SEARCH STACK | U12: =IF(AND('Master Stock'!D12<>"",'Master Stock'!H12="OCCUPIED",ISNUMBER('Master Stock'!J12),'Master Stock'!K12=""),SUMPRODUCT(--('Master Stock'!$D$2:$D$1000<>""),--('Master Stock'!$H$2:$H$1000="OCCUPIED"),--ISNUMBER('Master Stock'!$J$2:$J$1000),--('Master Stock'!$K$2:$K$1000=""),--('Master Stock'!$J$2:$J$1000<'Master Stock'!J12))+COUNTIFS('Master Stock'!$J$2:J12,'Master Stock'!J12,'Master Stock'!$D$2:D12,"<>",'Master Stock'!$H$2:H12,"OCCUPIED",'Master Stock'!$K$2:K12,""),"") | V12: =IF(AND('Master Stock'!D12<>"",'Master Stock'!H12="OCCUPIED",ISNUMBER('Master Stock'!L12),'Master Stock'!L12<TODAY()-30),SUMPRODUCT(--('Master Stock'!$D$2:$D$1000<>""),--('Master Stock'!$H$2:$H$1000="OCCUPIED"),--ISNUMBER('Master Stock'!$L$2:$L$1000),--('Master Stock'!$L$2:$L$1000<TODAY()-30),--('Master Stock'!$L$2:$L$1000<'Master Stock'!L12))+COUNTIFS('Master Stock'!$L$2:L12,'Master Stock'!L12,'Master Stock'!$D$2:D12,"<>",'Master Stock'!$H$2:H12,"OCCUPIED"),"")
A13: TOTAL | B13: =SUM(B10:B12) | K13: 14A02 | U13: =IF(AND('Master Stock'!D13<>"",'Master Stock'!H13="OCCUPIED",ISNUMBER('Master Stock'!J13),'Master Stock'!K13=""),SUMPRODUCT(--('Master Stock'!$D$2:$D$1000<>""),--('Master Stock'!$H$2:$H$1000="OCCUPIED"),--ISNUMBER('Master Stock'!$J$2:$J$1000),--('Master Stock'!$K$2:$K$1000=""),--('Master Stock'!$J$2:$J$1000<'Master Stock'!J13))+COUNTIFS('Master Stock'!$J$2:J13,'Master Stock'!J13,'Master Stock'!$D$2:D13,"<>",'Master Stock'!$H$2:H13,"OCCUPIED",'Master Stock'!$K$2:K13,""),"") | V13: =IF(AND('Master Stock'!D13<>"",'Master Stock'!H13="OCCUPIED",ISNUMBER('Master Stock'!L13),'Master Stock'!L13<TODAY()-30),SUMPRODUCT(--('Master Stock'!$D$2:$D$1000<>""),--('Master Stock'!$H$2:$H$1000="OCCUPIED"),--ISNUMBER('Master Stock'!$L$2:$L$1000),--('Master Stock'!$L$2:$L$1000<TODAY()-30),--('Master Stock'!$L$2:$L$1000<'Master Stock'!L13))+COUNTIFS('Master Stock'!$L$2:L13,'Master Stock'!L13,'Master Stock'!$D$2:D13,"<>",'Master Stock'!$H$2:H13,"OCCUPIED"),"")
U14: =IF(AND('Master Stock'!D14<>"",'Master Stock'!H14="OCCUPIED",ISNUMBER('Master Stock'!J14),'Master Stock'!K14=""),SUMPRODUCT(--('Master Stock'!$D$2:$D$1000<>""),--('Master Stock'!$H$2:$H$1000="OCCUPIED"),--ISNUMBER('Master Stock'!$J$2:$J$1000),--('Master Stock'!$K$2:$K$1000=""),--('Master Stock'!$J$2:$J$1000<'Master Stock'!J14))+COUNTIFS('Master Stock'!$J$2:J14,'Master Stock'!J14,'Master Stock'!$D$2:D14,"<>",'Master Stock'!$H$2:H14,"OCCUPIED",'Master Stock'!$K$2:K14,""),"") | V14: =IF(AND('Master Stock'!D14<>"",'Master Stock'!H14="OCCUPIED",ISNUMBER('Master Stock'!L14),'Master Stock'!L14<TODAY()-30),SUMPRODUCT(--('Master Stock'!$D$2:$D$1000<>""),--('Master Stock'!$H$2:$H$1000="OCCUPIED"),--ISNUMBER('Master Stock'!$L$2:$L$1000),--('Master Stock'!$L$2:$L$1000<TODAY()-30),--('Master Stock'!$L$2:$L$1000<'Master Stock'!L14))+COUNTIFS('Master Stock'!$L$2:L14,'Master Stock'!L14,'Master Stock'!$D$2:D14,"<>",'Master Stock'!$H$2:H14,"OCCUPIED"),"")
U15: =IF(AND('Master Stock'!D15<>"",'Master Stock'!H15="OCCUPIED",ISNUMBER('Master Stock'!J15),'Master Stock'!K15=""),SUMPRODUCT(--('Master Stock'!$D$2:$D$1000<>""),--('Master Stock'!$H$2:$H$1000="OCCUPIED"),--ISNUMBER('Master Stock'!$J$2:$J$1000),--('Master Stock'!$K$2:$K$1000=""),--('Master Stock'!$J$2:$J$1000<'Master Stock'!J15))+COUNTIFS('Master Stock'!$J$2:J15,'Master Stock'!J15,'Master Stock'!$D$2:D15,"<>",'Master Stock'!$H$2:H15,"OCCUPIED",'Master Stock'!$K$2:K15,""),"") | V15: =IF(AND('Master Stock'!D15<>"",'Master Stock'!H15="OCCUPIED",ISNUMBER('Master Stock'!L15),'Master Stock'!L15<TODAY()-30),SUMPRODUCT(--('Master Stock'!$D$2:$D$1000<>""),--('Master Stock'!$H$2:$H$1000="OCCUPIED"),--ISNUMBER('Master Stock'!$L$2:$L$1000),--('Master Stock'!$L$2:$L$1000<TODAY()-30),--('Master Stock'!$L$2:$L$1000<'Master Stock'!L15))+COUNTIFS('Master Stock'!$L$2:L15,'Master Stock'!L15,'Master Stock'!$D$2:D15,"<>",'Master Stock'!$H$2:H15,"OCCUPIED"),"")
K16: Stack No. | L16: {=IF($K$13="","",IFERROR(INDEX('Master Stock'!$D$2:$D$1000,MATCH($K$13,'Master Stock'!$D$2:$D$1000,0)),""))} | U16: =IF(AND('Master Stock'!D16<>"",'Master Stock'!H16="OCCUPIED",ISNUMBER('Master Stock'!J16),'Master Stock'!K16=""),SUMPRODUCT(--('Master Stock'!$D$2:$D$1000<>""),--('Master Stock'!$H$2:$H$1000="OCCUPIED"),--ISNUMBER('Master Stock'!$J$2:$J$1000),--('Master Stock'!$K$2:$K$1000=""),--('Master Stock'!$J$2:$J$1000<'Master Stock'!J16))+COUNTIFS('Master Stock'!$J$2:J16,'Master Stock'!J16,'Master Stock'!$D$2:D16,"<>",'Master Stock'!$H$2:H16,"OCCUPIED",'Master Stock'!$K$2:K16,""),"") | V16: =IF(AND('Master Stock'!D16<>"",'Master Stock'!H16="OCCUPIED",ISNUMBER('Master Stock'!L16),'Master Stock'!L16<TODAY()-30),SUMPRODUCT(--('Master Stock'!$D$2:$D$1000<>""),--('Master Stock'!$H$2:$H$1000="OCCUPIED"),--ISNUMBER('Master Stock'!$L$2:$L$1000),--('Master Stock'!$L$2:$L$1000<TODAY()-30),--('Master Stock'!$L$2:$L$1000<'Master Stock'!L16))+COUNTIFS('Master Stock'!$L$2:L16,'Master Stock'!L16,'Master Stock'!$D$2:D16,"<>",'Master Stock'!$H$2:H16,"OCCUPIED"),"")
K17: Commodity | L17: {=IF($K$13="","",IFERROR(INDEX('Master Stock'!$G$2:$G$1000,MATCH($K$13,'Master Stock'!$D$2:$D$1000,0)),""))} | U17: =IF(AND('Master Stock'!D17<>"",'Master Stock'!H17="OCCUPIED",ISNUMBER('Master Stock'!J17),'Master Stock'!K17=""),SUMPRODUCT(--('Master Stock'!$D$2:$D$1000<>""),--('Master Stock'!$H$2:$H$1000="OCCUPIED"),--ISNUMBER('Master Stock'!$J$2:$J$1000),--('Master Stock'!$K$2:$K$1000=""),--('Master Stock'!$J$2:$J$1000<'Master Stock'!J17))+COUNTIFS('Master Stock'!$J$2:J17,'Master Stock'!J17,'Master Stock'!$D$2:D17,"<>",'Master Stock'!$H$2:H17,"OCCUPIED",'Master Stock'!$K$2:K17,""),"") | V17: =IF(AND('Master Stock'!D17<>"",'Master Stock'!H17="OCCUPIED",ISNUMBER('Master Stock'!L17),'Master Stock'!L17<TODAY()-30),SUMPRODUCT(--('Master Stock'!$D$2:$D$1000<>""),--('Master Stock'!$H$2:$H$1000="OCCUPIED"),--ISNUMBER('Master Stock'!$L$2:$L$1000),--('Master Stock'!$L$2:$L$1000<TODAY()-30),--('Master Stock'!$L$2:$L$1000<'Master Stock'!L17))+COUNTIFS('Master Stock'!$L$2:L17,'Master Stock'!L17,'Master Stock'!$D$2:D17,"<>",'Master Stock'!$H$2:H17,"OCCUPIED"),"")
K18: Date of Receipt | L18: {=IF($K$13="","",IFERROR(INDEX('Master Stock'!$B$2:$B$1000,MATCH($K$13,'Master Stock'!$D$2:$D$1000,0)),""))} | U18: =IF(AND('Master Stock'!D18<>"",'Master Stock'!H18="OCCUPIED",ISNUMBER('Master Stock'!J18),'Master Stock'!K18=""),SUMPRODUCT(--('Master Stock'!$D$2:$D$1000<>""),--('Master Stock'!$H$2:$H$1000="OCCUPIED"),--ISNUMBER('Master Stock'!$J$2:$J$1000),--('Master Stock'!$K$2:$K$1000=""),--('Master Stock'!$J$2:$J$1000<'Master Stock'!J18))+COUNTIFS('Master Stock'!$J$2:J18,'Master Stock'!J18,'Master Stock'!$D$2:D18,"<>",'Master Stock'!$H$2:H18,"OCCUPIED",'Master Stock'!$K$2:K18,""),"") | V18: =IF(AND('Master Stock'!D18<>"",'Master Stock'!H18="OCCUPIED",ISNUMBER('Master Stock'!L18),'Master Stock'!L18<TODAY()-30),SUMPRODUCT(--('Master Stock'!$D$2:$D$1000<>""),--('Master Stock'!$H$2:$H$1000="OCCUPIED"),--ISNUMBER('Master Stock'!$L$2:$L$1000),--('Master Stock'!$L$2:$L$1000<TODAY()-30),--('Master Stock'!$L$2:$L$1000<'Master Stock'!L18))+COUNTIFS('Master Stock'!$L$2:L18,'Master Stock'!L18,'Master Stock'!$D$2:D18,"<>",'Master Stock'!$H$2:H18,"OCCUPIED"),"")
A19: 🐞 INFESTED / UNDER COVER DETAILS | E19: 🧯 FUMIGATION DUE DETAILS | K19: Last Fumigation | L19: {=IF($K$13="","",IFERROR(INDEX('Master Stock'!$L$2:$L$1000,MATCH($K$13,'Master Stock'!$D$2:$D$1000,0)),""))} | U19: =IF(AND('Master Stock'!D19<>"",'Master Stock'!H19="OCCUPIED",ISNUMBER('Master Stock'!J19),'Master Stock'!K19=""),SUMPRODUCT(--('Master Stock'!$D$2:$D$1000<>""),--('Master Stock'!$H$2:$H$1000="OCCUPIED"),--ISNUMBER('Master Stock'!$J$2:$J$1000),--('Master Stock'!$K$2:$K$1000=""),--('Master Stock'!$J$2:$J$1000<'Master Stock'!J19))+COUNTIFS('Master Stock'!$J$2:J19,'Master Stock'!J19,'Master Stock'!$D$2:D19,"<>",'Master Stock'!$H$2:H19,"OCCUPIED",'Master Stock'!$K$2:K19,""),"") | V19: =IF(AND('Master Stock'!D19<>"",'Master Stock'!H19="OCCUPIED",ISNUMBER('Master Stock'!L19),'Master Stock'!L19<TODAY()-30),SUMPRODUCT(--('Master Stock'!$D$2:$D$1000<>""),--('Master Stock'!$H$2:$H$1000="OCCUPIED"),--ISNUMBER('Master Stock'!$L$2:$L$1000),--('Master Stock'!$L$2:$L$1000<TODAY()-30),--('Master Stock'!$L$2:$L$1000<'Master Stock'!L19))+COUNTIFS('Master Stock'!$L$2:L19,'Master Stock'!L19,'Master Stock'!$D$2:D19,"<>",'Master Stock'!$H$2:H19,"OCCUPIED"),"")
A20: Stack No. | B20: Commodity | C20: Fumigation Date | D20: Days | E20: Stack No. | F20: Commodity | G20: Last Fumigation | H20: Days | K20: Fumigation Days | L20: =IF(L19="","",MAX(0,TODAY()-L19)) | U20: =IF(AND('Master Stock'!D20<>"",'Master Stock'!H20="OCCUPIED",ISNUMBER('Master Stock'!J20),'Master Stock'!K20=""),SUMPRODUCT(--('Master Stock'!$D$2:$D$1000<>""),--('Master Stock'!$H$2:$H$1000="OCCUPIED"),--ISNUMBER('Master Stock'!$J$2:$J$1000),--('Master Stock'!$K$2:$K$1000=""),--('Master Stock'!$J$2:$J$1000<'Master Stock'!J20))+COUNTIFS('Master Stock'!$J$2:J20,'Master Stock'!J20,'Master Stock'!$D$2:D20,"<>",'Master Stock'!$H$2:H20,"OCCUPIED",'Master Stock'!$K$2:K20,""),"") | V20: =IF(AND('Master Stock'!D20<>"",'Master Stock'!H20="OCCUPIED",ISNUMBER('Master Stock'!L20),'Master Stock'!L20<TODAY()-30),SUMPRODUCT(--('Master Stock'!$D$2:$D$1000<>""),--('Master Stock'!$H$2:$H$1000="OCCUPIED"),--ISNUMBER('Master Stock'!$L$2:$L$1000),--('Master Stock'!$L$2:$L$1000<TODAY()-30),--('Master Stock'!$L$2:$L$1000<'Master Stock'!L20))+COUNTIFS('Master Stock'!$L$2:L20,'Master Stock'!L20,'Master Stock'!$D$2:D20,"<>",'Master Stock'!$H$2:H20,"OCCUPIED"),"")
A21: {=IFERROR(INDEX('Master Stock'!$D$2:$D$1000,MATCH(1,$U$2:$U$999,0)),"")} | B21: {=IFERROR(INDEX('Master Stock'!$G$2:$G$1000,MATCH(1,$U$2:$U$999,0)),"")} | C21: {=IFERROR(INDEX('Master Stock'!$J$2:$J$1000,MATCH(1,$U$2:$U$999,0)),"")} | D21: =IF(C21="","",MAX(0,TODAY()-C21)) | E21: {=IFERROR(INDEX('Master Stock'!$D$2:$D$1000,MATCH(1,$V$2:$V$999,0)),"")} | F21: {=IFERROR(INDEX('Master Stock'!$G$2:$G$1000,MATCH(1,$V$2:$V$999,0)),"")} | G21: {=IFERROR(INDEX('Master Stock'!$L$2:$L$1000,MATCH(1,$V$2:$V$999,0)),"")} | H21: =IF(G21="","",MAX(0,TODAY()-G21)) | K21: Status | L21: {=IF(L16="","",IF(AND(INDEX('Master Stock'!$J$2:$J$1000,MATCH($K$13,'Master Stock'!$D$2:$D$1000,0))<>"",INDEX('Master Stock'!$K$2:$K$1000,MATCH($K$13,'Master Stock'!$D$2:$D$1000,0))=""),"INFESTED / UNDER COVER",IF(AND(L19<>"",L20>30),"FUMIGATION DUE","CLEAR")))} | U21: =IF(AND('Master Stock'!D21<>"",'Master Stock'!H21="OCCUPIED",ISNUMBER('Master Stock'!J21),'Master Stock'!K21=""),SUMPRODUCT(--('Master Stock'!$D$2:$D$1000<>""),--('Master Stock'!$H$2:$H$1000="OCCUPIED"),--ISNUMBER('Master Stock'!$J$2:$J$1000),--('Master Stock'!$K$2:$K$1000=""),--('Master Stock'!$J$2:$J$1000<'Master Stock'!J21))+COUNTIFS('Master Stock'!$J$2:J21,'Master Stock'!J21,'Master Stock'!$D$2:D21,"<>",'Master Stock'!$H$2:H21,"OCCUPIED",'Master Stock'!$K$2:K21,""),"") | V21: =IF(AND('Master Stock'!D21<>"",'Master Stock'!H21="OCCUPIED",ISNUMBER('Master Stock'!L21),'Master Stock'!L21<TODAY()-30),SUMPRODUCT(--('Master Stock'!$D$2:$D$1000<>""),--('Master Stock'!$H$2:$H$1000="OCCUPIED"),--ISNUMBER('Master Stock'!$L$2:$L$1000),--('Master Stock'!$L$2:$L$1000<TODAY()-30),--('Master Stock'!$L$2:$L$1000<'Master Stock'!L21))+COUNTIFS('Master Stock'!$L$2:L21,'Master Stock'!L21,'Master Stock'!$D$2:D21,"<>",'Master Stock'!$H$2:H21,"OCCUPIED"),"")
A22: {=IFERROR(INDEX('Master Stock'!$D$2:$D$1000,MATCH(2,$U$2:$U$999,0)),"")} | B22: {=IFERROR(INDEX('Master Stock'!$G$2:$G$1000,MATCH(2,$U$2:$U$999,0)),"")} | C22: {=IFERROR(INDEX('Master Stock'!$J$2:$J$1000,MATCH(2,$U$2:$U$999,0)),"")} | D22: =IF(C22="","",MAX(0,TODAY()-C22)) | E22: {=IFERROR(INDEX('Master Stock'!$D$2:$D$1000,MATCH(2,$V$2:$V$999,0)),"")} | F22: {=IFERROR(INDEX('Master Stock'!$G$2:$G$1000,MATCH(2,$V$2:$V$999,0)),"")} | G22: {=IFERROR(INDEX('Master Stock'!$L$2:$L$1000,MATCH(2,$V$2:$V$999,0)),"")} | H22: =IF(G22="","",MAX(0,TODAY()-G22)) | U22: =IF(AND('Master Stock'!D22<>"",'Master Stock'!H22="OCCUPIED",ISNUMBER('Master Stock'!J22),'Master Stock'!K22=""),SUMPRODUCT(--('Master Stock'!$D$2:$D$1000<>""),--('Master Stock'!$H$2:$H$1000="OCCUPIED"),--ISNUMBER('Master Stock'!$J$2:$J$1000),--('Master Stock'!$K$2:$K$1000=""),--('Master Stock'!$J$2:$J$1000<'Master Stock'!J22))+COUNTIFS('Master Stock'!$J$2:J22,'Master Stock'!J22,'Master Stock'!$D$2:D22,"<>",'Master Stock'!$H$2:H22,"OCCUPIED",'Master Stock'!$K$2:K22,""),"") | V22: =IF(AND('Master Stock'!D22<>"",'Master Stock'!H22="OCCUPIED",ISNUMBER('Master Stock'!L22),'Master Stock'!L22<TODAY()-30),SUMPRODUCT(--('Master Stock'!$D$2:$D$1000<>""),--('Master Stock'!$H$2:$H$1000="OCCUPIED"),--ISNUMBER('Master Stock'!$L$2:$L$1000),--('Master Stock'!$L$2:$L$1000<TODAY()-30),--('Master Stock'!$L$2:$L$1000<'Master Stock'!L22))+COUNTIFS('Master Stock'!$L$2:L22,'Master Stock'!L22,'Master Stock'!$D$2:D22,"<>",'Master Stock'!$H$2:H22,"OCCUPIED"),"")
A23: {=IFERROR(INDEX('Master Stock'!$D$2:$D$1000,MATCH(3,$U$2:$U$999,0)),"")} | B23: {=IFERROR(INDEX('Master Stock'!$G$2:$G$1000,MATCH(3,$U$2:$U$999,0)),"")} | C23: {=IFERROR(INDEX('Master Stock'!$J$2:$J$1000,MATCH(3,$U$2:$U$999,0)),"")} | D23: =IF(C23="","",MAX(0,TODAY()-C23)) | E23: {=IFERROR(INDEX('Master Stock'!$D$2:$D$1000,MATCH(3,$V$2:$V$999,0)),"")} | F23: {=IFERROR(INDEX('Master Stock'!$G$2:$G$1000,MATCH(3,$V$2:$V$999,0)),"")} | G23: {=IFERROR(INDEX('Master Stock'!$L$2:$L$1000,MATCH(3,$V$2:$V$999,0)),"")} | H23: =IF(G23="","",MAX(0,TODAY()-G23)) | U23: =IF(AND('Master Stock'!D23<>"",'Master Stock'!H23="OCCUPIED",ISNUMBER('Master Stock'!J23),'Master Stock'!K23=""),SUMPRODUCT(--('Master Stock'!$D$2:$D$1000<>""),--('Master Stock'!$H$2:$H$1000="OCCUPIED"),--ISNUMBER('Master Stock'!$J$2:$J$1000),--('Master Stock'!$K$2:$K$1000=""),--('Master Stock'!$J$2:$J$1000<'Master Stock'!J23))+COUNTIFS('Master Stock'!$J$2:J23,'Master Stock'!J23,'Master Stock'!$D$2:D23,"<>",'Master Stock'!$H$2:H23,"OCCUPIED",'Master Stock'!$K$2:K23,""),"") | V23: =IF(AND('Master Stock'!D23<>"",'Master Stock'!H23="OCCUPIED",ISNUMBER('Master Stock'!L23),'Master Stock'!L23<TODAY()-30),SUMPRODUCT(--('Master Stock'!$D$2:$D$1000<>""),--('Master Stock'!$H$2:$H$1000="OCCUPIED"),--ISNUMBER('Master Stock'!$L$2:$L$1000),--('Master Stock'!$L$2:$L$1000<TODAY()-30),--('Master Stock'!$L$2:$L$1000<'Master Stock'!L23))+COUNTIFS('Master Stock'!$L$2:L23,'Master Stock'!L23,'Master Stock'!$D$2:D23,"<>",'Master Stock'!$H$2:H23,"OCCUPIED"),"")
A24: {=IFERROR(INDEX('Master Stock'!$D$2:$D$1000,MATCH(4,$U$2:$U$999,0)),"")} | B24: {=IFERROR(INDEX('Master Stock'!$G$2:$G$1000,MATCH(4,$U$2:$U$999,0)),"")} | C24: {=IFERROR(INDEX('Master Stock'!$J$2:$J$1000,MATCH(4,$U$2:$U$999,0)),"")} | D24: =IF(C24="","",MAX(0,TODAY()-C24)) | E24: {=IFERROR(INDEX('Master Stock'!$D$2:$D$1000,MATCH(4,$V$2:$V$999,0)),"")} | F24: {=IFERROR(INDEX('Master Stock'!$G$2:$G$1000,MATCH(4,$V$2:$V$999,0)),"")} | G24: {=IFERROR(INDEX('Master Stock'!$L$2:$L$1000,MATCH(4,$V$2:$V$999,0)),"")} | H24: =IF(G24="","",MAX(0,TODAY()-G24)) | U24: =IF(AND('Master Stock'!D24<>"",'Master Stock'!H24="OCCUPIED",ISNUMBER('Master Stock'!J24),'Master Stock'!K24=""),SUMPRODUCT(--('Master Stock'!$D$2:$D$1000<>""),--('Master Stock'!$H$2:$H$1000="OCCUPIED"),--ISNUMBER('Master Stock'!$J$2:$J$1000),--('Master Stock'!$K$2:$K$1000=""),--('Master Stock'!$J$2:$J$1000<'Master Stock'!J24))+COUNTIFS('Master Stock'!$J$2:J24,'Master Stock'!J24,'Master Stock'!$D$2:D24,"<>",'Master Stock'!$H$2:H24,"OCCUPIED",'Master Stock'!$K$2:K24,""),"") | V24: =IF(AND('Master Stock'!D24<>"",'Master Stock'!H24="OCCUPIED",ISNUMBER('Master Stock'!L24),'Master Stock'!L24<TODAY()-30),SUMPRODUCT(--('Master Stock'!$D$2:$D$1000<>""),--('Master Stock'!$H$2:$H$1000="OCCUPIED"),--ISNUMBER('Master Stock'!$L$2:$L$1000),--('Master Stock'!$L$2:$L$1000<TODAY()-30),--('Master Stock'!$L$2:$L$1000<'Master Stock'!L24))+COUNTIFS('Master Stock'!$L$2:L24,'Master Stock'!L24,'Master Stock'!$D$2:D24,"<>",'Master Stock'!$H$2:H24,"OCCUPIED"),"")
A25: {=IFERROR(INDEX('Master Stock'!$D$2:$D$1000,MATCH(5,$U$2:$U$999,0)),"")} | B25: {=IFERROR(INDEX('Master Stock'!$G$2:$G$1000,MATCH(5,$U$2:$U$999,0)),"")} | C25: {=IFERROR(INDEX('Master Stock'!$J$2:$J$1000,MATCH(5,$U$2:$U$999,0)),"")} | D25: =IF(C25="","",MAX(0,TODAY()-C25)) | E25: {=IFERROR(INDEX('Master Stock'!$D$2:$D$1000,MATCH(5,$V$2:$V$999,0)),"")} | F25: {=IFERROR(INDEX('Master Stock'!$G$2:$G$1000,MATCH(5,$V$2:$V$999,0)),"")} | G25: {=IFERROR(INDEX('Master Stock'!$L$2:$L$1000,MATCH(5,$V$2:$V$999,0)),"")} | H25: =IF(G25="","",MAX(0,TODAY()-G25)) | U25: =IF(AND('Master Stock'!D25<>"",'Master Stock'!H25="OCCUPIED",ISNUMBER('Master Stock'!J25),'Master Stock'!K25=""),SUMPRODUCT(--('Master Stock'!$D$2:$D$1000<>""),--('Master Stock'!$H$2:$H$1000="OCCUPIED"),--ISNUMBER('Master Stock'!$J$2:$J$1000),--('Master Stock'!$K$2:$K$1000=""),--('Master Stock'!$J$2:$J$1000<'Master Stock'!J25))+COUNTIFS('Master Stock'!$J$2:J25,'Master Stock'!J25,'Master Stock'!$D$2:D25,"<>",'Master Stock'!$H$2:H25,"OCCUPIED",'Master Stock'!$K$2:K25,""),"") | V25: =IF(AND('Master Stock'!D25<>"",'Master Stock'!H25="OCCUPIED",ISNUMBER('Master Stock'!L25),'Master Stock'!L25<TODAY()-30),SUMPRODUCT(--('Master Stock'!$D$2:$D$1000<>""),--('Master Stock'!$H$2:$H$1000="OCCUPIED"),--ISNUMBER('Master Stock'!$L$2:$L$1000),--('Master Stock'!$L$2:$L$1000<TODAY()-30),--('Master Stock'!$L$2:$L$1000<'Master Stock'!L25))+COUNTIFS('Master Stock'!$L$2:L25,'Master Stock'!L25,'Master Stock'!$D$2:D25,"<>",'Master Stock'!$H$2:H25,"OCCUPIED"),"")
A26: {=IFERROR(INDEX('Master Stock'!$D$2:$D$1000,MATCH(6,$U$2:$U$999,0)),"")} | B26: {=IFERROR(INDEX('Master Stock'!$G$2:$G$1000,MATCH(6,$U$2:$U$999,0)),"")} | C26: {=IFERROR(INDEX('Master Stock'!$J$2:$J$1000,MATCH(6,$U$2:$U$999,0)),"")} | D26: =IF(C26="","",MAX(0,TODAY()-C26)) | E26: {=IFERROR(INDEX('Master Stock'!$D$2:$D$1000,MATCH(6,$V$2:$V$999,0)),"")} | F26: {=IFERROR(INDEX('Master Stock'!$G$2:$G$1000,MATCH(6,$V$2:$V$999,0)),"")} | G26: {=IFERROR(INDEX('Master Stock'!$L$2:$L$1000,MATCH(6,$V$2:$V$999,0)),"")} | H26: =IF(G26="","",MAX(0,TODAY()-G26)) | U26: =IF(AND('Master Stock'!D26<>"",'Master Stock'!H26="OCCUPIED",ISNUMBER('Master Stock'!J26),'Master Stock'!K26=""),SUMPRODUCT(--('Master Stock'!$D$2:$D$1000<>""),--('Master Stock'!$H$2:$H$1000="OCCUPIED"),--ISNUMBER('Master Stock'!$J$2:$J$1000),--('Master Stock'!$K$2:$K$1000=""),--('Master Stock'!$J$2:$J$1000<'Master Stock'!J26))+COUNTIFS('Master Stock'!$J$2:J26,'Master Stock'!J26,'Master Stock'!$D$2:D26,"<>",'Master Stock'!$H$2:H26,"OCCUPIED",'Master Stock'!$K$2:K26,""),"") | V26: =IF(AND('Master Stock'!D26<>"",'Master Stock'!H26="OCCUPIED",ISNUMBER('Master Stock'!L26),'Master Stock'!L26<TODAY()-30),SUMPRODUCT(--('Master Stock'!$D$2:$D$1000<>""),--('Master Stock'!$H$2:$H$1000="OCCUPIED"),--ISNUMBER('Master Stock'!$L$2:$L$1000),--('Master Stock'!$L$2:$L$1000<TODAY()-30),--('Master Stock'!$L$2:$L$1000<'Master Stock'!L26))+COUNTIFS('Master Stock'!$L$2:L26,'Master Stock'!L26,'Master Stock'!$D$2:D26,"<>",'Master Stock'!$H$2:H26,"OCCUPIED"),"")
A27: {=IFERROR(INDEX('Master Stock'!$D$2:$D$1000,MATCH(7,$U$2:$U$999,0)),"")} | B27: {=IFERROR(INDEX('Master Stock'!$G$2:$G$1000,MATCH(7,$U$2:$U$999,0)),"")} | C27: {=IFERROR(INDEX('Master Stock'!$J$2:$J$1000,MATCH(7,$U$2:$U$999,0)),"")} | D27: =IF(C27="","",MAX(0,TODAY()-C27)) | E27: {=IFERROR(INDEX('Master Stock'!$D$2:$D$1000,MATCH(7,$V$2:$V$999,0)),"")} | F27: {=IFERROR(INDEX('Master Stock'!$G$2:$G$1000,MATCH(7,$V$2:$V$999,0)),"")} | G27: {=IFERROR(INDEX('Master Stock'!$L$2:$L$1000,MATCH(7,$V$2:$V$999,0)),"")} | H27: =IF(G27="","",MAX(0,TODAY()-G27)) | U27: =IF(AND('Master Stock'!D27<>"",'Master Stock'!H27="OCCUPIED",ISNUMBER('Master Stock'!J27),'Master Stock'!K27=""),SUMPRODUCT(--('Master Stock'!$D$2:$D$1000<>""),--('Master Stock'!$H$2:$H$1000="OCCUPIED"),--ISNUMBER('Master Stock'!$J$2:$J$1000),--('Master Stock'!$K$2:$K$1000=""),--('Master Stock'!$J$2:$J$1000<'Master Stock'!J27))+COUNTIFS('Master Stock'!$J$2:J27,'Master Stock'!J27,'Master Stock'!$D$2:D27,"<>",'Master Stock'!$H$2:H27,"OCCUPIED",'Master Stock'!$K$2:K27,""),"") | V27: =IF(AND('Master Stock'!D27<>"",'Master Stock'!H27="OCCUPIED",ISNUMBER('Master Stock'!L27),'Master Stock'!L27<TODAY()-30),SUMPRODUCT(--('Master Stock'!$D$2:$D$1000<>""),--('Master Stock'!$H$2:$H$1000="OCCUPIED"),--ISNUMBER('Master Stock'!$L$2:$L$1000),--('Master Stock'!$L$2:$L$1000<TODAY()-30),--('Master Stock'!$L$2:$L$1000<'Master Stock'!L27))+COUNTIFS('Master Stock'!$L$2:L27,'Master Stock'!L27,'Master Stock'!$D$2:D27,"<>",'Master Stock'!$H$2:H27,"OCCUPIED"),"")
A28: {=IFERROR(INDEX('Master Stock'!$D$2:$D$1000,MATCH(8,$U$2:$U$999,0)),"")} | B28: {=IFERROR(INDEX('Master Stock'!$G$2:$G$1000,MATCH(8,$U$2:$U$999,0)),"")} | C28: {=IFERROR(INDEX('Master Stock'!$J$2:$J$1000,MATCH(8,$U$2:$U$999,0)),"")} | D28: =IF(C28="","",MAX(0,TODAY()-C28)) | E28: {=IFERROR(INDEX('Master Stock'!$D$2:$D$1000,MATCH(8,$V$2:$V$999,0)),"")} | F28: {=IFERROR(INDEX('Master Stock'!$G$2:$G$1000,MATCH(8,$V$2:$V$999,0)),"")} | G28: {=IFERROR(INDEX('Master Stock'!$L$2:$L$1000,MATCH(8,$V$2:$V$999,0)),"")} | H28: =IF(G28="","",MAX(0,TODAY()-G28)) | U28: =IF(AND('Master Stock'!D28<>"",'Master Stock'!H28="OCCUPIED",ISNUMBER('Master Stock'!J28),'Master Stock'!K28=""),SUMPRODUCT(--('Master Stock'!$D$2:$D$1000<>""),--('Master Stock'!$H$2:$H$1000="OCCUPIED"),--ISNUMBER('Master Stock'!$J$2:$J$1000),--('Master Stock'!$K$2:$K$1000=""),--('Master Stock'!$J$2:$J$1000<'Master Stock'!J28))+COUNTIFS('Master Stock'!$J$2:J28,'Master Stock'!J28,'Master Stock'!$D$2:D28,"<>",'Master Stock'!$H$2:H28,"OCCUPIED",'Master Stock'!$K$2:K28,""),"") | V28: =IF(AND('Master Stock'!D28<>"",'Master Stock'!H28="OCCUPIED",ISNUMBER('Master Stock'!L28),'Master Stock'!L28<TODAY()-30),SUMPRODUCT(--('Master Stock'!$D$2:$D$1000<>""),--('Master Stock'!$H$2:$H$1000="OCCUPIED"),--ISNUMBER('Master Stock'!$L$2:$L$1000),--('Master Stock'!$L$2:$L$1000<TODAY()-30),--('Master Stock'!$L$2:$L$1000<'Master Stock'!L28))+COUNTIFS('Master Stock'!$L$2:L28,'Master Stock'!L28,'Master Stock'!$D$2:D28,"<>",'Master Stock'!$H$2:H28,"OCCUPIED"),"")
A29: {=IFERROR(INDEX('Master Stock'!$D$2:$D$1000,MATCH(9,$U$2:$U$999,0)),"")} | B29: {=IFERROR(INDEX('Master Stock'!$G$2:$G$1000,MATCH(9,$U$2:$U$999,0)),"")} | C29: {=IFERROR(INDEX('Master Stock'!$J$2:$J$1000,MATCH(9,$U$2:$U$999,0)),"")} | D29: =IF(C29="","",MAX(0,TODAY()-C29)) | E29: {=IFERROR(INDEX('Master Stock'!$D$2:$D$1000,MATCH(9,$V$2:$V$999,0)),"")} | F29: {=IFERROR(INDEX('Master Stock'!$G$2:$G$1000,MATCH(9,$V$2:$V$999,0)),"")} | G29: {=IFERROR(INDEX('Master Stock'!$L$2:$L$1000,MATCH(9,$V$2:$V$999,0)),"")} | H29: =IF(G29="","",MAX(0,TODAY()-G29)) | U29: =IF(AND('Master Stock'!D29<>"",'Master Stock'!H29="OCCUPIED",ISNUMBER('Master Stock'!J29),'Master Stock'!K29=""),SUMPRODUCT(--('Master Stock'!$D$2:$D$1000<>""),--('Master Stock'!$H$2:$H$1000="OCCUPIED"),--ISNUMBER('Master Stock'!$J$2:$J$1000),--('Master Stock'!$K$2:$K$1000=""),--('Master Stock'!$J$2:$J$1000<'Master Stock'!J29))+COUNTIFS('Master Stock'!$J$2:J29,'Master Stock'!J29,'Master Stock'!$D$2:D29,"<>",'Master Stock'!$H$2:H29,"OCCUPIED",'Master Stock'!$K$2:K29,""),"") | V29: =IF(AND('Master Stock'!D29<>"",'Master Stock'!H29="OCCUPIED",ISNUMBER('Master Stock'!L29),'Master Stock'!L29<TODAY()-30),SUMPRODUCT(--('Master Stock'!$D$2:$D$1000<>""),--('Master Stock'!$H$2:$H$1000="OCCUPIED"),--ISNUMBER('Master Stock'!$L$2:$L$1000),--('Master Stock'!$L$2:$L$1000<TODAY()-30),--('Master Stock'!$L$2:$L$1000<'Master Stock'!L29))+COUNTIFS('Master Stock'!$L$2:L29,'Master Stock'!L29,'Master Stock'!$D$2:D29,"<>",'Master Stock'!$H$2:H29,"OCCUPIED"),"")
A30: {=IFERROR(INDEX('Master Stock'!$D$2:$D$1000,MATCH(10,$U$2:$U$999,0)),"")} | B30: {=IFERROR(INDEX('Master Stock'!$G$2:$G$1000,MATCH(10,$U$2:$U$999,0)),"")} | C30: {=IFERROR(INDEX('Master Stock'!$J$2:$J$1000,MATCH(10,$U$2:$U$999,0)),"")} | D30: =IF(C30="","",MAX(0,TODAY()-C30)) | E30: {=IFERROR(INDEX('Master Stock'!$D$2:$D$1000,MATCH(10,$V$2:$V$999,0)),"")} | F30: {=IFERROR(INDEX('Master Stock'!$G$2:$G$1000,MATCH(10,$V$2:$V$999,0)),"")} | G30: {=IFERROR(INDEX('Master Stock'!$L$2:$L$1000,MATCH(10,$V$2:$V$999,0)),"")} | H30: =IF(G30="","",MAX(0,TODAY()-G30)) | U30: =IF(AND('Master Stock'!D30<>"",'Master Stock'!H30="OCCUPIED",ISNUMBER('Master Stock'!J30),'Master Stock'!K30=""),SUMPRODUCT(--('Master Stock'!$D$2:$D$1000<>""),--('Master Stock'!$H$2:$H$1000="OCCUPIED"),--ISNUMBER('Master Stock'!$J$2:$J$1000),--('Master Stock'!$K$2:$K$1000=""),--('Master Stock'!$J$2:$J$1000<'Master Stock'!J30))+COUNTIFS('Master Stock'!$J$2:J30,'Master Stock'!J30,'Master Stock'!$D$2:D30,"<>",'Master Stock'!$H$2:H30,"OCCUPIED",'Master Stock'!$K$2:K30,""),"") | V30: =IF(AND('Master Stock'!D30<>"",'Master Stock'!H30="OCCUPIED",ISNUMBER('Master Stock'!L30),'Master Stock'!L30<TODAY()-30),SUMPRODUCT(--('Master Stock'!$D$2:$D$1000<>""),--('Master Stock'!$H$2:$H$1000="OCCUPIED"),--ISNUMBER('Master Stock'!$L$2:$L$1000),--('Master Stock'!$L$2:$L$1000<TODAY()-30),--('Master Stock'!$L$2:$L$1000<'Master Stock'!L30))+COUNTIFS('Master Stock'!$L$2:L30,'Master Stock'!L30,'Master Stock'!$D$2:D30,"<>",'Master Stock'!$H$2:H30,"OCCUPIED"),"")
A31: {=IFERROR(INDEX('Master Stock'!$D$2:$D$1000,MATCH(11,$U$2:$U$999,0)),"")} | B31: {=IFERROR(INDEX('Master Stock'!$G$2:$G$1000,MATCH(11,$U$2:$U$999,0)),"")} | C31: {=IFERROR(INDEX('Master Stock'!$J$2:$J$1000,MATCH(11,$U$2:$U$999,0)),"")} | D31: =IF(C31="","",MAX(0,TODAY()-C31)) | E31: {=IFERROR(INDEX('Master Stock'!$D$2:$D$1000,MATCH(11,$V$2:$V$999,0)),"")} | F31: {=IFERROR(INDEX('Master Stock'!$G$2:$G$1000,MATCH(11,$V$2:$V$999,0)),"")} | G31: {=IFERROR(INDEX('Master Stock'!$L$2:$L$1000,MATCH(11,$V$2:$V$999,0)),"")} | H31: =IF(G31="","",MAX(0,TODAY()-G31)) | U31: =IF(AND('Master Stock'!D31<>"",'Master Stock'!H31="OCCUPIED",ISNUMBER('Master Stock'!J31),'Master Stock'!K31=""),SUMPRODUCT(--('Master Stock'!$D$2:$D$1000<>""),--('Master Stock'!$H$2:$H$1000="OCCUPIED"),--ISNUMBER('Master Stock'!$J$2:$J$1000),--('Master Stock'!$K$2:$K$1000=""),--('Master Stock'!$J$2:$J$1000<'Master Stock'!J31))+COUNTIFS('Master Stock'!$J$2:J31,'Master Stock'!J31,'Master Stock'!$D$2:D31,"<>",'Master Stock'!$H$2:H31,"OCCUPIED",'Master Stock'!$K$2:K31,""),"") | V31: =IF(AND('Master Stock'!D31<>"",'Master Stock'!H31="OCCUPIED",ISNUMBER('Master Stock'!L31),'Master Stock'!L31<TODAY()-30),SUMPRODUCT(--('Master Stock'!$D$2:$D$1000<>""),--('Master Stock'!$H$2:$H$1000="OCCUPIED"),--ISNUMBER('Master Stock'!$L$2:$L$1000),--('Master Stock'!$L$2:$L$1000<TODAY()-30),--('Master Stock'!$L$2:$L$1000<'Master Stock'!L31))+COUNTIFS('Master Stock'!$L$2:L31,'Master Stock'!L31,'Master Stock'!$D$2:D31,"<>",'Master Stock'!$H$2:H31,"OCCUPIED"),"")
A32: {=IFERROR(INDEX('Master Stock'!$D$2:$D$1000,MATCH(12,$U$2:$U$999,0)),"")} | B32: {=IFERROR(INDEX('Master Stock'!$G$2:$G$1000,MATCH(12,$U$2:$U$999,0)),"")} | C32: {=IFERROR(INDEX('Master Stock'!$J$2:$J$1000,MATCH(12,$U$2:$U$999,0)),"")} | D32: =IF(C32="","",MAX(0,TODAY()-C32)) | E32: {=IFERROR(INDEX('Master Stock'!$D$2:$D$1000,MATCH(12,$V$2:$V$999,0)),"")} | F32: {=IFERROR(INDEX('Master Stock'!$G$2:$G$1000,MATCH(12,$V$2:$V$999,0)),"")} | G32: {=IFERROR(INDEX('Master Stock'!$L$2:$L$1000,MATCH(12,$V$2:$V$999,0)),"")} | H32: =IF(G32="","",MAX(0,TODAY()-G32)) | U32: =IF(AND('Master Stock'!D32<>"",'Master Stock'!H32="OCCUPIED",ISNUMBER('Master Stock'!J32),'Master Stock'!K32=""),SUMPRODUCT(--('Master Stock'!$D$2:$D$1000<>""),--('Master Stock'!$H$2:$H$1000="OCCUPIED"),--ISNUMBER('Master Stock'!$J$2:$J$1000),--('Master Stock'!$K$2:$K$1000=""),--('Master Stock'!$J$2:$J$1000<'Master Stock'!J32))+COUNTIFS('Master Stock'!$J$2:J32,'Master Stock'!J32,'Master Stock'!$D$2:D32,"<>",'Master Stock'!$H$2:H32,"OCCUPIED",'Master Stock'!$K$2:K32,""),"") | V32: =IF(AND('Master Stock'!D32<>"",'Master Stock'!H32="OCCUPIED",ISNUMBER('Master Stock'!L32),'Master Stock'!L32<TODAY()-30),SUMPRODUCT(--('Master Stock'!$D$2:$D$1000<>""),--('Master Stock'!$H$2:$H$1000="OCCUPIED"),--ISNUMBER('Master Stock'!$L$2:$L$1000),--('Master Stock'!$L$2:$L$1000<TODAY()-30),--('Master Stock'!$L$2:$L$1000<'Master Stock'!L32))+COUNTIFS('Master Stock'!$L$2:L32,'Master Stock'!L32,'Master Stock'!$D$2:D32,"<>",'Master Stock'!$H$2:H32,"OCCUPIED"),"")
A33: {=IFERROR(INDEX('Master Stock'!$D$2:$D$1000,MATCH(13,$U$2:$U$999,0)),"")} | B33: {=IFERROR(INDEX('Master Stock'!$G$2:$G$1000,MATCH(13,$U$2:$U$999,0)),"")} | C33: {=IFERROR(INDEX('Master Stock'!$J$2:$J$1000,MATCH(13,$U$2:$U$999,0)),"")} | D33: =IF(C33="","",MAX(0,TODAY()-C33)) | E33: {=IFERROR(INDEX('Master Stock'!$D$2:$D$1000,MATCH(13,$V$2:$V$999,0)),"")} | F33: {=IFERROR(INDEX('Master Stock'!$G$2:$G$1000,MATCH(13,$V$2:$V$999,0)),"")} | G33: {=IFERROR(INDEX('Master Stock'!$L$2:$L$1000,MATCH(13,$V$2:$V$999,0)),"")} | H33: =IF(G33="","",MAX(0,TODAY()-G33)) | U33: =IF(AND('Master Stock'!D33<>"",'Master Stock'!H33="OCCUPIED",ISNUMBER('Master Stock'!J33),'Master Stock'!K33=""),SUMPRODUCT(--('Master Stock'!$D$2:$D$1000<>""),--('Master Stock'!$H$2:$H$1000="OCCUPIED"),--ISNUMBER('Master Stock'!$J$2:$J$1000),--('Master Stock'!$K$2:$K$1000=""),--('Master Stock'!$J$2:$J$1000<'Master Stock'!J33))+COUNTIFS('Master Stock'!$J$2:J33,'Master Stock'!J33,'Master Stock'!$D$2:D33,"<>",'Master Stock'!$H$2:H33,"OCCUPIED",'Master Stock'!$K$2:K33,""),"") | V33: =IF(AND('Master Stock'!D33<>"",'Master Stock'!H33="OCCUPIED",ISNUMBER('Master Stock'!L33),'Master Stock'!L33<TODAY()-30),SUMPRODUCT(--('Master Stock'!$D$2:$D$1000<>""),--('Master Stock'!$H$2:$H$1000="OCCUPIED"),--ISNUMBER('Master Stock'!$L$2:$L$1000),--('Master Stock'!$L$2:$L$1000<TODAY()-30),--('Master Stock'!$L$2:$L$1000<'Master Stock'!L33))+COUNTIFS('Master Stock'!$L$2:L33,'Master Stock'!L33,'Master Stock'!$D$2:D33,"<>",'Master Stock'!$H$2:H33,"OCCUPIED"),"")
A34: {=IFERROR(INDEX('Master Stock'!$D$2:$D$1000,MATCH(14,$U$2:$U$999,0)),"")} | B34: {=IFERROR(INDEX('Master Stock'!$G$2:$G$1000,MATCH(14,$U$2:$U$999,0)),"")} | C34: {=IFERROR(INDEX('Master Stock'!$J$2:$J$1000,MATCH(14,$U$2:$U$999,0)),"")} | D34: =IF(C34="","",MAX(0,TODAY()-C34)) | E34: {=IFERROR(INDEX('Master Stock'!$D$2:$D$1000,MATCH(14,$V$2:$V$999,0)),"")} | F34: {=IFERROR(INDEX('Master Stock'!$G$2:$G$1000,MATCH(14,$V$2:$V$999,0)),"")} | G34: {=IFERROR(INDEX('Master Stock'!$L$2:$L$1000,MATCH(14,$V$2:$V$999,0)),"")} | H34: =IF(G34="","",MAX(0,TODAY()-G34)) | U34: =IF(AND('Master Stock'!D34<>"",'Master Stock'!H34="OCCUPIED",ISNUMBER('Master Stock'!J34),'Master Stock'!K34=""),SUMPRODUCT(--('Master Stock'!$D$2:$D$1000<>""),--('Master Stock'!$H$2:$H$1000="OCCUPIED"),--ISNUMBER('Master Stock'!$J$2:$J$1000),--('Master Stock'!$K$2:$K$1000=""),--('Master Stock'!$J$2:$J$1000<'Master Stock'!J34))+COUNTIFS('Master Stock'!$J$2:J34,'Master Stock'!J34,'Master Stock'!$D$2:D34,"<>",'Master Stock'!$H$2:H34,"OCCUPIED",'Master Stock'!$K$2:K34,""),"") | V34: =IF(AND('Master Stock'!D34<>"",'Master Stock'!H34="OCCUPIED",ISNUMBER('Master Stock'!L34),'Master Stock'!L34<TODAY()-30),SUMPRODUCT(--('Master Stock'!$D$2:$D$1000<>""),--('Master Stock'!$H$2:$H$1000="OCCUPIED"),--ISNUMBER('Master Stock'!$L$2:$L$1000),--('Master Stock'!$L$2:$L$1000<TODAY()-30),--('Master Stock'!$L$2:$L$1000<'Master Stock'!L34))+COUNTIFS('Master Stock'!$L$2:L34,'Master Stock'!L34,'Master Stock'!$D$2:D34,"<>",'Master Stock'!$H$2:H34,"OCCUPIED"),"")
A35: {=IFERROR(INDEX('Master Stock'!$D$2:$D$1000,MATCH(15,$U$2:$U$999,0)),"")} | B35: {=IFERROR(INDEX('Master Stock'!$G$2:$G$1000,MATCH(15,$U$2:$U$999,0)),"")} | C35: {=IFERROR(INDEX('Master Stock'!$J$2:$J$1000,MATCH(15,$U$2:$U$999,0)),"")} | D35: =IF(C35="","",MAX(0,TODAY()-C35)) | E35: {=IFERROR(INDEX('Master Stock'!$D$2:$D$1000,MATCH(15,$V$2:$V$999,0)),"")} | F35: {=IFERROR(INDEX('Master Stock'!$G$2:$G$1000,MATCH(15,$V$2:$V$999,0)),"")} | G35: {=IFERROR(INDEX('Master Stock'!$L$2:$L$1000,MATCH(15,$V$2:$V$999,0)),"")} | H35: =IF(G35="","",MAX(0,TODAY()-G35)) | U35: =IF(AND('Master Stock'!D35<>"",'Master Stock'!H35="OCCUPIED",ISNUMBER('Master Stock'!J35),'Master Stock'!K35=""),SUMPRODUCT(--('Master Stock'!$D$2:$D$1000<>""),--('Master Stock'!$H$2:$H$1000="OCCUPIED"),--ISNUMBER('Master Stock'!$J$2:$J$1000),--('Master Stock'!$K$2:$K$1000=""),--('Master Stock'!$J$2:$J$1000<'Master Stock'!J35))+COUNTIFS('Master Stock'!$J$2:J35,'Master Stock'!J35,'Master Stock'!$D$2:D35,"<>",'Master Stock'!$H$2:H35,"OCCUPIED",'Master Stock'!$K$2:K35,""),"") | V35: =IF(AND('Master Stock'!D35<>"",'Master Stock'!H35="OCCUPIED",ISNUMBER('Master Stock'!L35),'Master Stock'!L35<TODAY()-30),SUMPRODUCT(--('Master Stock'!$D$2:$D$1000<>""),--('Master Stock'!$H$2:$H$1000="OCCUPIED"),--ISNUMBER('Master Stock'!$L$2:$L$1000),--('Master Stock'!$L$2:$L$1000<TODAY()-30),--('Master Stock'!$L$2:$L$1000<'Master Stock'!L35))+COUNTIFS('Master Stock'!$L$2:L35,'Master Stock'!L35,'Master Stock'!$D$2:D35,"<>",'Master Stock'!$H$2:H35,"OCCUPIED"),"")
A36: {=IFERROR(INDEX('Master Stock'!$D$2:$D$1000,MATCH(16,$U$2:$U$999,0)),"")} | B36: {=IFERROR(INDEX('Master Stock'!$G$2:$G$1000,MATCH(16,$U$2:$U$999,0)),"")} | C36: {=IFERROR(INDEX('Master Stock'!$J$2:$J$1000,MATCH(16,$U$2:$U$999,0)),"")} | D36: =IF(C36="","",MAX(0,TODAY()-C36)) | E36: {=IFERROR(INDEX('Master Stock'!$D$2:$D$1000,MATCH(16,$V$2:$V$999,0)),"")} | F36: {=IFERROR(INDEX('Master Stock'!$G$2:$G$1000,MATCH(16,$V$2:$V$999,0)),"")} | G36: {=IFERROR(INDEX('Master Stock'!$L$2:$L$1000,MATCH(16,$V$2:$V$999,0)),"")} | H36: =IF(G36="","",MAX(0,TODAY()-G36)) | U36: =IF(AND('Master Stock'!D36<>"",'Master Stock'!H36="OCCUPIED",ISNUMBER('Master Stock'!J36),'Master Stock'!K36=""),SUMPRODUCT(--('Master Stock'!$D$2:$D$1000<>""),--('Master Stock'!$H$2:$H$1000="OCCUPIED"),--ISNUMBER('Master Stock'!$J$2:$J$1000),--('Master Stock'!$K$2:$K$1000=""),--('Master Stock'!$J$2:$J$1000<'Master Stock'!J36))+COUNTIFS('Master Stock'!$J$2:J36,'Master Stock'!J36,'Master Stock'!$D$2:D36,"<>",'Master Stock'!$H$2:H36,"OCCUPIED",'Master Stock'!$K$2:K36,""),"") | V36: =IF(AND('Master Stock'!D36<>"",'Master Stock'!H36="OCCUPIED",ISNUMBER('Master Stock'!L36),'Master Stock'!L36<TODAY()-30),SUMPRODUCT(--('Master Stock'!$D$2:$D$1000<>""),--('Master Stock'!$H$2:$H$1000="OCCUPIED"),--ISNUMBER('Master Stock'!$L$2:$L$1000),--('Master Stock'!$L$2:$L$1000<TODAY()-30),--('Master Stock'!$L$2:$L$1000<'Master Stock'!L36))+COUNTIFS('Master Stock'!$L$2:L36,'Master Stock'!L36,'Master Stock'!$D$2:D36,"<>",'Master Stock'!$H$2:H36,"OCCUPIED"),"")
A37: {=IFERROR(INDEX('Master Stock'!$D$2:$D$1000,MATCH(17,$U$2:$U$999,0)),"")} | B37: {=IFERROR(INDEX('Master Stock'!$G$2:$G$1000,MATCH(17,$U$2:$U$999,0)),"")} | C37: {=IFERROR(INDEX('Master Stock'!$J$2:$J$1000,MATCH(17,$U$2:$U$999,0)),"")} | D37: =IF(C37="","",MAX(0,TODAY()-C37)) | E37: {=IFERROR(INDEX('Master Stock'!$D$2:$D$1000,MATCH(17,$V$2:$V$999,0)),"")} | F37: {=IFERROR(INDEX('Master Stock'!$G$2:$G$1000,MATCH(17,$V$2:$V$999,0)),"")} | G37: {=IFERROR(INDEX('Master Stock'!$L$2:$L$1000,MATCH(17,$V$2:$V$999,0)),"")} | H37: =IF(G37="","",MAX(0,TODAY()-G37)) | U37: =IF(AND('Master Stock'!D37<>"",'Master Stock'!H37="OCCUPIED",ISNUMBER('Master Stock'!J37),'Master Stock'!K37=""),SUMPRODUCT(--('Master Stock'!$D$2:$D$1000<>""),--('Master Stock'!$H$2:$H$1000="OCCUPIED"),--ISNUMBER('Master Stock'!$J$2:$J$1000),--('Master Stock'!$K$2:$K$1000=""),--('Master Stock'!$J$2:$J$1000<'Master Stock'!J37))+COUNTIFS('Master Stock'!$J$2:J37,'Master Stock'!J37,'Master Stock'!$D$2:D37,"<>",'Master Stock'!$H$2:H37,"OCCUPIED",'Master Stock'!$K$2:K37,""),"") | V37: =IF(AND('Master Stock'!D37<>"",'Master Stock'!H37="OCCUPIED",ISNUMBER('Master Stock'!L37),'Master Stock'!L37<TODAY()-30),SUMPRODUCT(--('Master Stock'!$D$2:$D$1000<>""),--('Master Stock'!$H$2:$H$1000="OCCUPIED"),--ISNUMBER('Master Stock'!$L$2:$L$1000),--('Master Stock'!$L$2:$L$1000<TODAY()-30),--('Master Stock'!$L$2:$L$1000<'Master Stock'!L37))+COUNTIFS('Master Stock'!$L$2:L37,'Master Stock'!L37,'Master Stock'!$D$2:D37,"<>",'Master Stock'!$H$2:H37,"OCCUPIED"),"")
A38: {=IFERROR(INDEX('Master Stock'!$D$2:$D$1000,MATCH(18,$U$2:$U$999,0)),"")} | B38: {=IFERROR(INDEX('Master Stock'!$G$2:$G$1000,MATCH(18,$U$2:$U$999,0)),"")} | C38: {=IFERROR(INDEX('Master Stock'!$J$2:$J$1000,MATCH(18,$U$2:$U$999,0)),"")} | D38: =IF(C38="","",MAX(0,TODAY()-C38)) | E38: {=IFERROR(INDEX('Master Stock'!$D$2:$D$1000,MATCH(18,$V$2:$V$999,0)),"")} | F38: {=IFERROR(INDEX('Master Stock'!$G$2:$G$1000,MATCH(18,$V$2:$V$999,0)),"")} | G38: {=IFERROR(INDEX('Master Stock'!$L$2:$L$1000,MATCH(18,$V$2:$V$999,0)),"")} | H38: =IF(G38="","",MAX(0,TODAY()-G38)) | U38: =IF(AND('Master Stock'!D38<>"",'Master Stock'!H38="OCCUPIED",ISNUMBER('Master Stock'!J38),'Master Stock'!K38=""),SUMPRODUCT(--('Master Stock'!$D$2:$D$1000<>""),--('Master Stock'!$H$2:$H$1000="OCCUPIED"),--ISNUMBER('Master Stock'!$J$2:$J$1000),--('Master Stock'!$K$2:$K$1000=""),--('Master Stock'!$J$2:$J$1000<'Master Stock'!J38))+COUNTIFS('Master Stock'!$J$2:J38,'Master Stock'!J38,'Master Stock'!$D$2:D38,"<>",'Master Stock'!$H$2:H38,"OCCUPIED",'Master Stock'!$K$2:K38,""),"") | V38: =IF(AND('Master Stock'!D38<>"",'Master Stock'!H38="OCCUPIED",ISNUMBER('Master Stock'!L38),'Master Stock'!L38<TODAY()-30),SUMPRODUCT(--('Master Stock'!$D$2:$D$1000<>""),--('Master Stock'!$H$2:$H$1000="OCCUPIED"),--ISNUMBER('Master Stock'!$L$2:$L$1000),--('Master Stock'!$L$2:$L$1000<TODAY()-30),--('Master Stock'!$L$2:$L$1000<'Master Stock'!L38))+COUNTIFS('Master Stock'!$L$2:L38,'Master Stock'!L38,'Master Stock'!$D$2:D38,"<>",'Master Stock'!$H$2:H38,"OCCUPIED"),"")
A39: {=IFERROR(INDEX('Master Stock'!$D$2:$D$1000,MATCH(19,$U$2:$U$999,0)),"")} | B39: {=IFERROR(INDEX('Master Stock'!$G$2:$G$1000,MATCH(19,$U$2:$U$999,0)),"")} | C39: {=IFERROR(INDEX('Master Stock'!$J$2:$J$1000,MATCH(19,$U$2:$U$999,0)),"")} | D39: =IF(C39="","",MAX(0,TODAY()-C39)) | E39: {=IFERROR(INDEX('Master Stock'!$D$2:$D$1000,MATCH(19,$V$2:$V$999,0)),"")} | F39: {=IFERROR(INDEX('Master Stock'!$G$2:$G$1000,MATCH(19,$V$2:$V$999,0)),"")} | G39: {=IFERROR(INDEX('Master Stock'!$L$2:$L$1000,MATCH(19,$V$2:$V$999,0)),"")} | H39: =IF(G39="","",MAX(0,TODAY()-G39)) | U39: =IF(AND('Master Stock'!D39<>"",'Master Stock'!H39="OCCUPIED",ISNUMBER('Master Stock'!J39),'Master Stock'!K39=""),SUMPRODUCT(--('Master Stock'!$D$2:$D$1000<>""),--('Master Stock'!$H$2:$H$1000="OCCUPIED"),--ISNUMBER('Master Stock'!$J$2:$J$1000),--('Master Stock'!$K$2:$K$1000=""),--('Master Stock'!$J$2:$J$1000<'Master Stock'!J39))+COUNTIFS('Master Stock'!$J$2:J39,'Master Stock'!J39,'Master Stock'!$D$2:D39,"<>",'Master Stock'!$H$2:H39,"OCCUPIED",'Master Stock'!$K$2:K39,""),"") | V39: =IF(AND('Master Stock'!D39<>"",'Master Stock'!H39="OCCUPIED",ISNUMBER('Master Stock'!L39),'Master Stock'!L39<TODAY()-30),SUMPRODUCT(--('Master Stock'!$D$2:$D$1000<>""),--('Master Stock'!$H$2:$H$1000="OCCUPIED"),--ISNUMBER('Master Stock'!$L$2:$L$1000),--('Master Stock'!$L$2:$L$1000<TODAY()-30),--('Master Stock'!$L$2:$L$1000<'Master Stock'!L39))+COUNTIFS('Master Stock'!$L$2:L39,'Master Stock'!L39,'Master Stock'!$D$2:D39,"<>",'Master Stock'!$H$2:H39,"OCCUPIED"),"")
A40: {=IFERROR(INDEX('Master Stock'!$D$2:$D$1000,MATCH(20,$U$2:$U$999,0)),"")} | B40: {=IFERROR(INDEX('Master Stock'!$G$2:$G$1000,MATCH(20,$U$2:$U$999,0)),"")} | C40: {=IFERROR(INDEX('Master Stock'!$J$2:$J$1000,MATCH(20,$U$2:$U$999,0)),"")} | D40: =IF(C40="","",MAX(0,TODAY()-C40)) | E40: {=IFERROR(INDEX('Master Stock'!$D$2:$D$1000,MATCH(20,$V$2:$V$999,0)),"")} | F40: {=IFERROR(INDEX('Master Stock'!$G$2:$G$1000,MATCH(20,$V$2:$V$999,0)),"")} | G40: {=IFERROR(INDEX('Master Stock'!$L$2:$L$1000,MATCH(20,$V$2:$V$999,0)),"")} | H40: =IF(G40="","",MAX(0,TODAY()-G40)) | U40: =IF(AND('Master Stock'!D40<>"",'Master Stock'!H40="OCCUPIED",ISNUMBER('Master Stock'!J40),'Master Stock'!K40=""),SUMPRODUCT(--('Master Stock'!$D$2:$D$1000<>""),--('Master Stock'!$H$2:$H$1000="OCCUPIED"),--ISNUMBER('Master Stock'!$J$2:$J$1000),--('Master Stock'!$K$2:$K$1000=""),--('Master Stock'!$J$2:$J$1000<'Master Stock'!J40))+COUNTIFS('Master Stock'!$J$2:J40,'Master Stock'!J40,'Master Stock'!$D$2:D40,"<>",'Master Stock'!$H$2:H40,"OCCUPIED",'Master Stock'!$K$2:K40,""),"") | V40: =IF(AND('Master Stock'!D40<>"",'Master Stock'!H40="OCCUPIED",ISNUMBER('Master Stock'!L40),'Master Stock'!L40<TODAY()-30),SUMPRODUCT(--('Master Stock'!$D$2:$D$1000<>""),--('Master Stock'!$H$2:$H$1000="OCCUPIED"),--ISNUMBER('Master Stock'!$L$2:$L$1000),--('Master Stock'!$L$2:$L$1000<TODAY()-30),--('Master Stock'!$L$2:$L$1000<'Master Stock'!L40))+COUNTIFS('Master Stock'!$L$2:L40,'Master Stock'!L40,'Master Stock'!$D$2:D40,"<>",'Master Stock'!$H$2:H40,"OCCUPIED"),"")
A41: Total Infested / Under Cover | B41: =COUNTIF($U$2:$U$999,">0") | E41: Total Fumigation Due | F41: =COUNTIF($V$2:$V$999,">0") | U41: =IF(AND('Master Stock'!D41<>"",'Master Stock'!H41="OCCUPIED",ISNUMBER('Master Stock'!J41),'Master Stock'!K41=""),SUMPRODUCT(--('Master Stock'!$D$2:$D$1000<>""),--('Master Stock'!$H$2:$H$1000="OCCUPIED"),--ISNUMBER('Master Stock'!$J$2:$J$1000),--('Master Stock'!$K$2:$K$1000=""),--('Master Stock'!$J$2:$J$1000<'Master Stock'!J41))+COUNTIFS('Master Stock'!$J$2:J41,'Master Stock'!J41,'Master Stock'!$D$2:D41,"<>",'Master Stock'!$H$2:H41,"OCCUPIED",'Master Stock'!$K$2:K41,""),"") | V41: =IF(AND('Master Stock'!D41<>"",'Master Stock'!H41="OCCUPIED",ISNUMBER('Master Stock'!L41),'Master Stock'!L41<TODAY()-30),SUMPRODUCT(--('Master Stock'!$D$2:$D$1000<>""),--('Master Stock'!$H$2:$H$1000="OCCUPIED"),--ISNUMBER('Master Stock'!$L$2:$L$1000),--('Master Stock'!$L$2:$L$1000<TODAY()-30),--('Master Stock'!$L$2:$L$1000<'Master Stock'!L41))+COUNTIFS('Master Stock'!$L$2:L41,'Master Stock'!L41,'Master Stock'!$D$2:D41,"<>",'Master Stock'!$H$2:H41,"OCCUPIED"),"")
A42: STATUS GUIDE • NORMAL: Fumigation Days < 25 • WARNING: 25–30 • DUE: > 30 • ATTENTION: Infested / Under Cover | U42: =IF(AND('Master Stock'!D42<>"",'Master Stock'!H42="OCCUPIED",ISNUMBER('Master Stock'!J42),'Master Stock'!K42=""),SUMPRODUCT(--('Master Stock'!$D$2:$D$1000<>""),--('Master Stock'!$H$2:$H$1000="OCCUPIED"),--ISNUMBER('Master Stock'!$J$2:$J$1000),--('Master Stock'!$K$2:$K$1000=""),--('Master Stock'!$J$2:$J$1000<'Master Stock'!J42))+COUNTIFS('Master Stock'!$J$2:J42,'Master Stock'!J42,'Master Stock'!$D$2:D42,"<>",'Master Stock'!$H$2:H42,"OCCUPIED",'Master Stock'!$K$2:K42,""),"") | V42: =IF(AND('Master Stock'!D42<>"",'Master Stock'!H42="OCCUPIED",ISNUMBER('Master Stock'!L42),'Master Stock'!L42<TODAY()-30),SUMPRODUCT(--('Master Stock'!$D$2:$D$1000<>""),--('Master Stock'!$H$2:$H$1000="OCCUPIED"),--ISNUMBER('Master Stock'!$L$2:$L$1000),--('Master Stock'!$L$2:$L$1000<TODAY()-30),--('Master Stock'!$L$2:$L$1000<'Master Stock'!L42))+COUNTIFS('Master Stock'!$L$2:L42,'Master Stock'!L42,'Master Stock'!$D$2:D42,"<>",'Master Stock'!$H$2:H42,"OCCUPIED"),"")
A43: Shambhu Dayal Meena TA-II FSD Sabarmati | U43: =IF(AND('Master Stock'!D43<>"",'Master Stock'!H43="OCCUPIED",ISNUMBER('Master Stock'!J43),'Master Stock'!K43=""),SUMPRODUCT(--('Master Stock'!$D$2:$D$1000<>""),--('Master Stock'!$H$2:$H$1000="OCCUPIED"),--ISNUMBER('Master Stock'!$J$2:$J$1000),--('Master Stock'!$K$2:$K$1000=""),--('Master Stock'!$J$2:$J$1000<'Master Stock'!J43))+COUNTIFS('Master Stock'!$J$2:J43,'Master Stock'!J43,'Master Stock'!$D$2:D43,"<>",'Master Stock'!$H$2:H43,"OCCUPIED",'Master Stock'!$K$2:K43,""),"") | V43: =IF(AND('Master Stock'!D43<>"",'Master Stock'!H43="OCCUPIED",ISNUMBER('Master Stock'!L43),'Master Stock'!L43<TODAY()-30),SUMPRODUCT(--('Master Stock'!$D$2:$D$1000<>""),--('Master Stock'!$H$2:$H$1000="OCCUPIED"),--ISNUMBER('Master Stock'!$L$2:$L$1000),--('Master Stock'!$L$2:$L$1000<TODAY()-30),--('Master Stock'!$L$2:$L$1000<'Master Stock'!L43))+COUNTIFS('Master Stock'!$L$2:L43,'Master Stock'!L43,'Master Stock'!$D$2:D43,"<>",'Master Stock'!$H$2:H43,"OCCUPIED"),"")
U44: =IF(AND('Master Stock'!D44<>"",'Master Stock'!H44="OCCUPIED",ISNUMBER('Master Stock'!J44),'Master Stock'!K44=""),SUMPRODUCT(--('Master Stock'!$D$2:$D$1000<>""),--('Master Stock'!$H$2:$H$1000="OCCUPIED"),--ISNUMBER('Master Stock'!$J$2:$J$1000),--('Master Stock'!$K$2:$K$1000=""),--('Master Stock'!$J$2:$J$1000<'Master Stock'!J44))+COUNTIFS('Master Stock'!$J$2:J44,'Master Stock'!J44,'Master Stock'!$D$2:D44,"<>",'Master Stock'!$H$2:H44,"OCCUPIED",'Master Stock'!$K$2:K44,""),"") | V44: =IF(AND('Master Stock'!D44<>"",'Master Stock'!H44="OCCUPIED",ISNUMBER('Master Stock'!L44),'Master Stock'!L44<TODAY()-30),SUMPRODUCT(--('Master Stock'!$D$2:$D$1000<>""),--('Master Stock'!$H$2:$H$1000="OCCUPIED"),--ISNUMBER('Master Stock'!$L$2:$L$1000),--('Master Stock'!$L$2:$L$1000<TODAY()-30),--('Master Stock'!$L$2:$L$1000<'Master Stock'!L44))+COUNTIFS('Master Stock'!$L$2:L44,'Master Stock'!L44,'Master Stock'!$D$2:D44,"<>",'Master Stock'!$H$2:H44,"OCCUPIED"),"")
U45: =IF(AND('Master Stock'!D45<>"",'Master Stock'!H45="OCCUPIED",ISNUMBER('Master Stock'!J45),'Master Stock'!K45=""),SUMPRODUCT(--('Master Stock'!$D$2:$D$1000<>""),--('Master Stock'!$H$2:$H$1000="OCCUPIED"),--ISNUMBER('Master Stock'!$J$2:$J$1000),--('Master Stock'!$K$2:$K$1000=""),--('Master Stock'!$J$2:$J$1000<'Master Stock'!J45))+COUNTIFS('Master Stock'!$J$2:J45,'Master Stock'!J45,'Master Stock'!$D$2:D45,"<>",'Master Stock'!$H$2:H45,"OCCUPIED",'Master Stock'!$K$2:K45,""),"") | V45: =IF(AND('Master Stock'!D45<>"",'Master Stock'!H45="OCCUPIED",ISNUMBER('Master Stock'!L45),'Master Stock'!L45<TODAY()-30),SUMPRODUCT(--('Master Stock'!$D$2:$D$1000<>""),--('Master Stock'!$H$2:$H$1000="OCCUPIED"),--ISNUMBER('Master Stock'!$L$2:$L$1000),--('Master Stock'!$L$2:$L$1000<TODAY()-30),--('Master Stock'!$L$2:$L$1000<'Master Stock'!L45))+COUNTIFS('Master Stock'!$L$2:L45,'Master Stock'!L45,'Master Stock'!$D$2:D45,"<>",'Master Stock'!$H$2:H45,"OCCUPIED"),"")
U46: =IF(AND('Master Stock'!D46<>"",'Master Stock'!H46="OCCUPIED",ISNUMBER('Master Stock'!J46),'Master Stock'!K46=""),SUMPRODUCT(--('Master Stock'!$D$2:$D$1000<>""),--('Master Stock'!$H$2:$H$1000="OCCUPIED"),--ISNUMBER('Master Stock'!$J$2:$J$1000),--('Master Stock'!$K$2:$K$1000=""),--('Master Stock'!$J$2:$J$1000<'Master Stock'!J46))+COUNTIFS('Master Stock'!$J$2:J46,'Master Stock'!J46,'Master Stock'!$D$2:D46,"<>",'Master Stock'!$H$2:H46,"OCCUPIED",'Master Stock'!$K$2:K46,""),"") | V46: =IF(AND('Master Stock'!D46<>"",'Master Stock'!H46="OCCUPIED",ISNUMBER('Master Stock'!L46),'Master Stock'!L46<TODAY()-30),SUMPRODUCT(--('Master Stock'!$D$2:$D$1000<>""),--('Master Stock'!$H$2:$H$1000="OCCUPIED"),--ISNUMBER('Master Stock'!$L$2:$L$1000),--('Master Stock'!$L$2:$L$1000<TODAY()-30),--('Master Stock'!$L$2:$L$1000<'Master Stock'!L46))+COUNTIFS('Master Stock'!$L$2:L46,'Master Stock'!L46,'Master Stock'!$D$2:D46,"<>",'Master Stock'!$H$2:H46,"OCCUPIED"),"")
U47: =IF(AND('Master Stock'!D47<>"",'Master Stock'!H47="OCCUPIED",ISNUMBER('Master Stock'!J47),'Master Stock'!K47=""),SUMPRODUCT(--('Master Stock'!$D$2:$D$1000<>""),--('Master Stock'!$H$2:$H$1000="OCCUPIED"),--ISNUMBER('Master Stock'!$J$2:$J$1000),--('Master Stock'!$K$2:$K$1000=""),--('Master Stock'!$J$2:$J$1000<'Master Stock'!J47))+COUNTIFS('Master Stock'!$J$2:J47,'Master Stock'!J47,'Master Stock'!$D$2:D47,"<>",'Master Stock'!$H$2:H47,"OCCUPIED",'Master Stock'!$K$2:K47,""),"") | V47: =IF(AND('Master Stock'!D47<>"",'Master Stock'!H47="OCCUPIED",ISNUMBER('Master Stock'!L47),'Master Stock'!L47<TODAY()-30),SUMPRODUCT(--('Master Stock'!$D$2:$D$1000<>""),--('Master Stock'!$H$2:$H$1000="OCCUPIED"),--ISNUMBER('Master Stock'!$L$2:$L$1000),--('Master Stock'!$L$2:$L$1000<TODAY()-30),--('Master Stock'!$L$2:$L$1000<'Master Stock'!L47))+COUNTIFS('Master Stock'!$L$2:L47,'Master Stock'!L47,'Master Stock'!$D$2:D47,"<>",'Master Stock'!$H$2:H47,"OCCUPIED"),"")
U48: =IF(AND('Master Stock'!D48<>"",'Master Stock'!H48="OCCUPIED",ISNUMBER('Master Stock'!J48),'Master Stock'!K48=""),SUMPRODUCT(--('Master Stock'!$D$2:$D$1000<>""),--('Master Stock'!$H$2:$H$1000="OCCUPIED"),--ISNUMBER('Master Stock'!$J$2:$J$1000),--('Master Stock'!$K$2:$K$1000=""),--('Master Stock'!$J$2:$J$1000<'Master Stock'!J48))+COUNTIFS('Master Stock'!$J$2:J48,'Master Stock'!J48,'Master Stock'!$D$2:D48,"<>",'Master Stock'!$H$2:H48,"OCCUPIED",'Master Stock'!$K$2:K48,""),"") | V48: =IF(AND('Master Stock'!D48<>"",'Master Stock'!H48="OCCUPIED",ISNUMBER('Master Stock'!L48),'Master Stock'!L48<TODAY()-30),SUMPRODUCT(--('Master Stock'!$D$2:$D$1000<>""),--('Master Stock'!$H$2:$H$1000="OCCUPIED"),--ISNUMBER('Master Stock'!$L$2:$L$1000),--('Master Stock'!$L$2:$L$1000<TODAY()-30),--('Master Stock'!$L$2:$L$1000<'Master Stock'!L48))+COUNTIFS('Master Stock'!$L$2:L48,'Master Stock'!L48,'Master Stock'!$D$2:D48,"<>",'Master Stock'!$H$2:H48,"OCCUPIED"),"")
U49: =IF(AND('Master Stock'!D49<>"",'Master Stock'!H49="OCCUPIED",ISNUMBER('Master Stock'!J49),'Master Stock'!K49=""),SUMPRODUCT(--('Master Stock'!$D$2:$D$1000<>""),--('Master Stock'!$H$2:$H$1000="OCCUPIED"),--ISNUMBER('Master Stock'!$J$2:$J$1000),--('Master Stock'!$K$2:$K$1000=""),--('Master Stock'!$J$2:$J$1000<'Master Stock'!J49))+COUNTIFS('Master Stock'!$J$2:J49,'Master Stock'!J49,'Master Stock'!$D$2:D49,"<>",'Master Stock'!$H$2:H49,"OCCUPIED",'Master Stock'!$K$2:K49,""),"") | V49: =IF(AND('Master Stock'!D49<>"",'Master Stock'!H49="OCCUPIED",ISNUMBER('Master Stock'!L49),'Master Stock'!L49<TODAY()-30),SUMPRODUCT(--('Master Stock'!$D$2:$D$1000<>""),--('Master Stock'!$H$2:$H$1000="OCCUPIED"),--ISNUMBER('Master Stock'!$L$2:$L$1000),--('Master Stock'!$L$2:$L$1000<TODAY()-30),--('Master Stock'!$L$2:$L$1000<'Master Stock'!L49))+COUNTIFS('Master Stock'!$L$2:L49,'Master Stock'!L49,'Master Stock'!$D$2:D49,"<>",'Master Stock'!$H$2:H49,"OCCUPIED"),"")
U50: =IF(AND('Master Stock'!D50<>"",'Master Stock'!H50="OCCUPIED",ISNUMBER('Master Stock'!J50),'Master Stock'!K50=""),SUMPRODUCT(--('Master Stock'!$D$2:$D$1000<>""),--('Master Stock'!$H$2:$H$1000="OCCUPIED"),--ISNUMBER('Master Stock'!$J$2:$J$1000),--('Master Stock'!$K$2:$K$1000=""),--('Master Stock'!$J$2:$J$1000<'Master Stock'!J50))+COUNTIFS('Master Stock'!$J$2:J50,'Master Stock'!J50,'Master Stock'!$D$2:D50,"<>",'Master Stock'!$H$2:H50,"OCCUPIED",'Master Stock'!$K$2:K50,""),"") | V50: =IF(AND('Master Stock'!D50<>"",'Master Stock'!H50="OCCUPIED",ISNUMBER('Master Stock'!L50),'Master Stock'!L50<TODAY()-30),SUMPRODUCT(--('Master Stock'!$D$2:$D$1000<>""),--('Master Stock'!$H$2:$H$1000="OCCUPIED"),--ISNUMBER('Master Stock'!$L$2:$L$1000),--('Master Stock'!$L$2:$L$1000<TODAY()-30),--('Master Stock'!$L$2:$L$1000<'Master Stock'!L50))+COUNTIFS('Master Stock'!$L$2:L50,'Master Stock'!L50,'Master Stock'!$D$2:D50,"<>",'Master Stock'!$H$2:H50,"OCCUPIED"),"")
U51: =IF(AND('Master Stock'!D51<>"",'Master Stock'!H51="OCCUPIED",ISNUMBER('Master Stock'!J51),'Master Stock'!K51=""),SUMPRODUCT(--('Master Stock'!$D$2:$D$1000<>""),--('Master Stock'!$H$2:$H$1000="OCCUPIED"),--ISNUMBER('Master Stock'!$J$2:$J$1000),--('Master Stock'!$K$2:$K$1000=""),--('Master Stock'!$J$2:$J$1000<'Master Stock'!J51))+COUNTIFS('Master Stock'!$J$2:J51,'Master Stock'!J51,'Master Stock'!$D$2:D51,"<>",'Master Stock'!$H$2:H51,"OCCUPIED",'Master Stock'!$K$2:K51,""),"") | V51: =IF(AND('Master Stock'!D51<>"",'Master Stock'!H51="OCCUPIED",ISNUMBER('Master Stock'!L51),'Master Stock'!L51<TODAY()-30),SUMPRODUCT(--('Master Stock'!$D$2:$D$1000<>""),--('Master Stock'!$H$2:$H$1000="OCCUPIED"),--ISNUMBER('Master Stock'!$L$2:$L$1000),--('Master Stock'!$L$2:$L$1000<TODAY()-30),--('Master Stock'!$L$2:$L$1000<'Master Stock'!L51))+COUNTIFS('Master Stock'!$L$2:L51,'Master Stock'!L51,'Master Stock'!$D$2:D51,"<>",'Master Stock'!$H$2:H51,"OCCUPIED"),"")
U52: =IF(AND('Master Stock'!D52<>"",'Master Stock'!H52="OCCUPIED",ISNUMBER('Master Stock'!J52),'Master Stock'!K52=""),SUMPRODUCT(--('Master Stock'!$D$2:$D$1000<>""),--('Master Stock'!$H$2:$H$1000="OCCUPIED"),--ISNUMBER('Master Stock'!$J$2:$J$1000),--('Master Stock'!$K$2:$K$1000=""),--('Master Stock'!$J$2:$J$1000<'Master Stock'!J52))+COUNTIFS('Master Stock'!$J$2:J52,'Master Stock'!J52,'Master Stock'!$D$2:D52,"<>",'Master Stock'!$H$2:H52,"OCCUPIED",'Master Stock'!$K$2:K52,""),"") | V52: =IF(AND('Master Stock'!D52<>"",'Master Stock'!H52="OCCUPIED",ISNUMBER('Master Stock'!L52),'Master Stock'!L52<TODAY()-30),SUMPRODUCT(--('Master Stock'!$D$2:$D$1000<>""),--('Master Stock'!$H$2:$H$1000="OCCUPIED"),--ISNUMBER('Master Stock'!$L$2:$L$1000),--('Master Stock'!$L$2:$L$1000<TODAY()-30),--('Master Stock'!$L$2:$L$1000<'Master Stock'!L52))+COUNTIFS('Master Stock'!$L$2:L52,'Master Stock'!L52,'Master Stock'!$D$2:D52,"<>",'Master Stock'!$H$2:H52,"OCCUPIED"),"")
U53: =IF(AND('Master Stock'!D53<>"",'Master Stock'!H53="OCCUPIED",ISNUMBER('Master Stock'!J53),'Master Stock'!K53=""),SUMPRODUCT(--('Master Stock'!$D$2:$D$1000<>""),--('Master Stock'!$H$2:$H$1000="OCCUPIED"),--ISNUMBER('Master Stock'!$J$2:$J$1000),--('Master Stock'!$K$2:$K$1000=""),--('Master Stock'!$J$2:$J$1000<'Master Stock'!J53))+COUNTIFS('Master Stock'!$J$2:J53,'Master Stock'!J53,'Master Stock'!$D$2:D53,"<>",'Master Stock'!$H$2:H53,"OCCUPIED",'Master Stock'!$K$2:K53,""),"") | V53: =IF(AND('Master Stock'!D53<>"",'Master Stock'!H53="OCCUPIED",ISNUMBER('Master Stock'!L53),'Master Stock'!L53<TODAY()-30),SUMPRODUCT(--('Master Stock'!$D$2:$D$1000<>""),--('Master Stock'!$H$2:$H$1000="OCCUPIED"),--ISNUMBER('Master Stock'!$L$2:$L$1000),--('Master Stock'!$L$2:$L$1000<TODAY()-30),--('Master Stock'!$L$2:$L$1000<'Master Stock'!L53))+COUNTIFS('Master Stock'!$L$2:L53,'Master Stock'!L53,'Master Stock'!$D$2:D53,"<>",'Master Stock'!$H$2:H53,"OCCUPIED"),"")
U54: =IF(AND('Master Stock'!D54<>"",'Master Stock'!H54="OCCUPIED",ISNUMBER('Master Stock'!J54),'Master Stock'!K54=""),SUMPRODUCT(--('Master Stock'!$D$2:$D$1000<>""),--('Master Stock'!$H$2:$H$1000="OCCUPIED"),--ISNUMBER('Master Stock'!$J$2:$J$1000),--('Master Stock'!$K$2:$K$1000=""),--('Master Stock'!$J$2:$J$1000<'Master Stock'!J54))+COUNTIFS('Master Stock'!$J$2:J54,'Master Stock'!J54,'Master Stock'!$D$2:D54,"<>",'Master Stock'!$H$2:H54,"OCCUPIED",'Master Stock'!$K$2:K54,""),"") | V54: =IF(AND('Master Stock'!D54<>"",'Master Stock'!H54="OCCUPIED",ISNUMBER('Master Stock'!L54),'Master Stock'!L54<TODAY()-30),SUMPRODUCT(--('Master Stock'!$D$2:$D$1000<>""),--('Master Stock'!$H$2:$H$1000="OCCUPIED"),--ISNUMBER('Master Stock'!$L$2:$L$1000),--('Master Stock'!$L$2:$L$1000<TODAY()-30),--('Master Stock'!$L$2:$L$1000<'Master Stock'!L54))+COUNTIFS('Master Stock'!$L$2:L54,'Master Stock'!L54,'Master Stock'!$D$2:D54,"<>",'Master Stock'!$H$2:H54,"OCCUPIED"),"")
U55: =IF(AND('Master Stock'!D55<>"",'Master Stock'!H55="OCCUPIED",ISNUMBER('Master Stock'!J55),'Master Stock'!K55=""),SUMPRODUCT(--('Master Stock'!$D$2:$D$1000<>""),--('Master Stock'!$H$2:$H$1000="OCCUPIED"),--ISNUMBER('Master Stock'!$J$2:$J$1000),--('Master Stock'!$K$2:$K$1000=""),--('Master Stock'!$J$2:$J$1000<'Master Stock'!J55))+COUNTIFS('Master Stock'!$J$2:J55,'Master Stock'!J55,'Master Stock'!$D$2:D55,"<>",'Master Stock'!$H$2:H55,"OCCUPIED",'Master Stock'!$K$2:K55,""),"") | V55: =IF(AND('Master Stock'!D55<>"",'Master Stock'!H55="OCCUPIED",ISNUMBER('Master Stock'!L55),'Master Stock'!L55<TODAY()-30),SUMPRODUCT(--('Master Stock'!$D$2:$D$1000<>""),--('Master Stock'!$H$2:$H$1000="OCCUPIED"),--ISNUMBER('Master Stock'!$L$2:$L$1000),--('Master Stock'!$L$2:$L$1000<TODAY()-30),--('Master Stock'!$L$2:$L$1000<'Master Stock'!L55))+COUNTIFS('Master Stock'!$L$2:L55,'Master Stock'!L55,'Master Stock'!$D$2:D55,"<>",'Master Stock'!$H$2:H55,"OCCUPIED"),"")
... U999: =IF(AND('Master Stock'!D999<>"",'Master Stock'!H999="OCCUPIED",ISNUMBER('Master Stock'!J999),'Master Stock'!K999=""),SUMPRODUCT(--('Master Stock'!$D$2:$D$1000<>""),--('Master Stock'!$H$2:$H$1000="OCCUPIED"),--ISNUMBER('Master Stock'!$J$2:$J$1000),--('Master Stock'!$K$2:$K$1000=""),--('Master Stock'!$J$2:$J$1000<'Master Stock'!J999))+COUNTIFS('Master Stock'!$J$2:J999,'Master Stock'!J999,'Master Stock'!$D$2:D999,"<>",'Master Stock'!$H$2:H999,"OCCUPIED",'Master Stock'!$K$2:K999,""),"") | V999: =IF(AND('Master Stock'!D999<>"",'Master Stock'!H999="OCCUPIED",ISNUMBER('Master Stock'!L999),'Master Stock'!L999<TODAY()-30),SUMPRODUCT(--('Master Stock'!$D$2:$D$1000<>""),--('Master Stock'!$H$2:$H$1000="OCCUPIED"),--ISNUMBER('Master Stock'!$L$2:$L$1000),--('Master Stock'!$L$2:$L$1000<TODAY()-30),--('Master Stock'!$L$2:$L$1000<'Master Stock'!L999))+COUNTIFS('Master Stock'!$L$2:L999,'Master Stock'!L999,'Master Stock'!$D$2:D999,"<>",'Master Stock'!$H$2:H999,"OCCUPIED"),"")
A1000: Shambhu Dayal Meena TA-II FSD Sabarmati | U1000: =IF(AND('Master Stock'!D1000<>"",'Master Stock'!H1000="OCCUPIED",ISNUMBER('Master Stock'!J1000),'Master Stock'!K1000=""),SUMPRODUCT(--('Master Stock'!$D$2:$D$1000<>""),--('Master Stock'!$H$2:$H$1000="OCCUPIED"),--ISNUMBER('Master Stock'!$J$2:$J$1000),--('Master Stock'!$K$2:$K$1000=""),--('Master Stock'!$J$2:$J$1000<'Master Stock'!J1000))+COUNTIFS('Master Stock'!$J$2:J1000,'Master Stock'!J1000,'Master Stock'!$D$2:D1000,"<>",'Master Stock'!$H$2:H1000,"OCCUPIED",'Master Stock'!$K$2:K1000,""),"") | V1000: =IF(AND('Master Stock'!D1000<>"",'Master Stock'!H1000="OCCUPIED",ISNUMBER('Master Stock'!L1000),'Master Stock'!L1000<TODAY()-30),SUMPRODUCT(--('Master Stock'!$D$2:$D$1000<>""),--('Master Stock'!$H$2:$H$1000="OCCUPIED"),--ISNUMBER('Master Stock'!$L$2:$L$1000),--('Master Stock'!$L$2:$L$1000<TODAY()-30),--('Master Stock'!$L$2:$L$1000<'Master Stock'!L1000))+COUNTIFS('Master Stock'!$L$2:L1000,'Master Stock'!L1000,'Master Stock'!$D$2:D1000,"<>",'Master Stock'!$H$2:H1000,"OCCUPIED"),"")

Sheet Dashboard
A1: GODOWN STOCK & TREATMENT DASHBOARD
A3: TOTAL STACKS | C3: OCCUPIED STACKS | E3: CURRENTLY UNDER COVER | G3: TOTAL DEGASSING DUE | I3: TOTAL EMPTY STACKS
A4: =COUNTA('Master Stock'!$C$2:$C$99) | C4: =COUNTIF('Master Stock'!$H$2:$H$99,"OCCUPIED") | E4: =COUNTIFS('Master Stock'!$H$2:$H$99,"OCCUPIED",'Master Stock'!$J$2:$J$99,"<>",'Master Stock'!$K$2:$K$99,"") | G4: =SUM('Master Stock'!$O$2:$O$99) | L4: ='Shed Summary'!D7
A7: CURRENTLY UNDER COVER – STACK DETAILS | G7: FUMIGATION MORE THAN 5 DAYS – DEGASSING DUE
A8: Shed | B8: Stack No. | C8: Fumigation Date | D8: Days Count | G8: Shed | H8: Stack No. | I8: Fumigation Date | J8: Days Count
A9: =IFERROR(__xludf.DUMMYFUNCTION("IFERROR(FILTER('Master Stock'!$C$2:$C$99,('Master Stock'!$H$2:$H$99=""OCCUPIED"")*ISNUMBER('Master Stock'!$J$2:$J$99)*('Master Stock'!$K$2:$K$99="""")),"""")"),9.0) | B9: =IFERROR(__xludf.DUMMYFUNCTION("IFERROR(FILTER('Master Stock'!$D$2:$D$99,('Master Stock'!$H$2:$H$99=""OCCUPIED"")*ISNUMBER('Master Stock'!$J$2:$J$99)*('Master Stock'!$K$2:$K$99="""")),"""")"),"9A03") | C9: =IFERROR(__xludf.DUMMYFUNCTION("IFERROR(FILTER('Master Stock'!$J$2:$J$99,('Master Stock'!$H$2:$H$99=""OCCUPIED"")*ISNUMBER('Master Stock'!$J$2:$J$99)*('Master Stock'!$K$2:$K$99="""")),"""")"),46265.0) | D9: =IF(C9="","",MAX(0,TODAY()-C9)) | G9: =IFERROR(__xludf.DUMMYFUNCTION("IFERROR(FILTER('Master Stock'!$C$2:$C$99,('Master Stock'!$H$2:$H$99=""OCCUPIED"")*ISNUMBER('Master Stock'!$L$2:$L$99)*('Master Stock'!$L$2:$L$99<TODAY()-30)),"""")"),9.0) | H9: =IFERROR(__xludf.DUMMYFUNCTION("IFERROR(FILTER('Master Stock'!$D$2:$D$99,('Master Stock'!$H$2:$H$99=""OCCUPIED"")*ISNUMBER('Master Stock'!$L$2:$L$99)*('Master Stock'!$L$2:$L$99<TODAY()-30)),"""")"),"9A01") | I9: =IFERROR(__xludf.DUMMYFUNCTION("IFERROR(FILTER('Master Stock'!$L$2:$L$99,('Master Stock'!$H$2:$H$99=""OCCUPIED"")*ISNUMBER('Master Stock'!$L$2:$L$99)*('Master Stock'!$L$2:$L$99<TODAY()-30)),"""")"),46162.0) | J9: =IF(I9="","",MAX(0,TODAY()-I9))
A10: =IFERROR(__xludf.DUMMYFUNCTION("""COMPUTED_VALUE"""),14.0) | B10: =IFERROR(__xludf.DUMMYFUNCTION("""COMPUTED_VALUE"""),"14A02") | C10: =IFERROR(__xludf.DUMMYFUNCTION("""COMPUTED_VALUE"""),46265.0) | D10: =IF(C10="","",MAX(0,TODAY()-C10)) | G10: =IFERROR(__xludf.DUMMYFUNCTION("""COMPUTED_VALUE"""),9.0) | H10: =IFERROR(__xludf.DUMMYFUNCTION("""COMPUTED_VALUE"""),"9A02") | I10: =IFERROR(__xludf.DUMMYFUNCTION("""COMPUTED_VALUE"""),46228.0) | J10: =IF(I10="","",MAX(0,TODAY()-I10))
A11: =IFERROR(__xludf.DUMMYFUNCTION("""COMPUTED_VALUE"""),14.0) | B11: =IFERROR(__xludf.DUMMYFUNCTION("""COMPUTED_VALUE"""),"14B14") | C11: =IFERROR(__xludf.DUMMYFUNCTION("""COMPUTED_VALUE"""),46265.0) | D11: =IF(C11="","",MAX(0,TODAY()-C11)) | G11: =IFERROR(__xludf.DUMMYFUNCTION("""COMPUTED_VALUE"""),9.0) | H11: =IFERROR(__xludf.DUMMYFUNCTION("""COMPUTED_VALUE"""),"9A04") | I11: =IFERROR(__xludf.DUMMYFUNCTION("""COMPUTED_VALUE"""),46235.0) | J11: =IF(I11="","",MAX(0,TODAY()-I11))
A12: =IFERROR(__xludf.DUMMYFUNCTION("""COMPUTED_VALUE"""),14.0) | B12: =IFERROR(__xludf.DUMMYFUNCTION("""COMPUTED_VALUE"""),"14B15") | C12: =IFERROR(__xludf.DUMMYFUNCTION("""COMPUTED_VALUE"""),46265.0) | D12: =IF(C12="","",MAX(0,TODAY()-C12)) | G12: =IFERROR(__xludf.DUMMYFUNCTION("""COMPUTED_VALUE"""),9.0) | H12: =IFERROR(__xludf.DUMMYFUNCTION("""COMPUTED_VALUE"""),"9A05") | I12: =IFERROR(__xludf.DUMMYFUNCTION("""COMPUTED_VALUE"""),46156.0) | J12: =IF(I12="","",MAX(0,TODAY()-I12))
A13: =IFERROR(__xludf.DUMMYFUNCTION("""COMPUTED_VALUE"""),18.0) | B13: =IFERROR(__xludf.DUMMYFUNCTION("""COMPUTED_VALUE"""),"18A02") | C13: =IFERROR(__xludf.DUMMYFUNCTION("""COMPUTED_VALUE"""),46265.0) | D13: =IF(C13="","",MAX(0,TODAY()-C13)) | G13: =IFERROR(__xludf.DUMMYFUNCTION("""COMPUTED_VALUE"""),9.0) | H13: =IFERROR(__xludf.DUMMYFUNCTION("""COMPUTED_VALUE"""),"9A07") | I13: =IFERROR(__xludf.DUMMYFUNCTION("""COMPUTED_VALUE"""),46228.0) | J13: =IF(I13="","",MAX(0,TODAY()-I13))
D14: =IF(C14="","",MAX(0,TODAY()-C14)) | G14: =IFERROR(__xludf.DUMMYFUNCTION("""COMPUTED_VALUE"""),9.0) | H14: =IFERROR(__xludf.DUMMYFUNCTION("""COMPUTED_VALUE"""),"9A08") | I14: =IFERROR(__xludf.DUMMYFUNCTION("""COMPUTED_VALUE"""),46232.0) | J14: =IF(I14="","",MAX(0,TODAY()-I14))
D15: =IF(C15="","",MAX(0,TODAY()-C15)) | G15: =IFERROR(__xludf.DUMMYFUNCTION("""COMPUTED_VALUE"""),9.0) | H15: =IFERROR(__xludf.DUMMYFUNCTION("""COMPUTED_VALUE"""),"9B12") | I15: =IFERROR(__xludf.DUMMYFUNCTION("""COMPUTED_VALUE"""),46235.0) | J15: =IF(I15="","",MAX(0,TODAY()-I15))
D16: =IF(C16="","",MAX(0,TODAY()-C16)) | G16: =IFERROR(__xludf.DUMMYFUNCTION("""COMPUTED_VALUE"""),9.0) | H16: =IFERROR(__xludf.DUMMYFUNCTION("""COMPUTED_VALUE"""),"9B13") | I16: =IFERROR(__xludf.DUMMYFUNCTION("""COMPUTED_VALUE"""),46204.0) | J16: =IF(I16="","",MAX(0,TODAY()-I16))
D17: =IF(C17="","",MAX(0,TODAY()-C17)) | G17: =IFERROR(__xludf.DUMMYFUNCTION("""COMPUTED_VALUE"""),9.0) | H17: =IFERROR(__xludf.DUMMYFUNCTION("""COMPUTED_VALUE"""),"9B15") | I17: =IFERROR(__xludf.DUMMYFUNCTION("""COMPUTED_VALUE"""),46235.0) | J17: =IF(I17="","",MAX(0,TODAY()-I17))
D18: =IF(C18="","",MAX(0,TODAY()-C18)) | G18: =IFERROR(__xludf.DUMMYFUNCTION("""COMPUTED_VALUE"""),9.0) | H18: =IFERROR(__xludf.DUMMYFUNCTION("""COMPUTED_VALUE"""),"9B18") | I18: =IFERROR(__xludf.DUMMYFUNCTION("""COMPUTED_VALUE"""),46235.0) | J18: =IF(I18="","",MAX(0,TODAY()-I18))
D19: =IF(C19="","",MAX(0,TODAY()-C19)) | G19: =IFERROR(__xludf.DUMMYFUNCTION("""COMPUTED_VALUE"""),14.0) | H19: =IFERROR(__xludf.DUMMYFUNCTION("""COMPUTED_VALUE"""),"14A07") | I19: =IFERROR(__xludf.DUMMYFUNCTION("""COMPUTED_VALUE"""),46190.0) | J19: =IF(I19="","",MAX(0,TODAY()-I19))
D20: =IF(C20="","",MAX(0,TODAY()-C20)) | G20: =IFERROR(__xludf.DUMMYFUNCTION("""COMPUTED_VALUE"""),14.0) | H20: =IFERROR(__xludf.DUMMYFUNCTION("""COMPUTED_VALUE"""),"14A08") | I20: =IFERROR(__xludf.DUMMYFUNCTION("""COMPUTED_VALUE"""),46190.0) | J20: =IF(I20="","",MAX(0,TODAY()-I20))
D21: =IF(C21="","",MAX(0,TODAY()-C21)) | G21: =IFERROR(__xludf.DUMMYFUNCTION("""COMPUTED_VALUE"""),14.0) | H21: =IFERROR(__xludf.DUMMYFUNCTION("""COMPUTED_VALUE"""),"14A09") | I21: =IFERROR(__xludf.DUMMYFUNCTION("""COMPUTED_VALUE"""),46190.0) | J21: =IF(I21="","",MAX(0,TODAY()-I21))
D22: =IF(C22="","",MAX(0,TODAY()-C22)) | G22: =IFERROR(__xludf.DUMMYFUNCTION("""COMPUTED_VALUE"""),14.0) | H22: =IFERROR(__xludf.DUMMYFUNCTION("""COMPUTED_VALUE"""),"14B10") | I22: =IFERROR(__xludf.DUMMYFUNCTION("""COMPUTED_VALUE"""),46179.0) | J22: =IF(I22="","",MAX(0,TODAY()-I22))
D23: =IF(C23="","",MAX(0,TODAY()-C23)) | G23: =IFERROR(__xludf.DUMMYFUNCTION("""COMPUTED_VALUE"""),14.0) | H23: =IFERROR(__xludf.DUMMYFUNCTION("""COMPUTED_VALUE"""),"14B11") | I23: =IFERROR(__xludf.DUMMYFUNCTION("""COMPUTED_VALUE"""),46179.0) | J23: =IF(I23="","",MAX(0,TODAY()-I23))
D24: =IF(C24="","",MAX(0,TODAY()-C24)) | G24: =IFERROR(__xludf.DUMMYFUNCTION("""COMPUTED_VALUE"""),14.0) | H24: =IFERROR(__xludf.DUMMYFUNCTION("""COMPUTED_VALUE"""),"14B12") | I24: =IFERROR(__xludf.DUMMYFUNCTION("""COMPUTED_VALUE"""),46179.0) | J24: =IF(I24="","",MAX(0,TODAY()-I24))
D25: =IF(C25="","",MAX(0,TODAY()-C25)) | G25: =IFERROR(__xludf.DUMMYFUNCTION("""COMPUTED_VALUE"""),14.0) | H25: =IFERROR(__xludf.DUMMYFUNCTION("""COMPUTED_VALUE"""),"14B13") | I25: =IFERROR(__xludf.DUMMYFUNCTION("""COMPUTED_VALUE"""),46179.0) | J25: =IF(I25="","",MAX(0,TODAY()-I25))
D26: =IF(C26="","",MAX(0,TODAY()-C26)) | G26: =IFERROR(__xludf.DUMMYFUNCTION("""COMPUTED_VALUE"""),18.0) | H26: =IFERROR(__xludf.DUMMYFUNCTION("""COMPUTED_VALUE"""),"18A01") | I26: =IFERROR(__xludf.DUMMYFUNCTION("""COMPUTED_VALUE"""),46172.0) | J26: =IF(I26="","",MAX(0,TODAY()-I26))
D27: =IF(C27="","",MAX(0,TODAY()-C27)) | G27: =IFERROR(__xludf.DUMMYFUNCTION("""COMPUTED_VALUE"""),18.0) | H27: =IFERROR(__xludf.DUMMYFUNCTION("""COMPUTED_VALUE"""),"18A03") | I27: =IFERROR(__xludf.DUMMYFUNCTION("""COMPUTED_VALUE"""),46202.0) | J27: =IF(I27="","",MAX(0,TODAY()-I27))
D28: =IF(C28="","",MAX(0,TODAY()-C28)) | G28: =IFERROR(__xludf.DUMMYFUNCTION("""COMPUTED_VALUE"""),18.0) | H28: =IFERROR(__xludf.DUMMYFUNCTION("""COMPUTED_VALUE"""),"18A04") | I28: =IFERROR(__xludf.DUMMYFUNCTION("""COMPUTED_VALUE"""),46211.0) | J28: =IF(I28="","",MAX(0,TODAY()-I28))
D29: =IF(C29="","",MAX(0,TODAY()-C29)) | G29: =IFERROR(__xludf.DUMMYFUNCTION("""COMPUTED_VALUE"""),18.0) | H29: =IFERROR(__xludf.DUMMYFUNCTION("""COMPUTED_VALUE"""),"18A07") | I29: =IFERROR(__xludf.DUMMYFUNCTION("""COMPUTED_VALUE"""),46207.0) | J29: =IF(I29="","",MAX(0,TODAY()-I29))
D30: =IF(C30="","",MAX(0,TODAY()-C30)) | G30: =IFERROR(__xludf.DUMMYFUNCTION("""COMPUTED_VALUE"""),18.0) | H30: =IFERROR(__xludf.DUMMYFUNCTION("""COMPUTED_VALUE"""),"18A08") | I30: =IFERROR(__xludf.DUMMYFUNCTION("""COMPUTED_VALUE"""),46211.0) | J30: =IF(I30="","",MAX(0,TODAY()-I30))
D31: =IF(C31="","",MAX(0,TODAY()-C31)) | G31: =IFERROR(__xludf.DUMMYFUNCTION("""COMPUTED_VALUE"""),18.0) | H31: =IFERROR(__xludf.DUMMYFUNCTION("""COMPUTED_VALUE"""),"18A09") | I31: =IFERROR(__xludf.DUMMYFUNCTION("""COMPUTED_VALUE"""),46211.0) | J31: =IF(I31="","",MAX(0,TODAY()-I31))
D32: =IF(C32="","",MAX(0,TODAY()-C32)) | J32: =IF(I32="","",MAX(0,TODAY()-I32))
D33: =IF(C33="","",MAX(0,TODAY()-C33)) | J33: =IF(I33="","",MAX(0,TODAY()-I33))
D34: =IF(C34="","",MAX(0,TODAY()-C34)) | J34: =IF(I34="","",MAX(0,TODAY()-I34))
D35: =IF(C35="","",MAX(0,TODAY()-C35)) | J35: =IF(I35="","",MAX(0,TODAY()-I35))
D36: =IF(C36="","",MAX(0,TODAY()-C36)) | J36: =IF(I36="","",MAX(0,TODAY()-I36))
D37: =IF(C37="","",MAX(0,TODAY()-C37)) | J37: =IF(I37="","",MAX(0,TODAY()-I37))
D38: =IF(C38="","",MAX(0,TODAY()-C38)) | J38: =IF(I38="","",MAX(0,TODAY()-I38))
D39: =IF(C39="","",MAX(0,TODAY()-C39)) | J39: =IF(I39="","",MAX(0,TODAY()-I39))
D40: =IF(C40="","",MAX(0,TODAY()-C40)) | J40: =IF(I40="","",MAX(0,TODAY()-I40))
D41: =IF(C41="","",MAX(0,TODAY()-C41)) | J41: =IF(I41="","",MAX(0,TODAY()-I41))
D42: =IF(C42="","",MAX(0,TODAY()-C42)) | J42: =IF(I42="","",MAX(0,TODAY()-I42))
D43: =IF(C43="","",MAX(0,TODAY()-C43)) | J43: =IF(I43="","",MAX(0,TODAY()-I43))
... D99: =IF(C99="","",MAX(0,TODAY()-C99)) | J99: =IF(I99="","",MAX(0,TODAY()-I99))
A100: {=IFERROR(INDEX('Master Stock'!$C$2:$C$99,MATCH(ROWS($A$9:A100),'Master Stock'!$N$2:$N$99,0)),"")} | B100: {=IFERROR(INDEX('Master Stock'!$D$2:$D$99,MATCH(ROWS($A$9:A100),'Master Stock'!$N$2:$N$99,0)),"")} | C100: {=IF(A100="","",IFERROR(INDEX('Master Stock'!$J$2:$J$99,MATCH(ROWS($A$9:A100),'Master Stock'!$N$2:$N$99,0)),""))} | D100: =IF(C100="","",MAX(0,TODAY()-C100)) | G100: {=IFERROR(INDEX('Master Stock'!$C$2:$C$99,MATCH(ROWS($G$9:G100),'Master Stock'!$P$2:$P$99,0)),"")} | H100: {=IFERROR(INDEX('Master Stock'!$D$2:$D$99,MATCH(ROWS($G$9:G100),'Master Stock'!$P$2:$P$99,0)),"")} | I100: {=IF(G100="","",IFERROR(INDEX('Master Stock'!$J$2:$J$99,MATCH(ROWS($G$9:G100),'Master Stock'!$P$2:$P$99,0)),""))} | J100: =IF(I100="","",MAX(0,TODAY()-I100))
A101: {=IFERROR(INDEX('Master Stock'!$C$2:$C$99,MATCH(ROWS($A$9:A101),'Master Stock'!$N$2:$N$99,0)),"")} | B101: {=IFERROR(INDEX('Master Stock'!$D$2:$D$99,MATCH(ROWS($A$9:A101),'Master Stock'!$N$2:$N$99,0)),"")} | C101: {=IF(A101="","",IFERROR(INDEX('Master Stock'!$J$2:$J$99,MATCH(ROWS($A$9:A101),'Master Stock'!$N$2:$N$99,0)),""))} | D101: =IF(C101="","",MAX(0,TODAY()-C101)) | G101: {=IFERROR(INDEX('Master Stock'!$C$2:$C$99,MATCH(ROWS($G$9:G101),'Master Stock'!$P$2:$P$99,0)),"")} | H101: {=IFERROR(INDEX('Master Stock'!$D$2:$D$99,MATCH(ROWS($G$9:G101),'Master Stock'!$P$2:$P$99,0)),"")} | I101: {=IF(G101="","",IFERROR(INDEX('Master Stock'!$J$2:$J$99,MATCH(ROWS($G$9:G101),'Master Stock'!$P$2:$P$99,0)),""))} | J101: =IF(I101="","",MAX(0,TODAY()-I101))
A102: {=IFERROR(INDEX('Master Stock'!$C$2:$C$99,MATCH(ROWS($A$9:A102),'Master Stock'!$N$2:$N$99,0)),"")} | B102: {=IFERROR(INDEX('Master Stock'!$D$2:$D$99,MATCH(ROWS($A$9:A102),'Master Stock'!$N$2:$N$99,0)),"")} | C102: {=IF(A102="","",IFERROR(INDEX('Master Stock'!$J$2:$J$99,MATCH(ROWS($A$9:A102),'Master Stock'!$N$2:$N$99,0)),""))} | D102: =IF(C102="","",MAX(0,TODAY()-C102)) | G102: {=IFERROR(INDEX('Master Stock'!$C$2:$C$99,MATCH(ROWS($G$9:G102),'Master Stock'!$P$2:$P$99,0)),"")} | H102: {=IFERROR(INDEX('Master Stock'!$D$2:$D$99,MATCH(ROWS($G$9:G102),'Master Stock'!$P$2:$P$99,0)),"")} | I102: {=IF(G102="","",IFERROR(INDEX('Master Stock'!$J$2:$J$99,MATCH(ROWS($G$9:G102),'Master Stock'!$P$2:$P$99,0)),""))} | J102: =IF(I102="","",MAX(0,TODAY()-I102))
A103: {=IFERROR(INDEX('Master Stock'!$C$2:$C$99,MATCH(ROWS($A$9:A103),'Master Stock'!$N$2:$N$99,0)),"")} | B103: {=IFERROR(INDEX('Master Stock'!$D$2:$D$99,MATCH(ROWS($A$9:A103),'Master Stock'!$N$2:$N$99,0)),"")} | C103: {=IF(A103="","",IFERROR(INDEX('Master Stock'!$J$2:$J$99,MATCH(ROWS($A$9:A103),'Master Stock'!$N$2:$N$99,0)),""))} | D103: =IF(C103="","",MAX(0,TODAY()-C103)) | G103: {=IFERROR(INDEX('Master Stock'!$C$2:$C$99,MATCH(ROWS($G$9:G103),'Master Stock'!$P$2:$P$99,0)),"")} | H103: {=IFERROR(INDEX('Master Stock'!$D$2:$D$99,MATCH(ROWS($G$9:G103),'Master Stock'!$P$2:$P$99,0)),"")} | I103: {=IF(G103="","",IFERROR(INDEX('Master Stock'!$J$2:$J$99,MATCH(ROWS($G$9:G103),'Master Stock'!$P$2:$P$99,0)),""))} | J103: =IF(I103="","",MAX(0,TODAY()-I103))
A104: {=IFERROR(INDEX('Master Stock'!$C$2:$C$99,MATCH(ROWS($A$9:A104),'Master Stock'!$N$2:$N$99,0)),"")} | B104: {=IFERROR(INDEX('Master Stock'!$D$2:$D$99,MATCH(ROWS($A$9:A104),'Master Stock'!$N$2:$N$99,0)),"")} | C104: {=IF(A104="","",IFERROR(INDEX('Master Stock'!$J$2:$J$99,MATCH(ROWS($A$9:A104),'Master Stock'!$N$2:$N$99,0)),""))} | D104: =IF(C104="","",MAX(0,TODAY()-C104)) | G104: {=IFERROR(INDEX('Master Stock'!$C$2:$C$99,MATCH(ROWS($G$9:G104),'Master Stock'!$P$2:$P$99,0)),"")} | H104: {=IFERROR(INDEX('Master Stock'!$D$2:$D$99,MATCH(ROWS($G$9:G104),'Master Stock'!$P$2:$P$99,0)),"")} | I104: {=IF(G104="","",IFERROR(INDEX('Master Stock'!$J$2:$J$99,MATCH(ROWS($G$9:G104),'Master Stock'!$P$2:$P$99,0)),""))} | J104: =IF(I104="","",MAX(0,TODAY()-I104))
A105: {=IFERROR(INDEX('Master Stock'!$C$2:$C$99,MATCH(ROWS($A$9:A105),'Master Stock'!$N$2:$N$99,0)),"")} | B105: {=IFERROR(INDEX('Master Stock'!$D$2:$D$99,MATCH(ROWS($A$9:A105),'Master Stock'!$N$2:$N$99,0)),"")} | C105: {=IF(A105="","",IFERROR(INDEX('Master Stock'!$J$2:$J$99,MATCH(ROWS($A$9:A105),'Master Stock'!$N$2:$N$99,0)),""))} | D105: =IF(C105="","",MAX(0,TODAY()-C105)) | G105: {=IFERROR(INDEX('Master Stock'!$C$2:$C$99,MATCH(ROWS($G$9:G105),'Master Stock'!$P$2:$P$99,0)),"")} | H105: {=IFERROR(INDEX('Master Stock'!$D$2:$D$99,MATCH(ROWS($G$9:G105),'Master Stock'!$P$2:$P$99,0)),"")} | I105: {=IF(G105="","",IFERROR(INDEX('Master Stock'!$J$2:$J$99,MATCH(ROWS($G$9:G105),'Master Stock'!$P$2:$P$99,0)),""))} | J105: =IF(I105="","",MAX(0,TODAY()-I105))
A106: {=IFERROR(INDEX('Master Stock'!$C$2:$C$99,MATCH(ROWS($A$9:A106),'Master Stock'!$N$2:$N$99,0)),"")} | B106: {=IFERROR(INDEX('Master Stock'!$D$2:$D$99,MATCH(ROWS($A$9:A106),'Master Stock'!$N$2:$N$99,0)),"")} | C106: {=IF(A106="","",IFERROR(INDEX('Master Stock'!$J$2:$J$99,MATCH(ROWS($A$9:A106),'Master Stock'!$N$2:$N$99,0)),""))} | D106: =IF(C106="","",MAX(0,TODAY()-C106)) | G106: {=IFERROR(INDEX('Master Stock'!$C$2:$C$99,MATCH(ROWS($G$9:G106),'Master Stock'!$P$2:$P$99,0)),"")} | H106: {=IFERROR(INDEX('Master Stock'!$D$2:$D$99,MATCH(ROWS($G$9:G106),'Master Stock'!$P$2:$P$99,0)),"")} | I106: {=IF(G106="","",IFERROR(INDEX('Master Stock'!$J$2:$J$99,MATCH(ROWS($G$9:G106),'Master Stock'!$P$2:$P$99,0)),""))} | J106: =IF(I106="","",MAX(0,TODAY()-I106))
A107: {=IFERROR(INDEX('Master Stock'!$C$2:$C$99,MATCH(ROWS($A$9:A107),'Master Stock'!$N$2:$N$99,0)),"")} | B107: {=IFERROR(INDEX('Master Stock'!$D$2:$D$99,MATCH(ROWS($A$9:A107),'Master Stock'!$N$2:$N$99,0)),"")} | C107: {=IF(A107="","",IFERROR(INDEX('Master Stock'!$J$2:$J$99,MATCH(ROWS($A$9:A107),'Master Stock'!$N$2:$N$99,0)),""))} | D107: =IF(C107="","",MAX(0,TODAY()-C107)) | G107: {=IFERROR(INDEX('Master Stock'!$C$2:$C$99,MATCH(ROWS($G$9:G107),'Master Stock'!$P$2:$P$99,0)),"")} | H107: {=IFERROR(INDEX('Master Stock'!$D$2:$D$99,MATCH(ROWS($G$9:G107),'Master Stock'!$P$2:$P$99,0)),"")} | I107: {=IF(G107="","",IFERROR(INDEX('Master Stock'!$J$2:$J$99,MATCH(ROWS($G$9:G107),'Master Stock'!$P$2:$P$99,0)),""))} | J107: =IF(I107="","",MAX(0,TODAY()-I107))
A108: {=IFERROR(INDEX('Master Stock'!$C$2:$C$99,MATCH(ROWS($A$9:A108),'Master Stock'!$N$2:$N$99,0)),"")} | B108: {=IFERROR(INDEX('Master Stock'!$D$2:$D$99,MATCH(ROWS($A$9:A108),'Master Stock'!$N$2:$N$99,0)),"")} | C108: {=IF(A108="","",IFERROR(INDEX('Master Stock'!$J$2:$J$99,MATCH(ROWS($A$9:A108),'Master Stock'!$N$2:$N$99,0)),""))} | D108: =IF(C108="","",MAX(0,TODAY()-C108)) | G108: {=IFERROR(INDEX('Master Stock'!$C$2:$C$99,MATCH(ROWS($G$9:G108),'Master Stock'!$P$2:$P$99,0)),"")} | H108: {=IFERROR(INDEX('Master Stock'!$D$2:$D$99,MATCH(ROWS($G$9:G108),'Master Stock'!$P$2:$P$99,0)),"")} | I108: {=IF(G108="","",IFERROR(INDEX('Master Stock'!$J$2:$J$99,MATCH(ROWS($G$9:G108),'Master Stock'!$P$2:$P$99,0)),""))} | J108: =IF(I108="","",MAX(0,TODAY()-I108))
A1002: Shambhu Dayal Meena TA-II FSD Sabarmati

Sheet Master Stock
B1: Receipt Date | C1: Shed No. | D1: Stack No. | E1: Bags | F1: Qty (MT) | G1: Commodity / Crop Year | H1: Status | I1: Storage Period (Days) | J1: Fumigation Date | K1: Degassing Date | L1: LAST FUMIGATION | M1: UnderCover_Flag | N1: UnderCover_Rank | O1: DegassingDue_Flag | P1: DegassingDue_Rank | Q1: Wheat FIFO Rank | R1: Rice FIFO Rank | S1: DESHBOARD
A2: =IF(D2="","",ROWS($D$2:D2)) | B2: 46122 | C2: 9 | D2: 9A01 | E2: 3501 | F2: 170.75947 | G2: FRK RRA 2024-25 | H2: =IF(AND(E2="",F2="",G2=""),"EMPTY","OCCUPIED") | I2: =IF(B2="","",IF(ISNUMBER(B2),MAX(0,TODAY()-B2),"")) | L2: 46162 | M2: =IF(AND(H2="OCCUPIED",ISNUMBER(J2),K2=""),1,0) | N2: =IF(M2=1,COUNTIF($M$2:M2,1),"") | O2: =IF(AND(H2="OCCUPIED",ISNUMBER(J2),K2=""),--(TODAY()-J2>5),0) | P2: =IF(O2=1,COUNTIF($O$2:O2,1),"") | Q2: =IF(OR(B2="",G2="",H2<>"OCCUPIED"),"",IF(ISNUMBER(SEARCH("WHEAT",G2)),SUMPRODUCT(--ISNUMBER(SEARCH("WHEAT",$G$2:$G$99)),--($H$2:$H$99="OCCUPIED"),--($B$2:$B$99<>""),--(IFERROR(VALUE(LEFT(RIGHT($G$2:$G$99,7),4)),999)<IFERROR(VALUE(LEFT(RIGHT(G2,7),4)),999)))+SUMPRODUCT(--ISNUMBER(SEARCH("WHEAT",$G$2:$G$99)),--($H$2:$H$99="OCCUPIED"),--($B$2:$B$99<>""),--(IFERROR(VALUE(LEFT(RIGHT($G$2:$G$99,7),4)),999)=IFERROR(VALUE(LEFT(RIGHT(G2,7),4)),999)),--($B$2:$B$99<B2))+SUMPRODUCT(--ISNUMBER(SEARCH("WHEAT",$G$2:$G$99)),--($H$2:$H$99="OCCUPIED"),--($B$2:$B$99<>""),--(IFERROR(VALUE(LEFT(RIGHT($G$2:$G$99,7),4)),999)=IFERROR(VALUE(LEFT(RIGHT(G2,7),4)),999)),--($B$2:$B$99=B2),--(ROW($B$2:$B$99)<=ROW())),"")) | R2: =IF(OR(B2="",G2="",H2<>"OCCUPIED"),"",IF(ISERROR(SEARCH("WHEAT",G2)),SUMPRODUCT(--ISERROR(SEARCH("WHEAT",$G$2:$G$99)),--($H$2:$H$99="OCCUPIED"),--($B$2:$B$99<>""),--(IFERROR(VALUE(LEFT(RIGHT($G$2:$G$99,7),4)),999)<IFERROR(VALUE(LEFT(RIGHT(G2,7),4)),999)))+SUMPRODUCT(--ISERROR(SEARCH("WHEAT",$G$2:$G$99)),--($H$2:$H$99="OCCUPIED"),--($B$2:$B$99<>""),--(IFERROR(VALUE(LEFT(RIGHT($G$2:$G$99,7),4)),999)=IFERROR(VALUE(LEFT(RIGHT(G2,7),4)),999)),--($B$2:$B$99<B2))+SUMPRODUCT(--ISERROR(SEARCH("WHEAT",$G$2:$G$99)),--($H$2:$H$99="OCCUPIED"),--($B$2:$B$99<>""),--(IFERROR(VALUE(LEFT(RIGHT($G$2:$G$99,7),4)),999)=IFERROR(VALUE(LEFT(RIGHT(G2,7),4)),999)),--($B$2:$B$99=B2),--(ROW($B$2:$B$99)<=ROW())),""))
A3: =IF(D3="","",ROWS($D$2:D3)) | B3: 45823 | C3: 9 | D3: 9A02 | E3: 3501 | F3: 173.68484 | G3: WHEAT FAQ 2025-26 | H3: =IF(AND(E3="",F3="",G3=""),"EMPTY","OCCUPIED") | I3: =IF(B3="","",IF(ISNUMBER(B3),MAX(0,TODAY()-B3),"")) | L3: 46228 | M3: =IF(AND(H3="OCCUPIED",ISNUMBER(J3),K3=""),1,0) | N3: =IF(M3=1,COUNTIF($M$2:M3,1),"") | O3: =IF(AND(H3="OCCUPIED",ISNUMBER(J3),K3=""),--(TODAY()-J3>5),0) | P3: =IF(O3=1,COUNTIF($O$2:O3,1),"") | Q3: =IF(OR(B3="",G3="",H3<>"OCCUPIED"),"",IF(ISNUMBER(SEARCH("WHEAT",G3)),SUMPRODUCT(--ISNUMBER(SEARCH("WHEAT",$G$2:$G$99)),--($H$2:$H$99="OCCUPIED"),--($B$2:$B$99<>""),--(IFERROR(VALUE(LEFT(RIGHT($G$2:$G$99,7),4)),999)<IFERROR(VALUE(LEFT(RIGHT(G3,7),4)),999)))+SUMPRODUCT(--ISNUMBER(SEARCH("WHEAT",$G$2:$G$99)),--($H$2:$H$99="OCCUPIED"),--($B$2:$B$99<>""),--(IFERROR(VALUE(LEFT(RIGHT($G$2:$G$99,7),4)),999)=IFERROR(VALUE(LEFT(RIGHT(G3,7),4)),999)),--($B$2:$B$99<B3))+SUMPRODUCT(--ISNUMBER(SEARCH("WHEAT",$G$2:$G$99)),--($H$2:$H$99="OCCUPIED"),--($B$2:$B$99<>""),--(IFERROR(VALUE(LEFT(RIGHT($G$2:$G$99,7),4)),999)=IFERROR(VALUE(LEFT(RIGHT(G3,7),4)),999)),--($B$2:$B$99=B3),--(ROW($B$2:$B$99)<=ROW())),"")) | R3: =IF(OR(B3="",G3="",H3<>"OCCUPIED"),"",IF(ISERROR(SEARCH("WHEAT",G3)),SUMPRODUCT(--ISERROR(SEARCH("WHEAT",$G$2:$G$99)),--($H$2:$H$99="OCCUPIED"),--($B$2:$B$99<>""),--(IFERROR(VALUE(LEFT(RIGHT($G$2:$G$99,7),4)),999)<IFERROR(VALUE(LEFT(RIGHT(G3,7),4)),999)))+SUMPRODUCT(--ISERROR(SEARCH("WHEAT",$G$2:$G$99)),--($H$2:$H$99="OCCUPIED"),--($B$2:$B$99<>""),--(IFERROR(VALUE(LEFT(RIGHT($G$2:$G$99,7),4)),999)=IFERROR(VALUE(LEFT(RIGHT(G3,7),4)),999)),--($B$2:$B$99<B3))+SUMPRODUCT(--ISERROR(SEARCH("WHEAT",$G$2:$G$99)),--($H$2:$H$99="OCCUPIED"),--($B$2:$B$99<>""),--(IFERROR(VALUE(LEFT(RIGHT($G$2:$G$99,7),4)),999)=IFERROR(VALUE(LEFT(RIGHT(G3,7),4)),999)),--($B$2:$B$99=B3),--(ROW($B$2:$B$99)<=ROW())),""))
A4: =IF(D4="","",ROWS($D$2:D4)) | B4: 45775 | C4: 9 | D4: 9A03 | E4: 3501 | F4: 174.7199 | G4: WHEAT FAQ 2025-26 | H4: =IF(AND(E4="",F4="",G4=""),"EMPTY","OCCUPIED") | I4: =IF(B4="","",IF(ISNUMBER(B4),MAX(0,TODAY()-B4),"")) | J4: 46265 | L4: 46265 | M4: =IF(AND(H4="OCCUPIED",ISNUMBER(J4),K4=""),1,0) | N4: =IF(M4=1,COUNTIF($M$2:M4,1),"") | O4: =IF(AND(H4="OCCUPIED",ISNUMBER(J4),K4=""),--(TODAY()-J4>5),0) | P4: =IF(O4=1,COUNTIF($O$2:O4,1),"") | Q4: =IF(OR(B4="",G4="",H4<>"OCCUPIED"),"",IF(ISNUMBER(SEARCH("WHEAT",G4)),SUMPRODUCT(--ISNUMBER(SEARCH("WHEAT",$G$2:$G$99)),--($H$2:$H$99="OCCUPIED"),--($B$2:$B$99<>""),--(IFERROR(VALUE(LEFT(RIGHT($G$2:$G$99,7),4)),999)<IFERROR(VALUE(LEFT(RIGHT(G4,7),4)),999)))+SUMPRODUCT(--ISNUMBER(SEARCH("WHEAT",$G$2:$G$99)),--($H$2:$H$99="OCCUPIED"),--($B$2:$B$99<>""),--(IFERROR(VALUE(LEFT(RIGHT($G$2:$G$99,7),4)),999)=IFERROR(VALUE(LEFT(RIGHT(G4,7),4)),999)),--($B$2:$B$99<B4))+SUMPRODUCT(--ISNUMBER(SEARCH("WHEAT",$G$2:$G$99)),--($H$2:$H$99="OCCUPIED"),--($B$2:$B$99<>""),--(IFERROR(VALUE(LEFT(RIGHT($G$2:$G$99,7),4)),999)=IFERROR(VALUE(LEFT(RIGHT(G4,7),4)),999)),--($B$2:$B$99=B4),--(ROW($B$2:$B$99)<=ROW())),"")) | R4: =IF(OR(B4="",G4="",H4<>"OCCUPIED"),"",IF(ISERROR(SEARCH("WHEAT",G4)),SUMPRODUCT(--ISERROR(SEARCH("WHEAT",$G$2:$G$99)),--($H$2:$H$99="OCCUPIED"),--($B$2:$B$99<>""),--(IFERROR(VALUE(LEFT(RIGHT($G$2:$G$99,7),4)),999)<IFERROR(VALUE(LEFT(RIGHT(G4,7),4)),999)))+SUMPRODUCT(--ISERROR(SEARCH("WHEAT",$G$2:$G$99)),--($H$2:$H$99="OCCUPIED"),--($B$2:$B$99<>""),--(IFERROR(VALUE(LEFT(RIGHT($G$2:$G$99,7),4)),999)=IFERROR(VALUE(LEFT(RIGHT(G4,7),4)),999)),--($B$2:$B$99<B4))+SUMPRODUCT(--ISERROR(SEARCH("WHEAT",$G$2:$G$99)),--($H$2:$H$99="OCCUPIED"),--($B$2:$B$99<>""),--(IFERROR(VALUE(LEFT(RIGHT($G$2:$G$99,7),4)),999)=IFERROR(VALUE(LEFT(RIGHT(G4,7),4)),999)),--($B$2:$B$99=B4),--(ROW($B$2:$B$99)<=ROW())),""))
A5: =IF(D5="","",ROWS($D$2:D5)) | B5: 46220 | C5: 9 | D5: 9A04 | E5: 3413 | F5: 164.83576 | G5: FRK RRA 2023-24 | H5: =IF(AND(E5="",F5="",G5=""),"EMPTY","OCCUPIED") | I5: =IF(B5="","",IF(ISNUMBER(B5),MAX(0,TODAY()-B5),"")) | L5: 46235 | M5: =IF(AND(H5="OCCUPIED",ISNUMBER(J5),K5=""),1,0) | N5: =IF(M5=1,COUNTIF($M$2:M5,1),"") | O5: =IF(AND(H5="OCCUPIED",ISNUMBER(J5),K5=""),--(TODAY()-J5>5),0) | P5: =IF(O5=1,COUNTIF($O$2:O5,1),"") | Q5: =IF(OR(B5="",G5="",H5<>"OCCUPIED"),"",IF(ISNUMBER(SEARCH("WHEAT",G5)),SUMPRODUCT(--ISNUMBER(SEARCH("WHEAT",$G$2:$G$99)),--($H$2:$H$99="OCCUPIED"),--($B$2:$B$99<>""),--(IFERROR(VALUE(LEFT(RIGHT($G$2:$G$99,7),4)),999)<IFERROR(VALUE(LEFT(RIGHT(G5,7),4)),999)))+SUMPRODUCT(--ISNUMBER(SEARCH("WHEAT",$G$2:$G$99)),--($H$2:$H$99="OCCUPIED"),--($B$2:$B$99<>""),--(IFERROR(VALUE(LEFT(RIGHT($G$2:$G$99,7),4)),999)=IFERROR(VALUE(LEFT(RIGHT(G5,7),4)),999)),--($B$2:$B$99<B5))+SUMPRODUCT(--ISNUMBER(SEARCH("WHEAT",$G$2:$G$99)),--($H$2:$H$99="OCCUPIED"),--($B$2:$B$99<>""),--(IFERROR(VALUE(LEFT(RIGHT($G$2:$G$99,7),4)),999)=IFERROR(VALUE(LEFT(RIGHT(G5,7),4)),999)),--($B$2:$B$99=B5),--(ROW($B$2:$B$99)<=ROW())),"")) | R5: =IF(OR(B5="",G5="",H5<>"OCCUPIED"),"",IF(ISERROR(SEARCH("WHEAT",G5)),SUMPRODUCT(--ISERROR(SEARCH("WHEAT",$G$2:$G$99)),--($H$2:$H$99="OCCUPIED"),--($B$2:$B$99<>""),--(IFERROR(VALUE(LEFT(RIGHT($G$2:$G$99,7),4)),999)<IFERROR(VALUE(LEFT(RIGHT(G5,7),4)),999)))+SUMPRODUCT(--ISERROR(SEARCH("WHEAT",$G$2:$G$99)),--($H$2:$H$99="OCCUPIED"),--($B$2:$B$99<>""),--(IFERROR(VALUE(LEFT(RIGHT($G$2:$G$99,7),4)),999)=IFERROR(VALUE(LEFT(RIGHT(G5,7),4)),999)),--($B$2:$B$99<B5))+SUMPRODUCT(--ISERROR(SEARCH("WHEAT",$G$2:$G$99)),--($H$2:$H$99="OCCUPIED"),--($B$2:$B$99<>""),--(IFERROR(VALUE(LEFT(RIGHT($G$2:$G$99,7),4)),999)=IFERROR(VALUE(LEFT(RIGHT(G5,7),4)),999)),--($B$2:$B$99=B5),--(ROW($B$2:$B$99)<=ROW())),""))
A6: =IF(D6="","",ROWS($D$2:D6)) | B6: 45812 | C6: 9 | D6: 9A05 | E6: 3501 | F6: 174.25028 | G6: WHEAT FAQ 2025-26 | H6: =IF(AND(E6="",F6="",G6=""),"EMPTY","OCCUPIED") | I6: =IF(B6="","",IF(ISNUMBER(B6),MAX(0,TODAY()-B6),"")) | L6: 46156 | M6: =IF(AND(H6="OCCUPIED",ISNUMBER(J6),K6=""),1,0) | N6: =IF(M6=1,COUNTIF($M$2:M6,1),"") | O6: =IF(AND(H6="OCCUPIED",ISNUMBER(J6),K6=""),--(TODAY()-J6>5),0) | P6: =IF(O6=1,COUNTIF($O$2:O6,1),"") | Q6: =IF(OR(B6="",G6="",H6<>"OCCUPIED"),"",IF(ISNUMBER(SEARCH("WHEAT",G6)),SUMPRODUCT(--ISNUMBER(SEARCH("WHEAT",$G$2:$G$99)),--($H$2:$H$99="OCCUPIED"),--($B$2:$B$99<>""),--(IFERROR(VALUE(LEFT(RIGHT($G$2:$G$99,7),4)),999)<IFERROR(VALUE(LEFT(RIGHT(G6,7),4)),999)))+SUMPRODUCT(--ISNUMBER(SEARCH("WHEAT",$G$2:$G$99)),--($H$2:$H$99="OCCUPIED"),--($B$2:$B$99<>""),--(IFERROR(VALUE(LEFT(RIGHT($G$2:$G$99,7),4)),999)=IFERROR(VALUE(LEFT(RIGHT(G6,7),4)),999)),--($B$2:$B$99<B6))+SUMPRODUCT(--ISNUMBER(SEARCH("WHEAT",$G$2:$G$99)),--($H$2:$H$99="OCCUPIED"),--($B$2:$B$99<>""),--(IFERROR(VALUE(LEFT(RIGHT($G$2:$G$99,7),4)),999)=IFERROR(VALUE(LEFT(RIGHT(G6,7),4)),999)),--($B$2:$B$99=B6),--(ROW($B$2:$B$99)<=ROW())),"")) | R6: =IF(OR(B6="",G6="",H6<>"OCCUPIED"),"",IF(ISERROR(SEARCH("WHEAT",G6)),SUMPRODUCT(--ISERROR(SEARCH("WHEAT",$G$2:$G$99)),--($H$2:$H$99="OCCUPIED"),--($B$2:$B$99<>""),--(IFERROR(VALUE(LEFT(RIGHT($G$2:$G$99,7),4)),999)<IFERROR(VALUE(LEFT(RIGHT(G6,7),4)),999)))+SUMPRODUCT(--ISERROR(SEARCH("WHEAT",$G$2:$G$99)),--($H$2:$H$99="OCCUPIED"),--($B$2:$B$99<>""),--(IFERROR(VALUE(LEFT(RIGHT($G$2:$G$99,7),4)),999)=IFERROR(VALUE(LEFT(RIGHT(G6,7),4)),999)),--($B$2:$B$99<B6))+SUMPRODUCT(--ISERROR(SEARCH("WHEAT",$G$2:$G$99)),--($H$2:$H$99="OCCUPIED"),--($B$2:$B$99<>""),--(IFERROR(VALUE(LEFT(RIGHT($G$2:$G$99,7),4)),999)=IFERROR(VALUE(LEFT(RIGHT(G6,7),4)),999)),--($B$2:$B$99=B6),--(ROW($B$2:$B$99)<=ROW())),""))
A7: =IF(D7="","",ROWS($D$2:D7)) | C7: 9 | D7: 9A06 | H7: =IF(AND(E7="",F7="",G7=""),"EMPTY","OCCUPIED") | I7: =IF(B7="","",IF(ISNUMBER(B7),MAX(0,TODAY()-B7),"")) | M7: =IF(AND(H7="OCCUPIED",ISNUMBER(J7),K7=""),1,0) | N7: =IF(M7=1,COUNTIF($M$2:M7,1),"") | O7: =IF(AND(H7="OCCUPIED",ISNUMBER(J7),K7=""),--(TODAY()-J7>5),0) | P7: =IF(O7=1,COUNTIF($O$2:O7,1),"") | Q7: =IF(OR(B7="",G7="",H7<>"OCCUPIED"),"",IF(ISNUMBER(SEARCH("WHEAT",G7)),SUMPRODUCT(--ISNUMBER(SEARCH("WHEAT",$G$2:$G$99)),--($H$2:$H$99="OCCUPIED"),--($B$2:$B$99<>""),--(IFERROR(VALUE(LEFT(RIGHT($G$2:$G$99,7),4)),999)<IFERROR(VALUE(LEFT(RIGHT(G7,7),4)),999)))+SUMPRODUCT(--ISNUMBER(SEARCH("WHEAT",$G$2:$G$99)),--($H$2:$H$99="OCCUPIED"),--($B$2:$B$99<>""),--(IFERROR(VALUE(LEFT(RIGHT($G$2:$G$99,7),4)),999)=IFERROR(VALUE(LEFT(RIGHT(G7,7),4)),999)),--($B$2:$B$99<B7))+SUMPRODUCT(--ISNUMBER(SEARCH("WHEAT",$G$2:$G$99)),--($H$2:$H$99="OCCUPIED"),--($B$2:$B$99<>""),--(IFERROR(VALUE(LEFT(RIGHT($G$2:$G$99,7),4)),999)=IFERROR(VALUE(LEFT(RIGHT(G7,7),4)),999)),--($B$2:$B$99=B7),--(ROW($B$2:$B$99)<=ROW())),"")) | R7: =IF(OR(B7="",G7="",H7<>"OCCUPIED"),"",IF(ISERROR(SEARCH("WHEAT",G7)),SUMPRODUCT(--ISERROR(SEARCH("WHEAT",$G$2:$G$99)),--($H$2:$H$99="OCCUPIED"),--($B$2:$B$99<>""),--(IFERROR(VALUE(LEFT(RIGHT($G$2:$G$99,7),4)),999)<IFERROR(VALUE(LEFT(RIGHT(G7,7),4)),999)))+SUMPRODUCT(--ISERROR(SEARCH("WHEAT",$G$2:$G$99)),--($H$2:$H$99="OCCUPIED"),--($B$2:$B$99<>""),--(IFERROR(VALUE(LEFT(RIGHT($G$2:$G$99,7),4)),999)=IFERROR(VALUE(LEFT(RIGHT(G7,7),4)),999)),--($B$2:$B$99<B7))+SUMPRODUCT(--ISERROR(SEARCH("WHEAT",$G$2:$G$99)),--($H$2:$H$99="OCCUPIED"),--($B$2:$B$99<>""),--(IFERROR(VALUE(LEFT(RIGHT($G$2:$G$99,7),4)),999)=IFERROR(VALUE(LEFT(RIGHT(G7,7),4)),999)),--($B$2:$B$99=B7),--(ROW($B$2:$B$99)<=ROW())),""))
A8: =IF(D8="","",ROWS($D$2:D8)) | B8: 45954 | C8: 9 | D8: 9A07 | E8: 3501 | F8: 172.96462 | G8: FRK RRA 2024-25 | H8: =IF(AND(E8="",F8="",G8=""),"EMPTY","OCCUPIED") | I8: =IF(B8="","",IF(ISNUMBER(B8),MAX(0,TODAY()-B8),"")) | L8: 46228 | M8: =IF(AND(H8="OCCUPIED",ISNUMBER(J8),K8=""),1,0) | N8: =IF(M8=1,COUNTIF($M$2:M8,1),"") | O8: =IF(AND(H8="OCCUPIED",ISNUMBER(J8),K8=""),--(TODAY()-J8>5),0) | P8: =IF(O8=1,COUNTIF($O$2:O8,1),"") | Q8: =IF(OR(B8="",G8="",H8<>"OCCUPIED"),"",IF(ISNUMBER(SEARCH("WHEAT",G8)),SUMPRODUCT(--ISNUMBER(SEARCH("WHEAT",$G$2:$G$99)),--($H$2:$H$99="OCCUPIED"),--($B$2:$B$99<>""),--(IFERROR(VALUE(LEFT(RIGHT($G$2:$G$99,7),4)),999)<IFERROR(VALUE(LEFT(RIGHT(G8,7),4)),999)))+SUMPRODUCT(--ISNUMBER(SEARCH("WHEAT",$G$2:$G$99)),--($H$2:$H$99="OCCUPIED"),--($B$2:$B$99<>""),--(IFERROR(VALUE(LEFT(RIGHT($G$2:$G$99,7),4)),999)=IFERROR(VALUE(LEFT(RIGHT(G8,7),4)),999)),--($B$2:$B$99<B8))+SUMPRODUCT(--ISNUMBER(SEARCH("WHEAT",$G$2:$G$99)),--($H$2:$H$99="OCCUPIED"),--($B$2:$B$99<>""),--(IFERROR(VALUE(LEFT(RIGHT($G$2:$G$99,7),4)),999)=IFERROR(VALUE(LEFT(RIGHT(G8,7),4)),999)),--($B$2:$B$99=B8),--(ROW($B$2:$B$99)<=ROW())),"")) | R8: =IF(OR(B8="",G8="",H8<>"OCCUPIED"),"",IF(ISERROR(SEARCH("WHEAT",G8)),SUMPRODUCT(--ISERROR(SEARCH("WHEAT",$G$2:$G$99)),--($H$2:$H$99="OCCUPIED"),--($B$2:$B$99<>""),--(IFERROR(VALUE(LEFT(RIGHT($G$2:$G$99,7),4)),999)<IFERROR(VALUE(LEFT(RIGHT(G8,7),4)),999)))+SUMPRODUCT(--ISERROR(SEARCH("WHEAT",$G$2:$G$99)),--($H$2:$H$99="OCCUPIED"),--($B$2:$B$99<>""),--(IFERROR(VALUE(LEFT(RIGHT($G$2:$G$99,7),4)),999)=IFERROR(VALUE(LEFT(RIGHT(G8,7),4)),999)),--($B$2:$B$99<B8))+SUMPRODUCT(--ISERROR(SEARCH("WHEAT",$G$2:$G$99)),--($H$2:$H$99="OCCUPIED"),--($B$2:$B$99<>""),--(IFERROR(VALUE(LEFT(RIGHT($G$2:$G$99,7),4)),999)=IFERROR(VALUE(LEFT(RIGHT(G8,7),4)),999)),--($B$2:$B$99=B8),--(ROW($B$2:$B$99)<=ROW())),""))
A9: =IF(D9="","",ROWS($D$2:D9)) | B9: 46107 | C9: 9 | D9: 9A08 | E9: 3501 | F9: 173.95336 | G9: FRK RRA 2024-25 | H9: =IF(AND(E9="",F9="",G9=""),"EMPTY","OCCUPIED") | I9: =IF(B9="","",IF(ISNUMBER(B9),MAX(0,TODAY()-B9),"")) | L9: 46232 | M9: =IF(AND(H9="OCCUPIED",ISNUMBER(J9),K9=""),1,0) | N9: =IF(M9=1,COUNTIF($M$2:M9,1),"") | O9: =IF(AND(H9="OCCUPIED",ISNUMBER(J9),K9=""),--(TODAY()-J9>5),0) | P9: =IF(O9=1,COUNTIF($O$2:O9,1),"") | Q9: =IF(OR(B9="",G9="",H9<>"OCCUPIED"),"",IF(ISNUMBER(SEARCH("WHEAT",G9)),SUMPRODUCT(--ISNUMBER(SEARCH("WHEAT",$G$2:$G$99)),--($H$2:$H$99="OCCUPIED"),--($B$2:$B$99<>""),--(IFERROR(VALUE(LEFT(RIGHT($G$2:$G$99,7),4)),999)<IFERROR(VALUE(LEFT(RIGHT(G9,7),4)),999)))+SUMPRODUCT(--ISNUMBER(SEARCH("WHEAT",$G$2:$G$99)),--($H$2:$H$99="OCCUPIED"),--($B$2:$B$99<>""),--(IFERROR(VALUE(LEFT(RIGHT($G$2:$G$99,7),4)),999)=IFERROR(VALUE(LEFT(RIGHT(G9,7),4)),999)),--($B$2:$B$99<B9))+SUMPRODUCT(--ISNUMBER(SEARCH("WHEAT",$G$2:$G$99)),--($H$2:$H$99="OCCUPIED"),--($B$2:$B$99<>""),--(IFERROR(VALUE(LEFT(RIGHT($G$2:$G$99,7),4)),999)=IFERROR(VALUE(LEFT(RIGHT(G9,7),4)),999)),--($B$2:$B$99=B9),--(ROW($B$2:$B$99)<=ROW())),"")) | R9: =IF(OR(B9="",G9="",H9<>"OCCUPIED"),"",IF(ISERROR(SEARCH("WHEAT",G9)),SUMPRODUCT(--ISERROR(SEARCH("WHEAT",$G$2:$G$99)),--($H$2:$H$99="OCCUPIED"),--($B$2:$B$99<>""),--(IFERROR(VALUE(LEFT(RIGHT($G$2:$G$99,7),4)),999)<IFERROR(VALUE(LEFT(RIGHT(G9,7),4)),999)))+SUMPRODUCT(--ISERROR(SEARCH("WHEAT",$G$2:$G$99)),--($H$2:$H$99="OCCUPIED"),--($B$2:$B$99<>""),--(IFERROR(VALUE(LEFT(RIGHT($G$2:$G$99,7),4)),999)=IFERROR(VALUE(LEFT(RIGHT(G9,7),4)),999)),--($B$2:$B$99<B9))+SUMPRODUCT(--ISERROR(SEARCH("WHEAT",$G$2:$G$99)),--($H$2:$H$99="OCCUPIED"),--($B$2:$B$99<>""),--(IFERROR(VALUE(LEFT(RIGHT($G$2:$G$99,7),4)),999)=IFERROR(VALUE(LEFT(RIGHT(G9,7),4)),999)),--($B$2:$B$99=B9),--(ROW($B$2:$B$99)<=ROW())),""))
A10: =IF(D10="","",ROWS($D$2:D10)) | C10: 9 | D10: 9A09 | H10: =IF(AND(E10="",F10="",G10=""),"EMPTY","OCCUPIED") | I10: =IF(B10="","",IF(ISNUMBER(B10),MAX(0,TODAY()-B10),"")) | M10: =IF(AND(H10="OCCUPIED",ISNUMBER(J10),K10=""),1,0) | N10: =IF(M10=1,COUNTIF($M$2:M10,1),"") | O10: =IF(AND(H10="OCCUPIED",ISNUMBER(J10),K10=""),--(TODAY()-J10>5),0) | P10: =IF(O10=1,COUNTIF($O$2:O10,1),"") | Q10: =IF(OR(B10="",G10="",H10<>"OCCUPIED"),"",IF(ISNUMBER(SEARCH("WHEAT",G10)),SUMPRODUCT(--ISNUMBER(SEARCH("WHEAT",$G$2:$G$99)),--($H$2:$H$99="OCCUPIED"),--($B$2:$B$99<>""),--(IFERROR(VALUE(LEFT(RIGHT($G$2:$G$99,7),4)),999)<IFERROR(VALUE(LEFT(RIGHT(G10,7),4)),999)))+SUMPRODUCT(--ISNUMBER(SEARCH("WHEAT",$G$2:$G$99)),--($H$2:$H$99="OCCUPIED"),--($B$2:$B$99<>""),--(IFERROR(VALUE(LEFT(RIGHT($G$2:$G$99,7),4)),999)=IFERROR(VALUE(LEFT(RIGHT(G10,7),4)),999)),--($B$2:$B$99<B10))+SUMPRODUCT(--ISNUMBER(SEARCH("WHEAT",$G$2:$G$99)),--($H$2:$H$99="OCCUPIED"),--($B$2:$B$99<>""),--(IFERROR(VALUE(LEFT(RIGHT($G$2:$G$99,7),4)),999)=IFERROR(VALUE(LEFT(RIGHT(G10,7),4)),999)),--($B$2:$B$99=B10),--(ROW($B$2:$B$99)<=ROW())),"")) | R10: =IF(OR(B10="",G10="",H10<>"OCCUPIED"),"",IF(ISERROR(SEARCH("WHEAT",G10)),SUMPRODUCT(--ISERROR(SEARCH("WHEAT",$G$2:$G$99)),--($H$2:$H$99="OCCUPIED"),--($B$2:$B$99<>""),--(IFERROR(VALUE(LEFT(RIGHT($G$2:$G$99,7),4)),999)<IFERROR(VALUE(LEFT(RIGHT(G10,7),4)),999)))+SUMPRODUCT(--ISERROR(SEARCH("WHEAT",$G$2:$G$99)),--($H$2:$H$99="OCCUPIED"),--($B$2:$B$99<>""),--(IFERROR(VALUE(LEFT(RIGHT($G$2:$G$99,7),4)),999)=IFERROR(VALUE(LEFT(RIGHT(G10,7),4)),999)),--($B$2:$B$99<B10))+SUMPRODUCT(--ISERROR(SEARCH("WHEAT",$G$2:$G$99)),--($H$2:$H$99="OCCUPIED"),--($B$2:$B$99<>""),--(IFERROR(VALUE(LEFT(RIGHT($G$2:$G$99,7),4)),999)=IFERROR(VALUE(LEFT(RIGHT(G10,7),4)),999)),--($B$2:$B$99=B10),--(ROW($B$2:$B$99)<=ROW())),""))
A11: =IF(D11="","",ROWS($D$2:D11)) | B11: 46112 | C11: 9 | D11: 9B10 | E11: 3501 | F11: 170.64756 | G11: FRK RRA 2024-25 | H11: =IF(AND(E11="",F11="",G11=""),"EMPTY","OCCUPIED") | I11: =IF(B11="","",IF(ISNUMBER(B11),MAX(0,TODAY()-B11),"")) | L11: 46255 | M11: =IF(AND(H11="OCCUPIED",ISNUMBER(J11),K11=""),1,0) | N11: =IF(M11=1,COUNTIF($M$2:M11,1),"") | O11: =IF(AND(H11="OCCUPIED",ISNUMBER(J11),K11=""),--(TODAY()-J11>5),0) | P11: =IF(O11=1,COUNTIF($O$2:O11,1),"") | Q11: =IF(OR(B11="",G11="",H11<>"OCCUPIED"),"",IF(ISNUMBER(SEARCH("WHEAT",G11)),SUMPRODUCT(--ISNUMBER(SEARCH("WHEAT",$G$2:$G$99)),--($H$2:$H$99="OCCUPIED"),--($B$2:$B$99<>""),--(IFERROR(VALUE(LEFT(RIGHT($G$2:$G$99,7),4)),999)<IFERROR(VALUE(LEFT(RIGHT(G11,7),4)),999)))+SUMPRODUCT(--ISNUMBER(SEARCH("WHEAT",$G$2:$G$99)),--($H$2:$H$99="OCCUPIED"),--($B$2:$B$99<>""),--(IFERROR(VALUE(LEFT(RIGHT($G$2:$G$99,7),4)),999)=IFERROR(VALUE(LEFT(RIGHT(G11,7),4)),999)),--($B$2:$B$99<B11))+SUMPRODUCT(--ISNUMBER(SEARCH("WHEAT",$G$2:$G$99)),--($H$2:$H$99="OCCUPIED"),--($B$2:$B$99<>""),--(IFERROR(VALUE(LEFT(RIGHT($G$2:$G$99,7),4)),999)=IFERROR(VALUE(LEFT(RIGHT(G11,7),4)),999)),--($B$2:$B$99=B11),--(ROW($B$2:$B$99)<=ROW())),"")) | R11: =IF(OR(B11="",G11="",H11<>"OCCUPIED"),"",IF(ISERROR(SEARCH("WHEAT",G11)),SUMPRODUCT(--ISERROR(SEARCH("WHEAT",$G$2:$G$99)),--($H$2:$H$99="OCCUPIED"),--($B$2:$B$99<>""),--(IFERROR(VALUE(LEFT(RIGHT($G$2:$G$99,7),4)),999)<IFERROR(VALUE(LEFT(RIGHT(G11,7),4)),999)))+SUMPRODUCT(--ISERROR(SEARCH("WHEAT",$G$2:$G$99)),--($H$2:$H$99="OCCUPIED"),--($B$2:$B$99<>""),--(IFERROR(VALUE(LEFT(RIGHT($G$2:$G$99,7),4)),999)=IFERROR(VALUE(LEFT(RIGHT(G11,7),4)),999)),--($B$2:$B$99<B11))+SUMPRODUCT(--ISERROR(SEARCH("WHEAT",$G$2:$G$99)),--($H$2:$H$99="OCCUPIED"),--($B$2:$B$99<>""),--(IFERROR(VALUE(LEFT(RIGHT($G$2:$G$99,7),4)),999)=IFERROR(VALUE(LEFT(RIGHT(G11,7),4)),999)),--($B$2:$B$99=B11),--(ROW($B$2:$B$99)<=ROW())),""))
A12: =IF(D12="","",ROWS($D$2:D12)) | B12: 45882 | C12: 9 | D12: 9B11 | E12: 3501 | F12: 177.25977 | G12: WHEAT FAQ 2025-26 | H12: =IF(AND(E12="",F12="",G12=""),"EMPTY","OCCUPIED") | I12: =IF(B12="","",IF(ISNUMBER(B12),MAX(0,TODAY()-B12),"")) | L12: 46255 | M12: =IF(AND(H12="OCCUPIED",ISNUMBER(J12),K12=""),1,0) | N12: =IF(M12=1,COUNTIF($M$2:M12,1),"") | O12: =IF(AND(H12="OCCUPIED",ISNUMBER(J12),K12=""),--(TODAY()-J12>5),0) | P12: =IF(O12=1,COUNTIF($O$2:O12,1),"") | Q12: =IF(OR(B12="",G12="",H12<>"OCCUPIED"),"",IF(ISNUMBER(SEARCH("WHEAT",G12)),SUMPRODUCT(--ISNUMBER(SEARCH("WHEAT",$G$2:$G$99)),--($H$2:$H$99="OCCUPIED"),--($B$2:$B$99<>""),--(IFERROR(VALUE(LEFT(RIGHT($G$2:$G$99,7),4)),999)<IFERROR(VALUE(LEFT(RIGHT(G12,7),4)),999)))+SUMPRODUCT(--ISNUMBER(SEARCH("WHEAT",$G$2:$G$99)),--($H$2:$H$99="OCCUPIED"),--($B$2:$B$99<>""),--(IFERROR(VALUE(LEFT(RIGHT($G$2:$G$99,7),4)),999)=IFERROR(VALUE(LEFT(RIGHT(G12,7),4)),999)),--($B$2:$B$99<B12))+SUMPRODUCT(--ISNUMBER(SEARCH("WHEAT",$G$2:$G$99)),--($H$2:$H$99="OCCUPIED"),--($B$2:$B$99<>""),--(IFERROR(VALUE(LEFT(RIGHT($G$2:$G$99,7),4)),999)=IFERROR(VALUE(LEFT(RIGHT(G12,7),4)),999)),--($B$2:$B$99=B12),--(ROW($B$2:$B$99)<=ROW())),"")) | R12: =IF(OR(B12="",G12="",H12<>"OCCUPIED"),"",IF(ISERROR(SEARCH("WHEAT",G12)),SUMPRODUCT(--ISERROR(SEARCH("WHEAT",$G$2:$G$99)),--($H$2:$H$99="OCCUPIED"),--($B$2:$B$99<>""),--(IFERROR(VALUE(LEFT(RIGHT($G$2:$G$99,7),4)),999)<IFERROR(VALUE(LEFT(RIGHT(G12,7),4)),999)))+SUMPRODUCT(--ISERROR(SEARCH("WHEAT",$G$2:$G$99)),--($H$2:$H$99="OCCUPIED"),--($B$2:$B$99<>""),--(IFERROR(VALUE(LEFT(RIGHT($G$2:$G$99,7),4)),999)=IFERROR(VALUE(LEFT(RIGHT(G12,7),4)),999)),--($B$2:$B$99<B12))+SUMPRODUCT(--ISERROR(SEARCH("WHEAT",$G$2:$G$99)),--($H$2:$H$99="OCCUPIED"),--($B$2:$B$99<>""),--(IFERROR(VALUE(LEFT(RIGHT($G$2:$G$99,7),4)),999)=IFERROR(VALUE(LEFT(RIGHT(G12,7),4)),999)),--($B$2:$B$99=B12),--(ROW($B$2:$B$99)<=ROW())),""))
A13: =IF(D13="","",ROWS($D$2:D13)) | B13: 45948 | C13: 9 | D13: 9B12 | E13: 3501 | F13: 172.85983 | G13: FRK RRA 2024-25 | H13: =IF(AND(E13="",F13="",G13=""),"EMPTY","OCCUPIED") | I13: =IF(B13="","",IF(ISNUMBER(B13),MAX(0,TODAY()-B13),"")) | L13: 46235 | M13: =IF(AND(H13="OCCUPIED",ISNUMBER(J13),K13=""),1,0) | N13: =IF(M13=1,COUNTIF($M$2:M13,1),"") | O13: =IF(AND(H13="OCCUPIED",ISNUMBER(J13),K13=""),--(TODAY()-J13>5),0) | P13: =IF(O13=1,COUNTIF($O$2:O13,1),"") | Q13: =IF(OR(B13="",G13="",H13<>"OCCUPIED"),"",IF(ISNUMBER(SEARCH("WHEAT",G13)),SUMPRODUCT(--ISNUMBER(SEARCH("WHEAT",$G$2:$G$99)),--($H$2:$H$99="OCCUPIED"),--($B$2:$B$99<>""),--(IFERROR(VALUE(LEFT(RIGHT($G$2:$G$99,7),4)),999)<IFERROR(VALUE(LEFT(RIGHT(G13,7),4)),999)))+SUMPRODUCT(--ISNUMBER(SEARCH("WHEAT",$G$2:$G$99)),--($H$2:$H$99="OCCUPIED"),--($B$2:$B$99<>""),--(IFERROR(VALUE(LEFT(RIGHT($G$2:$G$99,7),4)),999)=IFERROR(VALUE(LEFT(RIGHT(G13,7),4)),999)),--($B$2:$B$99<B13))+SUMPRODUCT(--ISNUMBER(SEARCH("WHEAT",$G$2:$G$99)),--($H$2:$H$99="OCCUPIED"),--($B$2:$B$99<>""),--(IFERROR(VALUE(LEFT(RIGHT($G$2:$G$99,7),4)),999)=IFERROR(VALUE(LEFT(RIGHT(G13,7),4)),999)),--($B$2:$B$99=B13),--(ROW($B$2:$B$99)<=ROW())),"")) | R13: =IF(OR(B13="",G13="",H13<>"OCCUPIED"),"",IF(ISERROR(SEARCH("WHEAT",G13)),SUMPRODUCT(--ISERROR(SEARCH("WHEAT",$G$2:$G$99)),--($H$2:$H$99="OCCUPIED"),--($B$2:$B$99<>""),--(IFERROR(VALUE(LEFT(RIGHT($G$2:$G$99,7),4)),999)<IFERROR(VALUE(LEFT(RIGHT(G13,7),4)),999)))+SUMPRODUCT(--ISERROR(SEARCH("WHEAT",$G$2:$G$99)),--($H$2:$H$99="OCCUPIED"),--($B$2:$B$99<>""),--(IFERROR(VALUE(LEFT(RIGHT($G$2:$G$99,7),4)),999)=IFERROR(VALUE(LEFT(RIGHT(G13,7),4)),999)),--($B$2:$B$99<B13))+SUMPRODUCT(--ISERROR(SEARCH("WHEAT",$G$2:$G$99)),--($H$2:$H$99="OCCUPIED"),--($B$2:$B$99<>""),--(IFERROR(VALUE(LEFT(RIGHT($G$2:$G$99,7),4)),999)=IFERROR(VALUE(LEFT(RIGHT(G13,7),4)),999)),--($B$2:$B$99=B13),--(ROW($B$2:$B$99)<=ROW())),""))
A14: =IF(D14="","",ROWS($D$2:D14)) | B14: 46043 | C14: 9 | D14: 9B13 | E14: 3501 | F14: 172.48073 | G14: FRK RRA 2024-25 | H14: =IF(AND(E14="",F14="",G14=""),"EMPTY","OCCUPIED") | I14: =IF(B14="","",IF(ISNUMBER(B14),MAX(0,TODAY()-B14),"")) | L14: 46204 | M14: =IF(AND(H14="OCCUPIED",ISNUMBER(J14),K14=""),1,0) | N14: =IF(M14=1,COUNTIF($M$2:M14,1),"") | O14: =IF(AND(H14="OCCUPIED",ISNUMBER(J14),K14=""),--(TODAY()-J14>5),0) | P14: =IF(O14=1,COUNTIF($O$2:O14,1),"") | Q14: =IF(OR(B14="",G14="",H14<>"OCCUPIED"),"",IF(ISNUMBER(SEARCH("WHEAT",G14)),SUMPRODUCT(--ISNUMBER(SEARCH("WHEAT",$G$2:$G$99)),--($H$2:$H$99="OCCUPIED"),--($B$2:$B$99<>""),--(IFERROR(VALUE(LEFT(RIGHT($G$2:$G$99,7),4)),999)<IFERROR(VALUE(LEFT(RIGHT(G14,7),4)),999)))+SUMPRODUCT(--ISNUMBER(SEARCH("WHEAT",$G$2:$G$99)),--($H$2:$H$99="OCCUPIED"),--($B$2:$B$99<>""),--(IFERROR(VALUE(LEFT(RIGHT($G$2:$G$99,7),4)),999)=IFERROR(VALUE(LEFT(RIGHT(G14,7),4)),999)),--($B$2:$B$99<B14))+SUMPRODUCT(--ISNUMBER(SEARCH("WHEAT",$G$2:$G$99)),--($H$2:$H$99="OCCUPIED"),--($B$2:$B$99<>""),--(IFERROR(VALUE(LEFT(RIGHT($G$2:$G$99,7),4)),999)=IFERROR(VALUE(LEFT(RIGHT(G14,7),4)),999)),--($B$2:$B$99=B14),--(ROW($B$2:$B$99)<=ROW())),"")) | R14: =IF(OR(B14="",G14="",H14<>"OCCUPIED"),"",IF(ISERROR(SEARCH("WHEAT",G14)),SUMPRODUCT(--ISERROR(SEARCH("WHEAT",$G$2:$G$99)),--($H$2:$H$99="OCCUPIED"),--($B$2:$B$99<>""),--(IFERROR(VALUE(LEFT(RIGHT($G$2:$G$99,7),4)),999)<IFERROR(VALUE(LEFT(RIGHT(G14,7),4)),999)))+SUMPRODUCT(--ISERROR(SEARCH("WHEAT",$G$2:$G$99)),--($H$2:$H$99="OCCUPIED"),--($B$2:$B$99<>""),--(IFERROR(VALUE(LEFT(RIGHT($G$2:$G$99,7),4)),999)=IFERROR(VALUE(LEFT(RIGHT(G14,7),4)),999)),--($B$2:$B$99<B14))+SUMPRODUCT(--ISERROR(SEARCH("WHEAT",$G$2:$G$99)),--($H$2:$H$99="OCCUPIED"),--($B$2:$B$99<>""),--(IFERROR(VALUE(LEFT(RIGHT($G$2:$G$99,7),4)),999)=IFERROR(VALUE(LEFT(RIGHT(G14,7),4)),999)),--($B$2:$B$99=B14),--(ROW($B$2:$B$99)<=ROW())),""))
A15: =IF(D15="","",ROWS($D$2:D15)) | B15: 46018 | C15: 9 | D15: 9B14 | E15: 3501 | F15: 173.25117 | G15: FRK RRA 2024-25 | H15: =IF(AND(E15="",F15="",G15=""),"EMPTY","OCCUPIED") | I15: =IF(B15="","",IF(ISNUMBER(B15),MAX(0,TODAY()-B15),"")) | L15: 46255 | M15: =IF(AND(H15="OCCUPIED",ISNUMBER(J15),K15=""),1,0) | N15: =IF(M15=1,COUNTIF($M$2:M15,1),"") | O15: =IF(AND(H15="OCCUPIED",ISNUMBER(J15),K15=""),--(TODAY()-J15>5),0) | P15: =IF(O15=1,COUNTIF($O$2:O15,1),"") | Q15: =IF(OR(B15="",G15="",H15<>"OCCUPIED"),"",IF(ISNUMBER(SEARCH("WHEAT",G15)),SUMPRODUCT(--ISNUMBER(SEARCH("WHEAT",$G$2:$G$99)),--($H$2:$H$99="OCCUPIED"),--($B$2:$B$99<>""),--(IFERROR(VALUE(LEFT(RIGHT($G$2:$G$99,7),4)),999)<IFERROR(VALUE(LEFT(RIGHT(G15,7),4)),999)))+SUMPRODUCT(--ISNUMBER(SEARCH("WHEAT",$G$2:$G$99)),--($H$2:$H$99="OCCUPIED"),--($B$2:$B$99<>""),--(IFERROR(VALUE(LEFT(RIGHT($G$2:$G$99,7),4)),999)=IFERROR(VALUE(LEFT(RIGHT(G15,7),4)),999)),--($B$2:$B$99<B15))+SUMPRODUCT(--ISNUMBER(SEARCH("WHEAT",$G$2:$G$99)),--($H$2:$H$99="OCCUPIED"),--($B$2:$B$99<>""),--(IFERROR(VALUE(LEFT(RIGHT($G$2:$G$99,7),4)),999)=IFERROR(VALUE(LEFT(RIGHT(G15,7),4)),999)),--($B$2:$B$99=B15),--(ROW($B$2:$B$99)<=ROW())),"")) | R15: =IF(OR(B15="",G15="",H15<>"OCCUPIED"),"",IF(ISERROR(SEARCH("WHEAT",G15)),SUMPRODUCT(--ISERROR(SEARCH("WHEAT",$G$2:$G$99)),--($H$2:$H$99="OCCUPIED"),--($B$2:$B$99<>""),--(IFERROR(VALUE(LEFT(RIGHT($G$2:$G$99,7),4)),999)<IFERROR(VALUE(LEFT(RIGHT(G15,7),4)),999)))+SUMPRODUCT(--ISERROR(SEARCH("WHEAT",$G$2:$G$99)),--($H$2:$H$99="OCCUPIED"),--($B$2:$B$99<>""),--(IFERROR(VALUE(LEFT(RIGHT($G$2:$G$99,7),4)),999)=IFERROR(VALUE(LEFT(RIGHT(G15,7),4)),999)),--($B$2:$B$99<B15))+SUMPRODUCT(--ISERROR(SEARCH("WHEAT",$G$2:$G$99)),--($H$2:$H$99="OCCUPIED"),--($B$2:$B$99<>""),--(IFERROR(VALUE(LEFT(RIGHT($G$2:$G$99,7),4)),999)=IFERROR(VALUE(LEFT(RIGHT(G15,7),4)),999)),--($B$2:$B$99=B15),--(ROW($B$2:$B$99)<=ROW())),""))
A16: =IF(D16="","",ROWS($D$2:D16)) | B16: 45775 | C16: 9 | D16: 9B15 | E16: 3501 | F16: 174.49174 | G16: WHEAT FAQ 2025-26 | H16: =IF(AND(E16="",F16="",G16=""),"EMPTY","OCCUPIED") | I16: =IF(B16="","",IF(ISNUMBER(B16),MAX(0,TODAY()-B16),"")) | L16: 46235 | M16: =IF(AND(H16="OCCUPIED",ISNUMBER(J16),K16=""),1,0) | N16: =IF(M16=1,COUNTIF($M$2:M16,1),"") | O16: =IF(AND(H16="OCCUPIED",ISNUMBER(J16),K16=""),--(TODAY()-J16>5),0) | P16: =IF(O16=1,COUNTIF($O$2:O16,1),"") | Q16: =IF(OR(B16="",G16="",H16<>"OCCUPIED"),"",IF(ISNUMBER(SEARCH("WHEAT",G16)),SUMPRODUCT(--ISNUMBER(SEARCH("WHEAT",$G$2:$G$99)),--($H$2:$H$99="OCCUPIED"),--($B$2:$B$99<>""),--(IFERROR(VALUE(LEFT(RIGHT($G$2:$G$99,7),4)),999)<IFERROR(VALUE(LEFT(RIGHT(G16,7),4)),999)))+SUMPRODUCT(--ISNUMBER(SEARCH("WHEAT",$G$2:$G$99)),--($H$2:$H$99="OCCUPIED"),--($B$2:$B$99<>""),--(IFERROR(VALUE(LEFT(RIGHT($G$2:$G$99,7),4)),999)=IFERROR(VALUE(LEFT(RIGHT(G16,7),4)),999)),--($B$2:$B$99<B16))+SUMPRODUCT(--ISNUMBER(SEARCH("WHEAT",$G$2:$G$99)),--($H$2:$H$99="OCCUPIED"),--($B$2:$B$99<>""),--(IFERROR(VALUE(LEFT(RIGHT($G$2:$G$99,7),4)),999)=IFERROR(VALUE(LEFT(RIGHT(G16,7),4)),999)),--($B$2:$B$99=B16),--(ROW($B$2:$B$99)<=ROW())),"")) | R16: =IF(OR(B16="",G16="",H16<>"OCCUPIED"),"",IF(ISERROR(SEARCH("WHEAT",G16)),SUMPRODUCT(--ISERROR(SEARCH("WHEAT",$G$2:$G$99)),--($H$2:$H$99="OCCUPIED"),--($B$2:$B$99<>""),--(IFERROR(VALUE(LEFT(RIGHT($G$2:$G$99,7),4)),999)<IFERROR(VALUE(LEFT(RIGHT(G16,7),4)),999)))+SUMPRODUCT(--ISERROR(SEARCH("WHEAT",$G$2:$G$99)),--($H$2:$H$99="OCCUPIED"),--($B$2:$B$99<>""),--(IFERROR(VALUE(LEFT(RIGHT($G$2:$G$99,7),4)),999)=IFERROR(VALUE(LEFT(RIGHT(G16,7),4)),999)),--($B$2:$B$99<B16))+SUMPRODUCT(--ISERROR(SEARCH("WHEAT",$G$2:$G$99)),--($H$2:$H$99="OCCUPIED"),--($B$2:$B$99<>""),--(IFERROR(VALUE(LEFT(RIGHT($G$2:$G$99,7),4)),999)=IFERROR(VALUE(LEFT(RIGHT(G16,7),4)),999)),--($B$2:$B$99=B16),--(ROW($B$2:$B$99)<=ROW())),""))
A17: =IF(D17="","",ROWS($D$2:D17)) | B17: 46108 | C17: 9 | D17: 9B16 | E17: 3501 | F17: 172.73606 | G17: FRK RRA 2024-25 | H17: =IF(AND(E17="",F17="",G17=""),"EMPTY","OCCUPIED") | I17: =IF(B17="","",IF(ISNUMBER(B17),MAX(0,TODAY()-B17),"")) | L17: 46255 | M17: =IF(AND(H17="OCCUPIED",ISNUMBER(J17),K17=""),1,0) | N17: =IF(M17=1,COUNTIF($M$2:M17,1),"") | O17: =IF(AND(H17="OCCUPIED",ISNUMBER(J17),K17=""),--(TODAY()-J17>5),0) | P17: =IF(O17=1,COUNTIF($O$2:O17,1),"") | Q17: =IF(OR(B17="",G17="",H17<>"OCCUPIED"),"",IF(ISNUMBER(SEARCH("WHEAT",G17)),SUMPRODUCT(--ISNUMBER(SEARCH("WHEAT",$G$2:$G$99)),--($H$2:$H$99="OCCUPIED"),--($B$2:$B$99<>""),--(IFERROR(VALUE(LEFT(RIGHT($G$2:$G$99,7),4)),999)<IFERROR(VALUE(LEFT(RIGHT(G17,7),4)),999)))+SUMPRODUCT(--ISNUMBER(SEARCH("WHEAT",$G$2:$G$99)),--($H$2:$H$99="OCCUPIED"),--($B$2:$B$99<>""),--(IFERROR(VALUE(LEFT(RIGHT($G$2:$G$99,7),4)),999)=IFERROR(VALUE(LEFT(RIGHT(G17,7),4)),999)),--($B$2:$B$99<B17))+SUMPRODUCT(--ISNUMBER(SEARCH("WHEAT",$G$2:$G$99)),--($H$2:$H$99="OCCUPIED"),--($B$2:$B$99<>""),--(IFERROR(VALUE(LEFT(RIGHT($G$2:$G$99,7),4)),999)=IFERROR(VALUE(LEFT(RIGHT(G17,7),4)),999)),--($B$2:$B$99=B17),--(ROW($B$2:$B$99)<=ROW())),"")) | R17: =IF(OR(B17="",G17="",H17<>"OCCUPIED"),"",IF(ISERROR(SEARCH("WHEAT",G17)),SUMPRODUCT(--ISERROR(SEARCH("WHEAT",$G$2:$G$99)),--($H$2:$H$99="OCCUPIED"),--($B$2:$B$99<>""),--(IFERROR(VALUE(LEFT(RIGHT($G$2:$G$99,7),4)),999)<IFERROR(VALUE(LEFT(RIGHT(G17,7),4)),999)))+SUMPRODUCT(--ISERROR(SEARCH("WHEAT",$G$2:$G$99)),--($H$2:$H$99="OCCUPIED"),--($B$2:$B$99<>""),--(IFERROR(VALUE(LEFT(RIGHT($G$2:$G$99,7),4)),999)=IFERROR(VALUE(LEFT(RIGHT(G17,7),4)),999)),--($B$2:$B$99<B17))+SUMPRODUCT(--ISERROR(SEARCH("WHEAT",$G$2:$G$99)),--($H$2:$H$99="OCCUPIED"),--($B$2:$B$99<>""),--(IFERROR(VALUE(LEFT(RIGHT($G$2:$G$99,7),4)),999)=IFERROR(VALUE(LEFT(RIGHT(G17,7),4)),999)),--($B$2:$B$99=B17),--(ROW($B$2:$B$99)<=ROW())),""))
A18: =IF(D18="","",ROWS($D$2:D18)) | C18: 9 | D18: 9B17 | H18: =IF(AND(E18="",F18="",G18=""),"EMPTY","OCCUPIED") | I18: =IF(B18="","",IF(ISNUMBER(B18),MAX(0,TODAY()-B18),"")) | M18: =IF(AND(H18="OCCUPIED",ISNUMBER(J18),K18=""),1,0) | N18: =IF(M18=1,COUNTIF($M$2:M18,1),"") | O18: =IF(AND(H18="OCCUPIED",ISNUMBER(J18),K18=""),--(TODAY()-J18>5),0) | P18: =IF(O18=1,COUNTIF($O$2:O18,1),"") | Q18: =IF(OR(B18="",G18="",H18<>"OCCUPIED"),"",IF(ISNUMBER(SEARCH("WHEAT",G18)),SUMPRODUCT(--ISNUMBER(SEARCH("WHEAT",$G$2:$G$99)),--($H$2:$H$99="OCCUPIED"),--($B$2:$B$99<>""),--(IFERROR(VALUE(LEFT(RIGHT($G$2:$G$99,7),4)),999)<IFERROR(VALUE(LEFT(RIGHT(G18,7),4)),999)))+SUMPRODUCT(--ISNUMBER(SEARCH("WHEAT",$G$2:$G$99)),--($H$2:$H$99="OCCUPIED"),--($B$2:$B$99<>""),--(IFERROR(VALUE(LEFT(RIGHT($G$2:$G$99,7),4)),999)=IFERROR(VALUE(LEFT(RIGHT(G18,7),4)),999)),--($B$2:$B$99<B18))+SUMPRODUCT(--ISNUMBER(SEARCH("WHEAT",$G$2:$G$99)),--($H$2:$H$99="OCCUPIED"),--($B$2:$B$99<>""),--(IFERROR(VALUE(LEFT(RIGHT($G$2:$G$99,7),4)),999)=IFERROR(VALUE(LEFT(RIGHT(G18,7),4)),999)),--($B$2:$B$99=B18),--(ROW($B$2:$B$99)<=ROW())),"")) | R18: =IF(OR(B18="",G18="",H18<>"OCCUPIED"),"",IF(ISERROR(SEARCH("WHEAT",G18)),SUMPRODUCT(--ISERROR(SEARCH("WHEAT",$G$2:$G$99)),--($H$2:$H$99="OCCUPIED"),--($B$2:$B$99<>""),--(IFERROR(VALUE(LEFT(RIGHT($G$2:$G$99,7),4)),999)<IFERROR(VALUE(LEFT(RIGHT(G18,7),4)),999)))+SUMPRODUCT(--ISERROR(SEARCH("WHEAT",$G$2:$G$99)),--($H$2:$H$99="OCCUPIED"),--($B$2:$B$99<>""),--(IFERROR(VALUE(LEFT(RIGHT($G$2:$G$99,7),4)),999)=IFERROR(VALUE(LEFT(RIGHT(G18,7),4)),999)),--($B$2:$B$99<B18))+SUMPRODUCT(--ISERROR(SEARCH("WHEAT",$G$2:$G$99)),--($H$2:$H$99="OCCUPIED"),--($B$2:$B$99<>""),--(IFERROR(VALUE(LEFT(RIGHT($G$2:$G$99,7),4)),999)=IFERROR(VALUE(LEFT(RIGHT(G18,7),4)),999)),--($B$2:$B$99=B18),--(ROW($B$2:$B$99)<=ROW())),""))
A19: =IF(D19="","",ROWS($D$2:D19)) | B19: 45812 | C19: 9 | D19: 9B18 | E19: 3501 | F19: 174.35542 | G19: WHEAT FAQ 2025-26 | H19: =IF(AND(E19="",F19="",G19=""),"EMPTY","OCCUPIED") | I19: =IF(B19="","",IF(ISNUMBER(B19),MAX(0,TODAY()-B19),"")) | L19: 46235 | M19: =IF(AND(H19="OCCUPIED",ISNUMBER(J19),K19=""),1,0) | N19: =IF(M19=1,COUNTIF($M$2:M19,1),"") | O19: =IF(AND(H19="OCCUPIED",ISNUMBER(J19),K19=""),--(TODAY()-J19>5),0) | P19: =IF(O19=1,COUNTIF($O$2:O19,1),"") | Q19: =IF(OR(B19="",G19="",H19<>"OCCUPIED"),"",IF(ISNUMBER(SEARCH("WHEAT",G19)),SUMPRODUCT(--ISNUMBER(SEARCH("WHEAT",$G$2:$G$99)),--($H$2:$H$99="OCCUPIED"),--($B$2:$B$99<>""),--(IFERROR(VALUE(LEFT(RIGHT($G$2:$G$99,7),4)),999)<IFERROR(VALUE(LEFT(RIGHT(G19,7),4)),999)))+SUMPRODUCT(--ISNUMBER(SEARCH("WHEAT",$G$2:$G$99)),--($H$2:$H$99="OCCUPIED"),--($B$2:$B$99<>""),--(IFERROR(VALUE(LEFT(RIGHT($G$2:$G$99,7),4)),999)=IFERROR(VALUE(LEFT(RIGHT(G19,7),4)),999)),--($B$2:$B$99<B19))+SUMPRODUCT(--ISNUMBER(SEARCH("WHEAT",$G$2:$G$99)),--($H$2:$H$99="OCCUPIED"),--($B$2:$B$99<>""),--(IFERROR(VALUE(LEFT(RIGHT($G$2:$G$99,7),4)),999)=IFERROR(VALUE(LEFT(RIGHT(G19,7),4)),999)),--($B$2:$B$99=B19),--(ROW($B$2:$B$99)<=ROW())),"")) | R19: =IF(OR(B19="",G19="",H19<>"OCCUPIED"),"",IF(ISERROR(SEARCH("WHEAT",G19)),SUMPRODUCT(--ISERROR(SEARCH("WHEAT",$G$2:$G$99)),--($H$2:$H$99="OCCUPIED"),--($B$2:$B$99<>""),--(IFERROR(VALUE(LEFT(RIGHT($G$2:$G$99,7),4)),999)<IFERROR(VALUE(LEFT(RIGHT(G19,7),4)),999)))+SUMPRODUCT(--ISERROR(SEARCH("WHEAT",$G$2:$G$99)),--($H$2:$H$99="OCCUPIED"),--($B$2:$B$99<>""),--(IFERROR(VALUE(LEFT(RIGHT($G$2:$G$99,7),4)),999)=IFERROR(VALUE(LEFT(RIGHT(G19,7),4)),999)),--($B$2:$B$99<B19))+SUMPRODUCT(--ISERROR(SEARCH("WHEAT",$G$2:$G$99)),--($H$2:$H$99="OCCUPIED"),--($B$2:$B$99<>""),--(IFERROR(VALUE(LEFT(RIGHT($G$2:$G$99,7),4)),999)=IFERROR(VALUE(LEFT(RIGHT(G19,7),4)),999)),--($B$2:$B$99=B19),--(ROW($B$2:$B$99)<=ROW())),""))
A20: =IF(D20="","",ROWS($D$2:D20)) | C20: 14 | D20: 14A01 | H20: =IF(AND(E20="",F20="",G20=""),"EMPTY","OCCUPIED") | I20: =IF(B20="","",IF(ISNUMBER(B20),MAX(0,TODAY()-B20),"")) | M20: =IF(AND(H20="OCCUPIED",ISNUMBER(J20),K20=""),1,0) | N20: =IF(M20=1,COUNTIF($M$2:M20,1),"") | O20: =IF(AND(H20="OCCUPIED",ISNUMBER(J20),K20=""),--(TODAY()-J20>5),0) | P20: =IF(O20=1,COUNTIF($O$2:O20,1),"") | Q20: =IF(OR(B20="",G20="",H20<>"OCCUPIED"),"",IF(ISNUMBER(SEARCH("WHEAT",G20)),SUMPRODUCT(--ISNUMBER(SEARCH("WHEAT",$G$2:$G$99)),--($H$2:$H$99="OCCUPIED"),--($B$2:$B$99<>""),--(IFERROR(VALUE(LEFT(RIGHT($G$2:$G$99,7),4)),999)<IFERROR(VALUE(LEFT(RIGHT(G20,7),4)),999)))+SUMPRODUCT(--ISNUMBER(SEARCH("WHEAT",$G$2:$G$99)),--($H$2:$H$99="OCCUPIED"),--($B$2:$B$99<>""),--(IFERROR(VALUE(LEFT(RIGHT($G$2:$G$99,7),4)),999)=IFERROR(VALUE(LEFT(RIGHT(G20,7),4)),999)),--($B$2:$B$99<B20))+SUMPRODUCT(--ISNUMBER(SEARCH("WHEAT",$G$2:$G$99)),--($H$2:$H$99="OCCUPIED"),--($B$2:$B$99<>""),--(IFERROR(VALUE(LEFT(RIGHT($G$2:$G$99,7),4)),999)=IFERROR(VALUE(LEFT(RIGHT(G20,7),4)),999)),--($B$2:$B$99=B20),--(ROW($B$2:$B$99)<=ROW())),"")) | R20: =IF(OR(B20="",G20="",H20<>"OCCUPIED"),"",IF(ISERROR(SEARCH("WHEAT",G20)),SUMPRODUCT(--ISERROR(SEARCH("WHEAT",$G$2:$G$99)),--($H$2:$H$99="OCCUPIED"),--($B$2:$B$99<>""),--(IFERROR(VALUE(LEFT(RIGHT($G$2:$G$99,7),4)),999)<IFERROR(VALUE(LEFT(RIGHT(G20,7),4)),999)))+SUMPRODUCT(--ISERROR(SEARCH("WHEAT",$G$2:$G$99)),--($H$2:$H$99="OCCUPIED"),--($B$2:$B$99<>""),--(IFERROR(VALUE(LEFT(RIGHT($G$2:$G$99,7),4)),999)=IFERROR(VALUE(LEFT(RIGHT(G20,7),4)),999)),--($B$2:$B$99<B20))+SUMPRODUCT(--ISERROR(SEARCH("WHEAT",$G$2:$G$99)),--($H$2:$H$99="OCCUPIED"),--($B$2:$B$99<>""),--(IFERROR(VALUE(LEFT(RIGHT($G$2:$G$99,7),4)),999)=IFERROR(VALUE(LEFT(RIGHT(G20,7),4)),999)),--($B$2:$B$99=B20),--(ROW($B$2:$B$99)<=ROW())),""))
A21: =IF(D21="","",ROWS($D$2:D21)) | B21: 45890 | C21: 14 | D21: 14A02 | E21: 3501 | F21: 175.28336 | G21: WHEAT FAQ 2025-26 | H21: =IF(AND(E21="",F21="",G21=""),"EMPTY","OCCUPIED") | I21: =IF(B21="","",IF(ISNUMBER(B21),MAX(0,TODAY()-B21),"")) | J21: 46265 | M21: =IF(AND(H21="OCCUPIED",ISNUMBER(J21),K21=""),1,0) | N21: =IF(M21=1,COUNTIF($M$2:M21,1),"") | O21: =IF(AND(H21="OCCUPIED",ISNUMBER(J21),K21=""),--(TODAY()-J21>5),0) | P21: =IF(O21=1,COUNTIF($O$2:O21,1),"") | Q21: =IF(OR(B21="",G21="",H21<>"OCCUPIED"),"",IF(ISNUMBER(SEARCH("WHEAT",G21)),SUMPRODUCT(--ISNUMBER(SEARCH("WHEAT",$G$2:$G$99)),--($H$2:$H$99="OCCUPIED"),--($B$2:$B$99<>""),--(IFERROR(VALUE(LEFT(RIGHT($G$2:$G$99,7),4)),999)<IFERROR(VALUE(LEFT(RIGHT(G21,7),4)),999)))+SUMPRODUCT(--ISNUMBER(SEARCH("WHEAT",$G$2:$G$99)),--($H$2:$H$99="OCCUPIED"),--($B$2:$B$99<>""),--(IFERROR(VALUE(LEFT(RIGHT($G$2:$G$99,7),4)),999)=IFERROR(VALUE(LEFT(RIGHT(G21,7),4)),999)),--($B$2:$B$99<B21))+SUMPRODUCT(--ISNUMBER(SEARCH("WHEAT",$G$2:$G$99)),--($H$2:$H$99="OCCUPIED"),--($B$2:$B$99<>""),--(IFERROR(VALUE(LEFT(RIGHT($G$2:$G$99,7),4)),999)=IFERROR(VALUE(LEFT(RIGHT(G21,7),4)),999)),--($B$2:$B$99=B21),--(ROW($B$2:$B$99)<=ROW())),"")) | R21: =IF(OR(B21="",G21="",H21<>"OCCUPIED"),"",IF(ISERROR(SEARCH("WHEAT",G21)),SUMPRODUCT(--ISERROR(SEARCH("WHEAT",$G$2:$G$99)),--($H$2:$H$99="OCCUPIED"),--($B$2:$B$99<>""),--(IFERROR(VALUE(LEFT(RIGHT($G$2:$G$99,7),4)),999)<IFERROR(VALUE(LEFT(RIGHT(G21,7),4)),999)))+SUMPRODUCT(--ISERROR(SEARCH("WHEAT",$G$2:$G$99)),--($H$2:$H$99="OCCUPIED"),--($B$2:$B$99<>""),--(IFERROR(VALUE(LEFT(RIGHT($G$2:$G$99,7),4)),999)=IFERROR(VALUE(LEFT(RIGHT(G21,7),4)),999)),--($B$2:$B$99<B21))+SUMPRODUCT(--ISERROR(SEARCH("WHEAT",$G$2:$G$99)),--($H$2:$H$99="OCCUPIED"),--($B$2:$B$99<>""),--(IFERROR(VALUE(LEFT(RIGHT($G$2:$G$99,7),4)),999)=IFERROR(VALUE(LEFT(RIGHT(G21,7),4)),999)),--($B$2:$B$99=B21),--(ROW($B$2:$B$99)<=ROW())),""))
A22: =IF(D22="","",ROWS($D$2:D22)) | B22: 45823 | C22: 14 | D22: 14A03 | E22: 3501 | F22: 174.15573 | G22: WHEAT FAQ 2025-26 | H22: =IF(AND(E22="",F22="",G22=""),"EMPTY","OCCUPIED") | I22: =IF(B22="","",IF(ISNUMBER(B22),MAX(0,TODAY()-B22),"")) | L22: 46255 | M22: =IF(AND(H22="OCCUPIED",ISNUMBER(J22),K22=""),1,0) | N22: =IF(M22=1,COUNTIF($M$2:M22,1),"") | O22: =IF(AND(H22="OCCUPIED",ISNUMBER(J22),K22=""),--(TODAY()-J22>5),0) | P22: =IF(O22=1,COUNTIF($O$2:O22,1),"") | Q22: =IF(OR(B22="",G22="",H22<>"OCCUPIED"),"",IF(ISNUMBER(SEARCH("WHEAT",G22)),SUMPRODUCT(--ISNUMBER(SEARCH("WHEAT",$G$2:$G$99)),--($H$2:$H$99="OCCUPIED"),--($B$2:$B$99<>""),--(IFERROR(VALUE(LEFT(RIGHT($G$2:$G$99,7),4)),999)<IFERROR(VALUE(LEFT(RIGHT(G22,7),4)),999)))+SUMPRODUCT(--ISNUMBER(SEARCH("WHEAT",$G$2:$G$99)),--($H$2:$H$99="OCCUPIED"),--($B$2:$B$99<>""),--(IFERROR(VALUE(LEFT(RIGHT($G$2:$G$99,7),4)),999)=IFERROR(VALUE(LEFT(RIGHT(G22,7),4)),999)),--($B$2:$B$99<B22))+SUMPRODUCT(--ISNUMBER(SEARCH("WHEAT",$G$2:$G$99)),--($H$2:$H$99="OCCUPIED"),--($B$2:$B$99<>""),--(IFERROR(VALUE(LEFT(RIGHT($G$2:$G$99,7),4)),999)=IFERROR(VALUE(LEFT(RIGHT(G22,7),4)),999)),--($B$2:$B$99=B22),--(ROW($B$2:$B$99)<=ROW())),"")) | R22: =IF(OR(B22="",G22="",H22<>"OCCUPIED"),"",IF(ISERROR(SEARCH("WHEAT",G22)),SUMPRODUCT(--ISERROR(SEARCH("WHEAT",$G$2:$G$99)),--($H$2:$H$99="OCCUPIED"),--($B$2:$B$99<>""),--(IFERROR(VALUE(LEFT(RIGHT($G$2:$G$99,7),4)),999)<IFERROR(VALUE(LEFT(RIGHT(G22,7),4)),999)))+SUMPRODUCT(--ISERROR(SEARCH("WHEAT",$G$2:$G$99)),--($H$2:$H$99="OCCUPIED"),--($B$2:$B$99<>""),--(IFERROR(VALUE(LEFT(RIGHT($G$2:$G$99,7),4)),999)=IFERROR(VALUE(LEFT(RIGHT(G22,7),4)),999)),--($B$2:$B$99<B22))+SUMPRODUCT(--ISERROR(SEARCH("WHEAT",$G$2:$G$99)),--($H$2:$H$99="OCCUPIED"),--($B$2:$B$99<>""),--(IFERROR(VALUE(LEFT(RIGHT($G$2:$G$99,7),4)),999)=IFERROR(VALUE(LEFT(RIGHT(G22,7),4)),999)),--($B$2:$B$99=B22),--(ROW($B$2:$B$99)<=ROW())),""))
A23: =IF(D23="","",ROWS($D$2:D23)) | C23: 14 | D23: 14A04 | H23: =IF(AND(E23="",F23="",G23=""),"EMPTY","OCCUPIED") | I23: =IF(B23="","",IF(ISNUMBER(B23),MAX(0,TODAY()-B23),"")) | M23: =IF(AND(H23="OCCUPIED",ISNUMBER(J23),K23=""),1,0) | N23: =IF(M23=1,COUNTIF($M$2:M23,1),"") | O23: =IF(AND(H23="OCCUPIED",ISNUMBER(J23),K23=""),--(TODAY()-J23>5),0) | P23: =IF(O23=1,COUNTIF($O$2:O23,1),"") | Q23: =IF(OR(B23="",G23="",H23<>"OCCUPIED"),"",IF(ISNUMBER(SEARCH("WHEAT",G23)),SUMPRODUCT(--ISNUMBER(SEARCH("WHEAT",$G$2:$G$99)),--($H$2:$H$99="OCCUPIED"),--($B$2:$B$99<>""),--(IFERROR(VALUE(LEFT(RIGHT($G$2:$G$99,7),4)),999)<IFERROR(VALUE(LEFT(RIGHT(G23,7),4)),999)))+SUMPRODUCT(--ISNUMBER(SEARCH("WHEAT",$G$2:$G$99)),--($H$2:$H$99="OCCUPIED"),--($B$2:$B$99<>""),--(IFERROR(VALUE(LEFT(RIGHT($G$2:$G$99,7),4)),999)=IFERROR(VALUE(LEFT(RIGHT(G23,7),4)),999)),--($B$2:$B$99<B23))+SUMPRODUCT(--ISNUMBER(SEARCH("WHEAT",$G$2:$G$99)),--($H$2:$H$99="OCCUPIED"),--($B$2:$B$99<>""),--(IFERROR(VALUE(LEFT(RIGHT($G$2:$G$99,7),4)),999)=IFERROR(VALUE(LEFT(RIGHT(G23,7),4)),999)),--($B$2:$B$99=B23),--(ROW($B$2:$B$99)<=ROW())),"")) | R23: =IF(OR(B23="",G23="",H23<>"OCCUPIED"),"",IF(ISERROR(SEARCH("WHEAT",G23)),SUMPRODUCT(--ISERROR(SEARCH("WHEAT",$G$2:$G$99)),--($H$2:$H$99="OCCUPIED"),--($B$2:$B$99<>""),--(IFERROR(VALUE(LEFT(RIGHT($G$2:$G$99,7),4)),999)<IFERROR(VALUE(LEFT(RIGHT(G23,7),4)),999)))+SUMPRODUCT(--ISERROR(SEARCH("WHEAT",$G$2:$G$99)),--($H$2:$H$99="OCCUPIED"),--($B$2:$B$99<>""),--(IFERROR(VALUE(LEFT(RIGHT($G$2:$G$99,7),4)),999)=IFERROR(VALUE(LEFT(RIGHT(G23,7),4)),999)),--($B$2:$B$99<B23))+SUMPRODUCT(--ISERROR(SEARCH("WHEAT",$G$2:$G$99)),--($H$2:$H$99="OCCUPIED"),--($B$2:$B$99<>""),--(IFERROR(VALUE(LEFT(RIGHT($G$2:$G$99,7),4)),999)=IFERROR(VALUE(LEFT(RIGHT(G23,7),4)),999)),--($B$2:$B$99=B23),--(ROW($B$2:$B$99)<=ROW())),""))
A24: =IF(D24="","",ROWS($D$2:D24)) | B24: 45906 | C24: 14 | D24: 14A05 | E24: 3501 | F24: 177.28141 | G24: WHEAT FAQ 2025-26 | H24: =IF(AND(E24="",F24="",G24=""),"EMPTY","OCCUPIED") | I24: =IF(B24="","",IF(ISNUMBER(B24),MAX(0,TODAY()-B24),"")) | L24: 46255 | M24: =IF(AND(H24="OCCUPIED",ISNUMBER(J24),K24=""),1,0) | N24: =IF(M24=1,COUNTIF($M$2:M24,1),"") | O24: =IF(AND(H24="OCCUPIED",ISNUMBER(J24),K24=""),--(TODAY()-J24>5),0) | P24: =IF(O24=1,COUNTIF($O$2:O24,1),"") | Q24: =IF(OR(B24="",G24="",H24<>"OCCUPIED"),"",IF(ISNUMBER(SEARCH("WHEAT",G24)),SUMPRODUCT(--ISNUMBER(SEARCH("WHEAT",$G$2:$G$99)),--($H$2:$H$99="OCCUPIED"),--($B$2:$B$99<>""),--(IFERROR(VALUE(LEFT(RIGHT($G$2:$G$99,7),4)),999)<IFERROR(VALUE(LEFT(RIGHT(G24,7),4)),999)))+SUMPRODUCT(--ISNUMBER(SEARCH("WHEAT",$G$2:$G$99)),--($H$2:$H$99="OCCUPIED"),--($B$2:$B$99<>""),--(IFERROR(VALUE(LEFT(RIGHT($G$2:$G$99,7),4)),999)=IFERROR(VALUE(LEFT(RIGHT(G24,7),4)),999)),--($B$2:$B$99<B24))+SUMPRODUCT(--ISNUMBER(SEARCH("WHEAT",$G$2:$G$99)),--($H$2:$H$99="OCCUPIED"),--($B$2:$B$99<>""),--(IFERROR(VALUE(LEFT(RIGHT($G$2:$G$99,7),4)),999)=IFERROR(VALUE(LEFT(RIGHT(G24,7),4)),999)),--($B$2:$B$99=B24),--(ROW($B$2:$B$99)<=ROW())),"")) | R24: =IF(OR(B24="",G24="",H24<>"OCCUPIED"),"",IF(ISERROR(SEARCH("WHEAT",G24)),SUMPRODUCT(--ISERROR(SEARCH("WHEAT",$G$2:$G$99)),--($H$2:$H$99="OCCUPIED"),--($B$2:$B$99<>""),--(IFERROR(VALUE(LEFT(RIGHT($G$2:$G$99,7),4)),999)<IFERROR(VALUE(LEFT(RIGHT(G24,7),4)),999)))+SUMPRODUCT(--ISERROR(SEARCH("WHEAT",$G$2:$G$99)),--($H$2:$H$99="OCCUPIED"),--($B$2:$B$99<>""),--(IFERROR(VALUE(LEFT(RIGHT($G$2:$G$99,7),4)),999)=IFERROR(VALUE(LEFT(RIGHT(G24,7),4)),999)),--($B$2:$B$99<B24))+SUMPRODUCT(--ISERROR(SEARCH("WHEAT",$G$2:$G$99)),--($H$2:$H$99="OCCUPIED"),--($B$2:$B$99<>""),--(IFERROR(VALUE(LEFT(RIGHT($G$2:$G$99,7),4)),999)=IFERROR(VALUE(LEFT(RIGHT(G24,7),4)),999)),--($B$2:$B$99=B24),--(ROW($B$2:$B$99)<=ROW())),""))
A25: =IF(D25="","",ROWS($D$2:D25)) | B25: 46175 | C25: 14 | D25: 14A06 | E25: 3501 | F25: 170.6239 | G25: FRK RRA 2024-25 | H25: =IF(AND(E25="",F25="",G25=""),"EMPTY","OCCUPIED") | I25: =IF(B25="","",IF(ISNUMBER(B25),MAX(0,TODAY()-B25),"")) | L25: 46255 | M25: =IF(AND(H25="OCCUPIED",ISNUMBER(J25),K25=""),1,0) | N25: =IF(M25=1,COUNTIF($M$2:M25,1),"") | O25: =IF(AND(H25="OCCUPIED",ISNUMBER(J25),K25=""),--(TODAY()-J25>5),0) | P25: =IF(O25=1,COUNTIF($O$2:O25,1),"") | Q25: =IF(OR(B25="",G25="",H25<>"OCCUPIED"),"",IF(ISNUMBER(SEARCH("WHEAT",G25)),SUMPRODUCT(--ISNUMBER(SEARCH("WHEAT",$G$2:$G$99)),--($H$2:$H$99="OCCUPIED"),--($B$2:$B$99<>""),--(IFERROR(VALUE(LEFT(RIGHT($G$2:$G$99,7),4)),999)<IFERROR(VALUE(LEFT(RIGHT(G25,7),4)),999)))+SUMPRODUCT(--ISNUMBER(SEARCH("WHEAT",$G$2:$G$99)),--($H$2:$H$99="OCCUPIED"),--($B$2:$B$99<>""),--(IFERROR(VALUE(LEFT(RIGHT($G$2:$G$99,7),4)),999)=IFERROR(VALUE(LEFT(RIGHT(G25,7),4)),999)),--($B$2:$B$99<B25))+SUMPRODUCT(--ISNUMBER(SEARCH("WHEAT",$G$2:$G$99)),--($H$2:$H$99="OCCUPIED"),--($B$2:$B$99<>""),--(IFERROR(VALUE(LEFT(RIGHT($G$2:$G$99,7),4)),999)=IFERROR(VALUE(LEFT(RIGHT(G25,7),4)),999)),--($B$2:$B$99=B25),--(ROW($B$2:$B$99)<=ROW())),"")) | R25: =IF(OR(B25="",G25="",H25<>"OCCUPIED"),"",IF(ISERROR(SEARCH("WHEAT",G25)),SUMPRODUCT(--ISERROR(SEARCH("WHEAT",$G$2:$G$99)),--($H$2:$H$99="OCCUPIED"),--($B$2:$B$99<>""),--(IFERROR(VALUE(LEFT(RIGHT($G$2:$G$99,7),4)),999)<IFERROR(VALUE(LEFT(RIGHT(G25,7),4)),999)))+SUMPRODUCT(--ISERROR(SEARCH("WHEAT",$G$2:$G$99)),--($H$2:$H$99="OCCUPIED"),--($B$2:$B$99<>""),--(IFERROR(VALUE(LEFT(RIGHT($G$2:$G$99,7),4)),999)=IFERROR(VALUE(LEFT(RIGHT(G25,7),4)),999)),--($B$2:$B$99<B25))+SUMPRODUCT(--ISERROR(SEARCH("WHEAT",$G$2:$G$99)),--($H$2:$H$99="OCCUPIED"),--($B$2:$B$99<>""),--(IFERROR(VALUE(LEFT(RIGHT($G$2:$G$99,7),4)),999)=IFERROR(VALUE(LEFT(RIGHT(G25,7),4)),999)),--($B$2:$B$99=B25),--(ROW($B$2:$B$99)<=ROW())),""))
A26: =IF(D26="","",ROWS($D$2:D26)) | B26: 46098 | C26: 14 | D26: 14A07 | E26: 3501 | F26: 173.19565 | G26: FRK RRA 2024-25 | H26: =IF(AND(E26="",F26="",G26=""),"EMPTY","OCCUPIED") | I26: =IF(B26="","",IF(ISNUMBER(B26),MAX(0,TODAY()-B26),"")) | L26: 46190 | M26: =IF(AND(H26="OCCUPIED",ISNUMBER(J26),K26=""),1,0) | N26: =IF(M26=1,COUNTIF($M$2:M26,1),"") | O26: =IF(AND(H26="OCCUPIED",ISNUMBER(J26),K26=""),--(TODAY()-J26>5),0) | P26: =IF(O26=1,COUNTIF($O$2:O26,1),"") | Q26: =IF(OR(B26="",G26="",H26<>"OCCUPIED"),"",IF(ISNUMBER(SEARCH("WHEAT",G26)),SUMPRODUCT(--ISNUMBER(SEARCH("WHEAT",$G$2:$G$99)),--($H$2:$H$99="OCCUPIED"),--($B$2:$B$99<>""),--(IFERROR(VALUE(LEFT(RIGHT($G$2:$G$99,7),4)),999)<IFERROR(VALUE(LEFT(RIGHT(G26,7),4)),999)))+SUMPRODUCT(--ISNUMBER(SEARCH("WHEAT",$G$2:$G$99)),--($H$2:$H$99="OCCUPIED"),--($B$2:$B$99<>""),--(IFERROR(VALUE(LEFT(RIGHT($G$2:$G$99,7),4)),999)=IFERROR(VALUE(LEFT(RIGHT(G26,7),4)),999)),--($B$2:$B$99<B26))+SUMPRODUCT(--ISNUMBER(SEARCH("WHEAT",$G$2:$G$99)),--($H$2:$H$99="OCCUPIED"),--($B$2:$B$99<>""),--(IFERROR(VALUE(LEFT(RIGHT($G$2:$G$99,7),4)),999)=IFERROR(VALUE(LEFT(RIGHT(G26,7),4)),999)),--($B$2:$B$99=B26),--(ROW($B$2:$B$99)<=ROW())),"")) | R26: =IF(OR(B26="",G26="",H26<>"OCCUPIED"),"",IF(ISERROR(SEARCH("WHEAT",G26)),SUMPRODUCT(--ISERROR(SEARCH("WHEAT",$G$2:$G$99)),--($H$2:$H$99="OCCUPIED"),--($B$2:$B$99<>""),--(IFERROR(VALUE(LEFT(RIGHT($G$2:$G$99,7),4)),999)<IFERROR(VALUE(LEFT(RIGHT(G26,7),4)),999)))+SUMPRODUCT(--ISERROR(SEARCH("WHEAT",$G$2:$G$99)),--($H$2:$H$99="OCCUPIED"),--($B$2:$B$99<>""),--(IFERROR(VALUE(LEFT(RIGHT($G$2:$G$99,7),4)),999)=IFERROR(VALUE(LEFT(RIGHT(G26,7),4)),999)),--($B$2:$B$99<B26))+SUMPRODUCT(--ISERROR(SEARCH("WHEAT",$G$2:$G$99)),--($H$2:$H$99="OCCUPIED"),--($B$2:$B$99<>""),--(IFERROR(VALUE(LEFT(RIGHT($G$2:$G$99,7),4)),999)=IFERROR(VALUE(LEFT(RIGHT(G26,7),4)),999)),--($B$2:$B$99=B26),--(ROW($B$2:$B$99)<=ROW())),""))
A27: =IF(D27="","",ROWS($D$2:D27)) | B27: 46104 | C27: 14 | D27: 14A08 | E27: 3497 | F27: 172.78614 | G27: FRK RRA 2024-25 | H27: =IF(AND(E27="",F27="",G27=""),"EMPTY","OCCUPIED") | I27: =IF(B27="","",IF(ISNUMBER(B27),MAX(0,TODAY()-B27),"")) | L27: 46190 | M27: =IF(AND(H27="OCCUPIED",ISNUMBER(J27),K27=""),1,0) | N27: =IF(M27=1,COUNTIF($M$2:M27,1),"") | O27: =IF(AND(H27="OCCUPIED",ISNUMBER(J27),K27=""),--(TODAY()-J27>5),0) | P27: =IF(O27=1,COUNTIF($O$2:O27,1),"") | Q27: =IF(OR(B27="",G27="",H27<>"OCCUPIED"),"",IF(ISNUMBER(SEARCH("WHEAT",G27)),SUMPRODUCT(--ISNUMBER(SEARCH("WHEAT",$G$2:$G$99)),--($H$2:$H$99="OCCUPIED"),--($B$2:$B$99<>""),--(IFERROR(VALUE(LEFT(RIGHT($G$2:$G$99,7),4)),999)<IFERROR(VALUE(LEFT(RIGHT(G27,7),4)),999)))+SUMPRODUCT(--ISNUMBER(SEARCH("WHEAT",$G$2:$G$99)),--($H$2:$H$99="OCCUPIED"),--($B$2:$B$99<>""),--(IFERROR(VALUE(LEFT(RIGHT($G$2:$G$99,7),4)),999)=IFERROR(VALUE(LEFT(RIGHT(G27,7),4)),999)),--($B$2:$B$99<B27))+SUMPRODUCT(--ISNUMBER(SEARCH("WHEAT",$G$2:$G$99)),--($H$2:$H$99="OCCUPIED"),--($B$2:$B$99<>""),--(IFERROR(VALUE(LEFT(RIGHT($G$2:$G$99,7),4)),999)=IFERROR(VALUE(LEFT(RIGHT(G27,7),4)),999)),--($B$2:$B$99=B27),--(ROW($B$2:$B$99)<=ROW())),"")) | R27: =IF(OR(B27="",G27="",H27<>"OCCUPIED"),"",IF(ISERROR(SEARCH("WHEAT",G27)),SUMPRODUCT(--ISERROR(SEARCH("WHEAT",$G$2:$G$99)),--($H$2:$H$99="OCCUPIED"),--($B$2:$B$99<>""),--(IFERROR(VALUE(LEFT(RIGHT($G$2:$G$99,7),4)),999)<IFERROR(VALUE(LEFT(RIGHT(G27,7),4)),999)))+SUMPRODUCT(--ISERROR(SEARCH("WHEAT",$G$2:$G$99)),--($H$2:$H$99="OCCUPIED"),--($B$2:$B$99<>""),--(IFERROR(VALUE(LEFT(RIGHT($G$2:$G$99,7),4)),999)=IFERROR(VALUE(LEFT(RIGHT(G27,7),4)),999)),--($B$2:$B$99<B27))+SUMPRODUCT(--ISERROR(SEARCH("WHEAT",$G$2:$G$99)),--($H$2:$H$99="OCCUPIED"),--($B$2:$B$99<>""),--(IFERROR(VALUE(LEFT(RIGHT($G$2:$G$99,7),4)),999)=IFERROR(VALUE(LEFT(RIGHT(G27,7),4)),999)),--($B$2:$B$99=B27),--(ROW($B$2:$B$99)<=ROW())),""))
A28: =IF(D28="","",ROWS($D$2:D28)) | B28: 46175 | C28: 14 | D28: 14A09 | E28: 3501 | F28: 170.65061 | G28: FRK RRA 2024-25 | H28: =IF(AND(E28="",F28="",G28=""),"EMPTY","OCCUPIED") | I28: =IF(B28="","",IF(ISNUMBER(B28),MAX(0,TODAY()-B28),"")) | L28: 46190 | M28: =IF(AND(H28="OCCUPIED",ISNUMBER(J28),K28=""),1,0) | N28: =IF(M28=1,COUNTIF($M$2:M28,1),"") | O28: =IF(AND(H28="OCCUPIED",ISNUMBER(J28),K28=""),--(TODAY()-J28>5),0) | P28: =IF(O28=1,COUNTIF($O$2:O28,1),"") | Q28: =IF(OR(B28="",G28="",H28<>"OCCUPIED"),"",IF(ISNUMBER(SEARCH("WHEAT",G28)),SUMPRODUCT(--ISNUMBER(SEARCH("WHEAT",$G$2:$G$99)),--($H$2:$H$99="OCCUPIED"),--($B$2:$B$99<>""),--(IFERROR(VALUE(LEFT(RIGHT($G$2:$G$99,7),4)),999)<IFERROR(VALUE(LEFT(RIGHT(G28,7),4)),999)))+SUMPRODUCT(--ISNUMBER(SEARCH("WHEAT",$G$2:$G$99)),--($H$2:$H$99="OCCUPIED"),--($B$2:$B$99<>""),--(IFERROR(VALUE(LEFT(RIGHT($G$2:$G$99,7),4)),999)=IFERROR(VALUE(LEFT(RIGHT(G28,7),4)),999)),--($B$2:$B$99<B28))+SUMPRODUCT(--ISNUMBER(SEARCH("WHEAT",$G$2:$G$99)),--($H$2:$H$99="OCCUPIED"),--($B$2:$B$99<>""),--(IFERROR(VALUE(LEFT(RIGHT($G$2:$G$99,7),4)),999)=IFERROR(VALUE(LEFT(RIGHT(G28,7),4)),999)),--($B$2:$B$99=B28),--(ROW($B$2:$B$99)<=ROW())),"")) | R28: =IF(OR(B28="",G28="",H28<>"OCCUPIED"),"",IF(ISERROR(SEARCH("WHEAT",G28)),SUMPRODUCT(--ISERROR(SEARCH("WHEAT",$G$2:$G$99)),--($H$2:$H$99="OCCUPIED"),--($B$2:$B$99<>""),--(IFERROR(VALUE(LEFT(RIGHT($G$2:$G$99,7),4)),999)<IFERROR(VALUE(LEFT(RIGHT(G28,7),4)),999)))+SUMPRODUCT(--ISERROR(SEARCH("WHEAT",$G$2:$G$99)),--($H$2:$H$99="OCCUPIED"),--($B$2:$B$99<>""),--(IFERROR(VALUE(LEFT(RIGHT($G$2:$G$99,7),4)),999)=IFERROR(VALUE(LEFT(RIGHT(G28,7),4)),999)),--($B$2:$B$99<B28))+SUMPRODUCT(--ISERROR(SEARCH("WHEAT",$G$2:$G$99)),--($H$2:$H$99="OCCUPIED"),--($B$2:$B$99<>""),--(IFERROR(VALUE(LEFT(RIGHT($G$2:$G$99,7),4)),999)=IFERROR(VALUE(LEFT(RIGHT(G28,7),4)),999)),--($B$2:$B$99=B28),--(ROW($B$2:$B$99)<=ROW())),""))
A29: =IF(D29="","",ROWS($D$2:D29)) | B29: 46098 | C29: 14 | D29: 14B10 | E29: 3501 | F29: 172.30365 | G29: FRK RRA 2024-25 | H29: =IF(AND(E29="",F29="",G29=""),"EMPTY","OCCUPIED") | I29: =IF(B29="","",IF(ISNUMBER(B29),MAX(0,TODAY()-B29),"")) | L29: 46179 | M29: =IF(AND(H29="OCCUPIED",ISNUMBER(J29),K29=""),1,0) | N29: =IF(M29=1,COUNTIF($M$2:M29,1),"") | O29: =IF(AND(H29="OCCUPIED",ISNUMBER(J29),K29=""),--(TODAY()-J29>5),0) | P29: =IF(O29=1,COUNTIF($O$2:O29,1),"") | Q29: =IF(OR(B29="",G29="",H29<>"OCCUPIED"),"",IF(ISNUMBER(SEARCH("WHEAT",G29)),SUMPRODUCT(--ISNUMBER(SEARCH("WHEAT",$G$2:$G$99)),--($H$2:$H$99="OCCUPIED"),--($B$2:$B$99<>""),--(IFERROR(VALUE(LEFT(RIGHT($G$2:$G$99,7),4)),999)<IFERROR(VALUE(LEFT(RIGHT(G29,7),4)),999)))+SUMPRODUCT(--ISNUMBER(SEARCH("WHEAT",$G$2:$G$99)),--($H$2:$H$99="OCCUPIED"),--($B$2:$B$99<>""),--(IFERROR(VALUE(LEFT(RIGHT($G$2:$G$99,7),4)),999)=IFERROR(VALUE(LEFT(RIGHT(G29,7),4)),999)),--($B$2:$B$99<B29))+SUMPRODUCT(--ISNUMBER(SEARCH("WHEAT",$G$2:$G$99)),--($H$2:$H$99="OCCUPIED"),--($B$2:$B$99<>""),--(IFERROR(VALUE(LEFT(RIGHT($G$2:$G$99,7),4)),999)=IFERROR(VALUE(LEFT(RIGHT(G29,7),4)),999)),--($B$2:$B$99=B29),--(ROW($B$2:$B$99)<=ROW())),"")) | R29: =IF(OR(B29="",G29="",H29<>"OCCUPIED"),"",IF(ISERROR(SEARCH("WHEAT",G29)),SUMPRODUCT(--ISERROR(SEARCH("WHEAT",$G$2:$G$99)),--($H$2:$H$99="OCCUPIED"),--($B$2:$B$99<>""),--(IFERROR(VALUE(LEFT(RIGHT($G$2:$G$99,7),4)),999)<IFERROR(VALUE(LEFT(RIGHT(G29,7),4)),999)))+SUMPRODUCT(--ISERROR(SEARCH("WHEAT",$G$2:$G$99)),--($H$2:$H$99="OCCUPIED"),--($B$2:$B$99<>""),--(IFERROR(VALUE(LEFT(RIGHT($G$2:$G$99,7),4)),999)=IFERROR(VALUE(LEFT(RIGHT(G29,7),4)),999)),--($B$2:$B$99<B29))+SUMPRODUCT(--ISERROR(SEARCH("WHEAT",$G$2:$G$99)),--($H$2:$H$99="OCCUPIED"),--($B$2:$B$99<>""),--(IFERROR(VALUE(LEFT(RIGHT($G$2:$G$99,7),4)),999)=IFERROR(VALUE(LEFT(RIGHT(G29,7),4)),999)),--($B$2:$B$99=B29),--(ROW($B$2:$B$99)<=ROW())),""))
A30: =IF(D30="","",ROWS($D$2:D30)) | B30: 46172 | C30: 14 | D30: 14B11 | E30: 3259 | F30: 160.88036 | G30: FRK RRA 2024-25 | H30: =IF(AND(E30="",F30="",G30=""),"EMPTY","OCCUPIED") | I30: =IF(B30="","",IF(ISNUMBER(B30),MAX(0,TODAY()-B30),"")) | L30: 46179 | M30: =IF(AND(H30="OCCUPIED",ISNUMBER(J30),K30=""),1,0) | N30: =IF(M30=1,COUNTIF($M$2:M30,1),"") | O30: =IF(AND(H30="OCCUPIED",ISNUMBER(J30),K30=""),--(TODAY()-J30>5),0) | P30: =IF(O30=1,COUNTIF($O$2:O30,1),"") | Q30: =IF(OR(B30="",G30="",H30<>"OCCUPIED"),"",IF(ISNUMBER(SEARCH("WHEAT",G30)),SUMPRODUCT(--ISNUMBER(SEARCH("WHEAT",$G$2:$G$99)),--($H$2:$H$99="OCCUPIED"),--($B$2:$B$99<>""),--(IFERROR(VALUE(LEFT(RIGHT($G$2:$G$99,7),4)),999)<IFERROR(VALUE(LEFT(RIGHT(G30,7),4)),999)))+SUMPRODUCT(--ISNUMBER(SEARCH("WHEAT",$G$2:$G$99)),--($H$2:$H$99="OCCUPIED"),--($B$2:$B$99<>""),--(IFERROR(VALUE(LEFT(RIGHT($G$2:$G$99,7),4)),999)=IFERROR(VALUE(LEFT(RIGHT(G30,7),4)),999)),--($B$2:$B$99<B30))+SUMPRODUCT(--ISNUMBER(SEARCH("WHEAT",$G$2:$G$99)),--($H$2:$H$99="OCCUPIED"),--($B$2:$B$99<>""),--(IFERROR(VALUE(LEFT(RIGHT($G$2:$G$99,7),4)),999)=IFERROR(VALUE(LEFT(RIGHT(G30,7),4)),999)),--($B$2:$B$99=B30),--(ROW($B$2:$B$99)<=ROW())),"")) | R30: =IF(OR(B30="",G30="",H30<>"OCCUPIED"),"",IF(ISERROR(SEARCH("WHEAT",G30)),SUMPRODUCT(--ISERROR(SEARCH("WHEAT",$G$2:$G$99)),--($H$2:$H$99="OCCUPIED"),--($B$2:$B$99<>""),--(IFERROR(VALUE(LEFT(RIGHT($G$2:$G$99,7),4)),999)<IFERROR(VALUE(LEFT(RIGHT(G30,7),4)),999)))+SUMPRODUCT(--ISERROR(SEARCH("WHEAT",$G$2:$G$99)),--($H$2:$H$99="OCCUPIED"),--($B$2:$B$99<>""),--(IFERROR(VALUE(LEFT(RIGHT($G$2:$G$99,7),4)),999)=IFERROR(VALUE(LEFT(RIGHT(G30,7),4)),999)),--($B$2:$B$99<B30))+SUMPRODUCT(--ISERROR(SEARCH("WHEAT",$G$2:$G$99)),--($H$2:$H$99="OCCUPIED"),--($B$2:$B$99<>""),--(IFERROR(VALUE(LEFT(RIGHT($G$2:$G$99,7),4)),999)=IFERROR(VALUE(LEFT(RIGHT(G30,7),4)),999)),--($B$2:$B$99=B30),--(ROW($B$2:$B$99)<=ROW())),""))
A31: =IF(D31="","",ROWS($D$2:D31)) | B31: 46108 | C31: 14 | D31: 14B12 | E31: 3501 | F31: 173.87868 | G31: FRK RRA 2024-25 | H31: =IF(AND(E31="",F31="",G31=""),"EMPTY","OCCUPIED") | I31: =IF(B31="","",IF(ISNUMBER(B31),MAX(0,TODAY()-B31),"")) | L31: 46179 | M31: =IF(AND(H31="OCCUPIED",ISNUMBER(J31),K31=""),1,0) | N31: =IF(M31=1,COUNTIF($M$2:M31,1),"") | O31: =IF(AND(H31="OCCUPIED",ISNUMBER(J31),K31=""),--(TODAY()-J31>5),0) | P31: =IF(O31=1,COUNTIF($O$2:O31,1),"") | Q31: =IF(OR(B31="",G31="",H31<>"OCCUPIED"),"",IF(ISNUMBER(SEARCH("WHEAT",G31)),SUMPRODUCT(--ISNUMBER(SEARCH("WHEAT",$G$2:$G$99)),--($H$2:$H$99="OCCUPIED"),--($B$2:$B$99<>""),--(IFERROR(VALUE(LEFT(RIGHT($G$2:$G$99,7),4)),999)<IFERROR(VALUE(LEFT(RIGHT(G31,7),4)),999)))+SUMPRODUCT(--ISNUMBER(SEARCH("WHEAT",$G$2:$G$99)),--($H$2:$H$99="OCCUPIED"),--($B$2:$B$99<>""),--(IFERROR(VALUE(LEFT(RIGHT($G$2:$G$99,7),4)),999)=IFERROR(VALUE(LEFT(RIGHT(G31,7),4)),999)),--($B$2:$B$99<B31))+SUMPRODUCT(--ISNUMBER(SEARCH("WHEAT",$G$2:$G$99)),--($H$2:$H$99="OCCUPIED"),--($B$2:$B$99<>""),--(IFERROR(VALUE(LEFT(RIGHT($G$2:$G$99,7),4)),999)=IFERROR(VALUE(LEFT(RIGHT(G31,7),4)),999)),--($B$2:$B$99=B31),--(ROW($B$2:$B$99)<=ROW())),"")) | R31: =IF(OR(B31="",G31="",H31<>"OCCUPIED"),"",IF(ISERROR(SEARCH("WHEAT",G31)),SUMPRODUCT(--ISERROR(SEARCH("WHEAT",$G$2:$G$99)),--($H$2:$H$99="OCCUPIED"),--($B$2:$B$99<>""),--(IFERROR(VALUE(LEFT(RIGHT($G$2:$G$99,7),4)),999)<IFERROR(VALUE(LEFT(RIGHT(G31,7),4)),999)))+SUMPRODUCT(--ISERROR(SEARCH("WHEAT",$G$2:$G$99)),--($H$2:$H$99="OCCUPIED"),--($B$2:$B$99<>""),--(IFERROR(VALUE(LEFT(RIGHT($G$2:$G$99,7),4)),999)=IFERROR(VALUE(LEFT(RIGHT(G31,7),4)),999)),--($B$2:$B$99<B31))+SUMPRODUCT(--ISERROR(SEARCH("WHEAT",$G$2:$G$99)),--($H$2:$H$99="OCCUPIED"),--($B$2:$B$99<>""),--(IFERROR(VALUE(LEFT(RIGHT($G$2:$G$99,7),4)),999)=IFERROR(VALUE(LEFT(RIGHT(G31,7),4)),999)),--($B$2:$B$99=B31),--(ROW($B$2:$B$99)<=ROW())),""))
A32: =IF(D32="","",ROWS($D$2:D32)) | B32: 45944 | C32: 14 | D32: 14B13 | E32: 3029 | F32: 149.67615 | G32: FRK RRA 2024-25 | H32: =IF(AND(E32="",F32="",G32=""),"EMPTY","OCCUPIED") | I32: =IF(B32="","",IF(ISNUMBER(B32),MAX(0,TODAY()-B32),"")) | L32: 46179 | M32: =IF(AND(H32="OCCUPIED",ISNUMBER(J32),K32=""),1,0) | N32: =IF(M32=1,COUNTIF($M$2:M32,1),"") | O32: =IF(AND(H32="OCCUPIED",ISNUMBER(J32),K32=""),--(TODAY()-J32>5),0) | P32: =IF(O32=1,COUNTIF($O$2:O32,1),"") | Q32: =IF(OR(B32="",G32="",H32<>"OCCUPIED"),"",IF(ISNUMBER(SEARCH("WHEAT",G32)),SUMPRODUCT(--ISNUMBER(SEARCH("WHEAT",$G$2:$G$99)),--($H$2:$H$99="OCCUPIED"),--($B$2:$B$99<>""),--(IFERROR(VALUE(LEFT(RIGHT($G$2:$G$99,7),4)),999)<IFERROR(VALUE(LEFT(RIGHT(G32,7),4)),999)))+SUMPRODUCT(--ISNUMBER(SEARCH("WHEAT",$G$2:$G$99)),--($H$2:$H$99="OCCUPIED"),--($B$2:$B$99<>""),--(IFERROR(VALUE(LEFT(RIGHT($G$2:$G$99,7),4)),999)=IFERROR(VALUE(LEFT(RIGHT(G32,7),4)),999)),--($B$2:$B$99<B32))+SUMPRODUCT(--ISNUMBER(SEARCH("WHEAT",$G$2:$G$99)),--($H$2:$H$99="OCCUPIED"),--($B$2:$B$99<>""),--(IFERROR(VALUE(LEFT(RIGHT($G$2:$G$99,7),4)),999)=IFERROR(VALUE(LEFT(RIGHT(G32,7),4)),999)),--($B$2:$B$99=B32),--(ROW($B$2:$B$99)<=ROW())),"")) | R32: =IF(OR(B32="",G32="",H32<>"OCCUPIED"),"",IF(ISERROR(SEARCH("WHEAT",G32)),SUMPRODUCT(--ISERROR(SEARCH("WHEAT",$G$2:$G$99)),--($H$2:$H$99="OCCUPIED"),--($B$2:$B$99<>""),--(IFERROR(VALUE(LEFT(RIGHT($G$2:$G$99,7),4)),999)<IFERROR(VALUE(LEFT(RIGHT(G32,7),4)),999)))+SUMPRODUCT(--ISERROR(SEARCH("WHEAT",$G$2:$G$99)),--($H$2:$H$99="OCCUPIED"),--($B$2:$B$99<>""),--(IFERROR(VALUE(LEFT(RIGHT($G$2:$G$99,7),4)),999)=IFERROR(VALUE(LEFT(RIGHT(G32,7),4)),999)),--($B$2:$B$99<B32))+SUMPRODUCT(--ISERROR(SEARCH("WHEAT",$G$2:$G$99)),--($H$2:$H$99="OCCUPIED"),--($B$2:$B$99<>""),--(IFERROR(VALUE(LEFT(RIGHT($G$2:$G$99,7),4)),999)=IFERROR(VALUE(LEFT(RIGHT(G32,7),4)),999)),--($B$2:$B$99=B32),--(ROW($B$2:$B$99)<=ROW())),""))
A33: =IF(D33="","",ROWS($D$2:D33)) | B33: 45927 | C33: 14 | D33: 14B14 | E33: 3501 | F33: 176.11196 | G33: WHEAT FAQ 2025-26 | H33: =IF(AND(E33="",F33="",G33=""),"EMPTY","OCCUPIED") | I33: =IF(B33="","",IF(ISNUMBER(B33),MAX(0,TODAY()-B33),"")) | J33: 46265 | M33: =IF(AND(H33="OCCUPIED",ISNUMBER(J33),K33=""),1,0) | N33: =IF(M33=1,COUNTIF($M$2:M33,1),"") | O33: =IF(AND(H33="OCCUPIED",ISNUMBER(J33),K33=""),--(TODAY()-J33>5),0) | P33: =IF(O33=1,COUNTIF($O$2:O33,1),"") | Q33: =IF(OR(B33="",G33="",H33<>"OCCUPIED"),"",IF(ISNUMBER(SEARCH("WHEAT",G33)),SUMPRODUCT(--ISNUMBER(SEARCH("WHEAT",$G$2:$G$99)),--($H$2:$H$99="OCCUPIED"),--($B$2:$B$99<>""),--(IFERROR(VALUE(LEFT(RIGHT($G$2:$G$99,7),4)),999)<IFERROR(VALUE(LEFT(RIGHT(G33,7),4)),999)))+SUMPRODUCT(--ISNUMBER(SEARCH("WHEAT",$G$2:$G$99)),--($H$2:$H$99="OCCUPIED"),--($B$2:$B$99<>""),--(IFERROR(VALUE(LEFT(RIGHT($G$2:$G$99,7),4)),999)=IFERROR(VALUE(LEFT(RIGHT(G33,7),4)),999)),--($B$2:$B$99<B33))+SUMPRODUCT(--ISNUMBER(SEARCH("WHEAT",$G$2:$G$99)),--($H$2:$H$99="OCCUPIED"),--($B$2:$B$99<>""),--(IFERROR(VALUE(LEFT(RIGHT($G$2:$G$99,7),4)),999)=IFERROR(VALUE(LEFT(RIGHT(G33,7),4)),999)),--($B$2:$B$99=B33),--(ROW($B$2:$B$99)<=ROW())),"")) | R33: =IF(OR(B33="",G33="",H33<>"OCCUPIED"),"",IF(ISERROR(SEARCH("WHEAT",G33)),SUMPRODUCT(--ISERROR(SEARCH("WHEAT",$G$2:$G$99)),--($H$2:$H$99="OCCUPIED"),--($B$2:$B$99<>""),--(IFERROR(VALUE(LEFT(RIGHT($G$2:$G$99,7),4)),999)<IFERROR(VALUE(LEFT(RIGHT(G33,7),4)),999)))+SUMPRODUCT(--ISERROR(SEARCH("WHEAT",$G$2:$G$99)),--($H$2:$H$99="OCCUPIED"),--($B$2:$B$99<>""),--(IFERROR(VALUE(LEFT(RIGHT($G$2:$G$99,7),4)),999)=IFERROR(VALUE(LEFT(RIGHT(G33,7),4)),999)),--($B$2:$B$99<B33))+SUMPRODUCT(--ISERROR(SEARCH("WHEAT",$G$2:$G$99)),--($H$2:$H$99="OCCUPIED"),--($B$2:$B$99<>""),--(IFERROR(VALUE(LEFT(RIGHT($G$2:$G$99,7),4)),999)=IFERROR(VALUE(LEFT(RIGHT(G33,7),4)),999)),--($B$2:$B$99=B33),--(ROW($B$2:$B$99)<=ROW())),""))
A34: =IF(D34="","",ROWS($D$2:D34)) | B34: 45925 | C34: 14 | D34: 14B15 | E34: 3501 | F34: 176.07745 | G34: WHEAT FAQ 2025-26 | H34: =IF(AND(E34="",F34="",G34=""),"EMPTY","OCCUPIED") | I34: =IF(B34="","",IF(ISNUMBER(B34),MAX(0,TODAY()-B34),"")) | J34: 46265 | M34: =IF(AND(H34="OCCUPIED",ISNUMBER(J34),K34=""),1,0) | N34: =IF(M34=1,COUNTIF($M$2:M34,1),"") | O34: =IF(AND(H34="OCCUPIED",ISNUMBER(J34),K34=""),--(TODAY()-J34>5),0) | P34: =IF(O34=1,COUNTIF($O$2:O34,1),"") | Q34: =IF(OR(B34="",G34="",H34<>"OCCUPIED"),"",IF(ISNUMBER(SEARCH("WHEAT",G34)),SUMPRODUCT(--ISNUMBER(SEARCH("WHEAT",$G$2:$G$99)),--($H$2:$H$99="OCCUPIED"),--($B$2:$B$99<>""),--(IFERROR(VALUE(LEFT(RIGHT($G$2:$G$99,7),4)),999)<IFERROR(VALUE(LEFT(RIGHT(G34,7),4)),999)))+SUMPRODUCT(--ISNUMBER(SEARCH("WHEAT",$G$2:$G$99)),--($H$2:$H$99="OCCUPIED"),--($B$2:$B$99<>""),--(IFERROR(VALUE(LEFT(RIGHT($G$2:$G$99,7),4)),999)=IFERROR(VALUE(LEFT(RIGHT(G34,7),4)),999)),--($B$2:$B$99<B34))+SUMPRODUCT(--ISNUMBER(SEARCH("WHEAT",$G$2:$G$99)),--($H$2:$H$99="OCCUPIED"),--($B$2:$B$99<>""),--(IFERROR(VALUE(LEFT(RIGHT($G$2:$G$99,7),4)),999)=IFERROR(VALUE(LEFT(RIGHT(G34,7),4)),999)),--($B$2:$B$99=B34),--(ROW($B$2:$B$99)<=ROW())),"")) | R34: =IF(OR(B34="",G34="",H34<>"OCCUPIED"),"",IF(ISERROR(SEARCH("WHEAT",G34)),SUMPRODUCT(--ISERROR(SEARCH("WHEAT",$G$2:$G$99)),--($H$2:$H$99="OCCUPIED"),--($B$2:$B$99<>""),--(IFERROR(VALUE(LEFT(RIGHT($G$2:$G$99,7),4)),999)<IFERROR(VALUE(LEFT(RIGHT(G34,7),4)),999)))+SUMPRODUCT(--ISERROR(SEARCH("WHEAT",$G$2:$G$99)),--($H$2:$H$99="OCCUPIED"),--($B$2:$B$99<>""),--(IFERROR(VALUE(LEFT(RIGHT($G$2:$G$99,7),4)),999)=IFERROR(VALUE(LEFT(RIGHT(G34,7),4)),999)),--($B$2:$B$99<B34))+SUMPRODUCT(--ISERROR(SEARCH("WHEAT",$G$2:$G$99)),--($H$2:$H$99="OCCUPIED"),--($B$2:$B$99<>""),--(IFERROR(VALUE(LEFT(RIGHT($G$2:$G$99,7),4)),999)=IFERROR(VALUE(LEFT(RIGHT(G34,7),4)),999)),--($B$2:$B$99=B34),--(ROW($B$2:$B$99)<=ROW())),""))
A35: =IF(D35="","",ROWS($D$2:D35)) | B35: 46043 | C35: 18 | D35: 18A01 | E35: 3501 | F35: 172.48073 | G35: FRK RRA 2024-25 | H35: =IF(AND(E35="",F35="",G35=""),"EMPTY","OCCUPIED") | I35: =IF(B35="","",IF(ISNUMBER(B35),MAX(0,TODAY()-B35),"")) | L35: 46172 | M35: =IF(AND(H35="OCCUPIED",ISNUMBER(J35),K35=""),1,0) | N35: =IF(M35=1,COUNTIF($M$2:M35,1),"") | O35: =IF(AND(H35="OCCUPIED",ISNUMBER(J35),K35=""),--(TODAY()-J35>5),0) | P35: =IF(O35=1,COUNTIF($O$2:O35,1),"") | Q35: =IF(OR(B35="",G35="",H35<>"OCCUPIED"),"",IF(ISNUMBER(SEARCH("WHEAT",G35)),SUMPRODUCT(--ISNUMBER(SEARCH("WHEAT",$G$2:$G$99)),--($H$2:$H$99="OCCUPIED"),--($B$2:$B$99<>""),--(IFERROR(VALUE(LEFT(RIGHT($G$2:$G$99,7),4)),999)<IFERROR(VALUE(LEFT(RIGHT(G35,7),4)),999)))+SUMPRODUCT(--ISNUMBER(SEARCH("WHEAT",$G$2:$G$99)),--($H$2:$H$99="OCCUPIED"),--($B$2:$B$99<>""),--(IFERROR(VALUE(LEFT(RIGHT($G$2:$G$99,7),4)),999)=IFERROR(VALUE(LEFT(RIGHT(G35,7),4)),999)),--($B$2:$B$99<B35))+SUMPRODUCT(--ISNUMBER(SEARCH("WHEAT",$G$2:$G$99)),--($H$2:$H$99="OCCUPIED"),--($B$2:$B$99<>""),--(IFERROR(VALUE(LEFT(RIGHT($G$2:$G$99,7),4)),999)=IFERROR(VALUE(LEFT(RIGHT(G35,7),4)),999)),--($B$2:$B$99=B35),--(ROW($B$2:$B$99)<=ROW())),"")) | R35: =IF(OR(B35="",G35="",H35<>"OCCUPIED"),"",IF(ISERROR(SEARCH("WHEAT",G35)),SUMPRODUCT(--ISERROR(SEARCH("WHEAT",$G$2:$G$99)),--($H$2:$H$99="OCCUPIED"),--($B$2:$B$99<>""),--(IFERROR(VALUE(LEFT(RIGHT($G$2:$G$99,7),4)),999)<IFERROR(VALUE(LEFT(RIGHT(G35,7),4)),999)))+SUMPRODUCT(--ISERROR(SEARCH("WHEAT",$G$2:$G$99)),--($H$2:$H$99="OCCUPIED"),--($B$2:$B$99<>""),--(IFERROR(VALUE(LEFT(RIGHT($G$2:$G$99,7),4)),999)=IFERROR(VALUE(LEFT(RIGHT(G35,7),4)),999)),--($B$2:$B$99<B35))+SUMPRODUCT(--ISERROR(SEARCH("WHEAT",$G$2:$G$99)),--($H$2:$H$99="OCCUPIED"),--($B$2:$B$99<>""),--(IFERROR(VALUE(LEFT(RIGHT($G$2:$G$99,7),4)),999)=IFERROR(VALUE(LEFT(RIGHT(G35,7),4)),999)),--($B$2:$B$99=B35),--(ROW($B$2:$B$99)<=ROW())),""))
A36: =IF(D36="","",ROWS($D$2:D36)) | B36: 46118 | C36: 18 | D36: 18A02 | E36: 3501 | F36: 173.34828 | G36: FRK RRA 2024-25 | H36: =IF(AND(E36="",F36="",G36=""),"EMPTY","OCCUPIED") | I36: =IF(B36="","",IF(ISNUMBER(B36),MAX(0,TODAY()-B36),"")) | J36: 46265 | M36: =IF(AND(H36="OCCUPIED",ISNUMBER(J36),K36=""),1,0) | N36: =IF(M36=1,COUNTIF($M$2:M36,1),"") | O36: =IF(AND(H36="OCCUPIED",ISNUMBER(J36),K36=""),--(TODAY()-J36>5),0) | P36: =IF(O36=1,COUNTIF($O$2:O36,1),"") | Q36: =IF(OR(B36="",G36="",H36<>"OCCUPIED"),"",IF(ISNUMBER(SEARCH("WHEAT",G36)),SUMPRODUCT(--ISNUMBER(SEARCH("WHEAT",$G$2:$G$99)),--($H$2:$H$99="OCCUPIED"),--($B$2:$B$99<>""),--(IFERROR(VALUE(LEFT(RIGHT($G$2:$G$99,7),4)),999)<IFERROR(VALUE(LEFT(RIGHT(G36,7),4)),999)))+SUMPRODUCT(--ISNUMBER(SEARCH("WHEAT",$G$2:$G$99)),--($H$2:$H$99="OCCUPIED"),--($B$2:$B$99<>""),--(IFERROR(VALUE(LEFT(RIGHT($G$2:$G$99,7),4)),999)=IFERROR(VALUE(LEFT(RIGHT(G36,7),4)),999)),--($B$2:$B$99<B36))+SUMPRODUCT(--ISNUMBER(SEARCH("WHEAT",$G$2:$G$99)),--($H$2:$H$99="OCCUPIED"),--($B$2:$B$99<>""),--(IFERROR(VALUE(LEFT(RIGHT($G$2:$G$99,7),4)),999)=IFERROR(VALUE(LEFT(RIGHT(G36,7),4)),999)),--($B$2:$B$99=B36),--(ROW($B$2:$B$99)<=ROW())),"")) | R36: =IF(OR(B36="",G36="",H36<>"OCCUPIED"),"",IF(ISERROR(SEARCH("WHEAT",G36)),SUMPRODUCT(--ISERROR(SEARCH("WHEAT",$G$2:$G$99)),--($H$2:$H$99="OCCUPIED"),--($B$2:$B$99<>""),--(IFERROR(VALUE(LEFT(RIGHT($G$2:$G$99,7),4)),999)<IFERROR(VALUE(LEFT(RIGHT(G36,7),4)),999)))+SUMPRODUCT(--ISERROR(SEARCH("WHEAT",$G$2:$G$99)),--($H$2:$H$99="OCCUPIED"),--($B$2:$B$99<>""),--(IFERROR(VALUE(LEFT(RIGHT($G$2:$G$99,7),4)),999)=IFERROR(VALUE(LEFT(RIGHT(G36,7),4)),999)),--($B$2:$B$99<B36))+SUMPRODUCT(--ISERROR(SEARCH("WHEAT",$G$2:$G$99)),--($H$2:$H$99="OCCUPIED"),--($B$2:$B$99<>""),--(IFERROR(VALUE(LEFT(RIGHT($G$2:$G$99,7),4)),999)=IFERROR(VALUE(LEFT(RIGHT(G36,7),4)),999)),--($B$2:$B$99=B36),--(ROW($B$2:$B$99)<=ROW())),""))
A37: =IF(D37="","",ROWS($D$2:D37)) | B37: 45964 | C37: 18 | D37: 18A03 | E37: 3501 | F37: 172.98634 | G37: FRK RRA 2024-25 | H37: =IF(AND(E37="",F37="",G37=""),"EMPTY","OCCUPIED") | I37: =IF(B37="","",IF(ISNUMBER(B37),MAX(0,TODAY()-B37),"")) | L37: 46202 | M37: =IF(AND(H37="OCCUPIED",ISNUMBER(J37),K37=""),1,0) | N37: =IF(M37=1,COUNTIF($M$2:M37,1),"") | O37: =IF(AND(H37="OCCUPIED",ISNUMBER(J37),K37=""),--(TODAY()-J37>5),0) | P37: =IF(O37=1,COUNTIF($O$2:O37,1),"") | Q37: =IF(OR(B37="",G37="",H37<>"OCCUPIED"),"",IF(ISNUMBER(SEARCH("WHEAT",G37)),SUMPRODUCT(--ISNUMBER(SEARCH("WHEAT",$G$2:$G$99)),--($H$2:$H$99="OCCUPIED"),--($B$2:$B$99<>""),--(IFERROR(VALUE(LEFT(RIGHT($G$2:$G$99,7),4)),999)<IFERROR(VALUE(LEFT(RIGHT(G37,7),4)),999)))+SUMPRODUCT(--ISNUMBER(SEARCH("WHEAT",$G$2:$G$99)),--($H$2:$H$99="OCCUPIED"),--($B$2:$B$99<>""),--(IFERROR(VALUE(LEFT(RIGHT($G$2:$G$99,7),4)),999)=IFERROR(VALUE(LEFT(RIGHT(G37,7),4)),999)),--($B$2:$B$99<B37))+SUMPRODUCT(--ISNUMBER(SEARCH("WHEAT",$G$2:$G$99)),--($H$2:$H$99="OCCUPIED"),--($B$2:$B$99<>""),--(IFERROR(VALUE(LEFT(RIGHT($G$2:$G$99,7),4)),999)=IFERROR(VALUE(LEFT(RIGHT(G37,7),4)),999)),--($B$2:$B$99=B37),--(ROW($B$2:$B$99)<=ROW())),"")) | R37: =IF(OR(B37="",G37="",H37<>"OCCUPIED"),"",IF(ISERROR(SEARCH("WHEAT",G37)),SUMPRODUCT(--ISERROR(SEARCH("WHEAT",$G$2:$G$99)),--($H$2:$H$99="OCCUPIED"),--($B$2:$B$99<>""),--(IFERROR(VALUE(LEFT(RIGHT($G$2:$G$99,7),4)),999)<IFERROR(VALUE(LEFT(RIGHT(G37,7),4)),999)))+SUMPRODUCT(--ISERROR(SEARCH("WHEAT",$G$2:$G$99)),--($H$2:$H$99="OCCUPIED"),--($B$2:$B$99<>""),--(IFERROR(VALUE(LEFT(RIGHT($G$2:$G$99,7),4)),999)=IFERROR(VALUE(LEFT(RIGHT(G37,7),4)),999)),--($B$2:$B$99<B37))+SUMPRODUCT(--ISERROR(SEARCH("WHEAT",$G$2:$G$99)),--($H$2:$H$99="OCCUPIED"),--($B$2:$B$99<>""),--(IFERROR(VALUE(LEFT(RIGHT($G$2:$G$99,7),4)),999)=IFERROR(VALUE(LEFT(RIGHT(G37,7),4)),999)),--($B$2:$B$99=B37),--(ROW($B$2:$B$99)<=ROW())),""))
A38: =IF(D38="","",ROWS($D$2:D38)) | B38: 46112 | C38: 18 | D38: 18A04 | E38: 3501 | F38: 170.64888 | G38: FRK RRA 2024-25 | H38: =IF(AND(E38="",F38="",G38=""),"EMPTY","OCCUPIED") | I38: =IF(B38="","",IF(ISNUMBER(B38),MAX(0,TODAY()-B38),"")) | L38: 46211 | M38: =IF(AND(H38="OCCUPIED",ISNUMBER(J38),K38=""),1,0) | N38: =IF(M38=1,COUNTIF($M$2:M38,1),"") | O38: =IF(AND(H38="OCCUPIED",ISNUMBER(J38),K38=""),--(TODAY()-J38>5),0) | P38: =IF(O38=1,COUNTIF($O$2:O38,1),"") | Q38: =IF(OR(B38="",G38="",H38<>"OCCUPIED"),"",IF(ISNUMBER(SEARCH("WHEAT",G38)),SUMPRODUCT(--ISNUMBER(SEARCH("WHEAT",$G$2:$G$99)),--($H$2:$H$99="OCCUPIED"),--($B$2:$B$99<>""),--(IFERROR(VALUE(LEFT(RIGHT($G$2:$G$99,7),4)),999)<IFERROR(VALUE(LEFT(RIGHT(G38,7),4)),999)))+SUMPRODUCT(--ISNUMBER(SEARCH("WHEAT",$G$2:$G$99)),--($H$2:$H$99="OCCUPIED"),--($B$2:$B$99<>""),--(IFERROR(VALUE(LEFT(RIGHT($G$2:$G$99,7),4)),999)=IFERROR(VALUE(LEFT(RIGHT(G38,7),4)),999)),--($B$2:$B$99<B38))+SUMPRODUCT(--ISNUMBER(SEARCH("WHEAT",$G$2:$G$99)),--($H$2:$H$99="OCCUPIED"),--($B$2:$B$99<>""),--(IFERROR(VALUE(LEFT(RIGHT($G$2:$G$99,7),4)),999)=IFERROR(VALUE(LEFT(RIGHT(G38,7),4)),999)),--($B$2:$B$99=B38),--(ROW($B$2:$B$99)<=ROW())),"")) | R38: =IF(OR(B38="",G38="",H38<>"OCCUPIED"),"",IF(ISERROR(SEARCH("WHEAT",G38)),SUMPRODUCT(--ISERROR(SEARCH("WHEAT",$G$2:$G$99)),--($H$2:$H$99="OCCUPIED"),--($B$2:$B$99<>""),--(IFERROR(VALUE(LEFT(RIGHT($G$2:$G$99,7),4)),999)<IFERROR(VALUE(LEFT(RIGHT(G38,7),4)),999)))+SUMPRODUCT(--ISERROR(SEARCH("WHEAT",$G$2:$G$99)),--($H$2:$H$99="OCCUPIED"),--($B$2:$B$99<>""),--(IFERROR(VALUE(LEFT(RIGHT($G$2:$G$99,7),4)),999)=IFERROR(VALUE(LEFT(RIGHT(G38,7),4)),999)),--($B$2:$B$99<B38))+SUMPRODUCT(--ISERROR(SEARCH("WHEAT",$G$2:$G$99)),--($H$2:$H$99="OCCUPIED"),--($B$2:$B$99<>""),--(IFERROR(VALUE(LEFT(RIGHT($G$2:$G$99,7),4)),999)=IFERROR(VALUE(LEFT(RIGHT(G38,7),4)),999)),--($B$2:$B$99=B38),--(ROW($B$2:$B$99)<=ROW())),""))
A39: =IF(D39="","",ROWS($D$2:D39)) | C39: 18 | D39: 18A05 | H39: =IF(AND(E39="",F39="",G39=""),"EMPTY","OCCUPIED") | I39: =IF(B39="","",IF(ISNUMBER(B39),MAX(0,TODAY()-B39),"")) | M39: =IF(AND(H39="OCCUPIED",ISNUMBER(J39),K39=""),1,0) | N39: =IF(M39=1,COUNTIF($M$2:M39,1),"") | O39: =IF(AND(H39="OCCUPIED",ISNUMBER(J39),K39=""),--(TODAY()-J39>5),0) | P39: =IF(O39=1,COUNTIF($O$2:O39,1),"") | Q39: =IF(OR(B39="",G39="",H39<>"OCCUPIED"),"",IF(ISNUMBER(SEARCH("WHEAT",G39)),SUMPRODUCT(--ISNUMBER(SEARCH("WHEAT",$G$2:$G$99)),--($H$2:$H$99="OCCUPIED"),--($B$2:$B$99<>""),--(IFERROR(VALUE(LEFT(RIGHT($G$2:$G$99,7),4)),999)<IFERROR(VALUE(LEFT(RIGHT(G39,7),4)),999)))+SUMPRODUCT(--ISNUMBER(SEARCH("WHEAT",$G$2:$G$99)),--($H$2:$H$99="OCCUPIED"),--($B$2:$B$99<>""),--(IFERROR(VALUE(LEFT(RIGHT($G$2:$G$99,7),4)),999)=IFERROR(VALUE(LEFT(RIGHT(G39,7),4)),999)),--($B$2:$B$99<B39))+SUMPRODUCT(--ISNUMBER(SEARCH("WHEAT",$G$2:$G$99)),--($H$2:$H$99="OCCUPIED"),--($B$2:$B$99<>""),--(IFERROR(VALUE(LEFT(RIGHT($G$2:$G$99,7),4)),999)=IFERROR(VALUE(LEFT(RIGHT(G39,7),4)),999)),--($B$2:$B$99=B39),--(ROW($B$2:$B$99)<=ROW())),"")) | R39: =IF(OR(B39="",G39="",H39<>"OCCUPIED"),"",IF(ISERROR(SEARCH("WHEAT",G39)),SUMPRODUCT(--ISERROR(SEARCH("WHEAT",$G$2:$G$99)),--($H$2:$H$99="OCCUPIED"),--($B$2:$B$99<>""),--(IFERROR(VALUE(LEFT(RIGHT($G$2:$G$99,7),4)),999)<IFERROR(VALUE(LEFT(RIGHT(G39,7),4)),999)))+SUMPRODUCT(--ISERROR(SEARCH("WHEAT",$G$2:$G$99)),--($H$2:$H$99="OCCUPIED"),--($B$2:$B$99<>""),--(IFERROR(VALUE(LEFT(RIGHT($G$2:$G$99,7),4)),999)=IFERROR(VALUE(LEFT(RIGHT(G39,7),4)),999)),--($B$2:$B$99<B39))+SUMPRODUCT(--ISERROR(SEARCH("WHEAT",$G$2:$G$99)),--($H$2:$H$99="OCCUPIED"),--($B$2:$B$99<>""),--(IFERROR(VALUE(LEFT(RIGHT($G$2:$G$99,7),4)),999)=IFERROR(VALUE(LEFT(RIGHT(G39,7),4)),999)),--($B$2:$B$99=B39),--(ROW($B$2:$B$99)<=ROW())),""))
A40: =IF(D40="","",ROWS($D$2:D40)) | C40: 18 | D40: 18A06 | H40: =IF(AND(E40="",F40="",G40=""),"EMPTY","OCCUPIED") | I40: =IF(B40="","",IF(ISNUMBER(B40),MAX(0,TODAY()-B40),"")) | M40: =IF(AND(H40="OCCUPIED",ISNUMBER(J40),K40=""),1,0) | N40: =IF(M40=1,COUNTIF($M$2:M40,1),"") | O40: =IF(AND(H40="OCCUPIED",ISNUMBER(J40),K40=""),--(TODAY()-J40>5),0) | P40: =IF(O40=1,COUNTIF($O$2:O40,1),"") | Q40: =IF(OR(B40="",G40="",H40<>"OCCUPIED"),"",IF(ISNUMBER(SEARCH("WHEAT",G40)),SUMPRODUCT(--ISNUMBER(SEARCH("WHEAT",$G$2:$G$99)),--($H$2:$H$99="OCCUPIED"),--($B$2:$B$99<>""),--(IFERROR(VALUE(LEFT(RIGHT($G$2:$G$99,7),4)),999)<IFERROR(VALUE(LEFT(RIGHT(G40,7),4)),999)))+SUMPRODUCT(--ISNUMBER(SEARCH("WHEAT",$G$2:$G$99)),--($H$2:$H$99="OCCUPIED"),--($B$2:$B$99<>""),--(IFERROR(VALUE(LEFT(RIGHT($G$2:$G$99,7),4)),999)=IFERROR(VALUE(LEFT(RIGHT(G40,7),4)),999)),--($B$2:$B$99<B40))+SUMPRODUCT(--ISNUMBER(SEARCH("WHEAT",$G$2:$G$99)),--($H$2:$H$99="OCCUPIED"),--($B$2:$B$99<>""),--(IFERROR(VALUE(LEFT(RIGHT($G$2:$G$99,7),4)),999)=IFERROR(VALUE(LEFT(RIGHT(G40,7),4)),999)),--($B$2:$B$99=B40),--(ROW($B$2:$B$99)<=ROW())),"")) | R40: =IF(OR(B40="",G40="",H40<>"OCCUPIED"),"",IF(ISERROR(SEARCH("WHEAT",G40)),SUMPRODUCT(--ISERROR(SEARCH("WHEAT",$G$2:$G$99)),--($H$2:$H$99="OCCUPIED"),--($B$2:$B$99<>""),--(IFERROR(VALUE(LEFT(RIGHT($G$2:$G$99,7),4)),999)<IFERROR(VALUE(LEFT(RIGHT(G40,7),4)),999)))+SUMPRODUCT(--ISERROR(SEARCH("WHEAT",$G$2:$G$99)),--($H$2:$H$99="OCCUPIED"),--($B$2:$B$99<>""),--(IFERROR(VALUE(LEFT(RIGHT($G$2:$G$99,7),4)),999)=IFERROR(VALUE(LEFT(RIGHT(G40,7),4)),999)),--($B$2:$B$99<B40))+SUMPRODUCT(--ISERROR(SEARCH("WHEAT",$G$2:$G$99)),--($H$2:$H$99="OCCUPIED"),--($B$2:$B$99<>""),--(IFERROR(VALUE(LEFT(RIGHT($G$2:$G$99,7),4)),999)=IFERROR(VALUE(LEFT(RIGHT(G40,7),4)),999)),--($B$2:$B$99=B40),--(ROW($B$2:$B$99)<=ROW())),""))
A41: =IF(D41="","",ROWS($D$2:D41)) | B41: 46207 | C41: 18 | D41: 18A07 | E41: 1897 | F41: 92.476538 | G41: FRK RRA 2024-25 | H41: =IF(AND(E41="",F41="",G41=""),"EMPTY","OCCUPIED") | I41: =IF(B41="","",IF(ISNUMBER(B41),MAX(0,TODAY()-B41),"")) | L41: 46207 | M41: =IF(AND(H41="OCCUPIED",ISNUMBER(J41),K41=""),1,0) | N41: =IF(M41=1,COUNTIF($M$2:M41,1),"") | O41: =IF(AND(H41="OCCUPIED",ISNUMBER(J41),K41=""),--(TODAY()-J41>5),0) | P41: =IF(O41=1,COUNTIF($O$2:O41,1),"") | Q41: =IF(OR(B41="",G41="",H41<>"OCCUPIED"),"",IF(ISNUMBER(SEARCH("WHEAT",G41)),SUMPRODUCT(--ISNUMBER(SEARCH("WHEAT",$G$2:$G$99)),--($H$2:$H$99="OCCUPIED"),--($B$2:$B$99<>""),--(IFERROR(VALUE(LEFT(RIGHT($G$2:$G$99,7),4)),999)<IFERROR(VALUE(LEFT(RIGHT(G41,7),4)),999)))+SUMPRODUCT(--ISNUMBER(SEARCH("WHEAT",$G$2:$G$99)),--($H$2:$H$99="OCCUPIED"),--($B$2:$B$99<>""),--(IFERROR(VALUE(LEFT(RIGHT($G$2:$G$99,7),4)),999)=IFERROR(VALUE(LEFT(RIGHT(G41,7),4)),999)),--($B$2:$B$99<B41))+SUMPRODUCT(--ISNUMBER(SEARCH("WHEAT",$G$2:$G$99)),--($H$2:$H$99="OCCUPIED"),--($B$2:$B$99<>""),--(IFERROR(VALUE(LEFT(RIGHT($G$2:$G$99,7),4)),999)=IFERROR(VALUE(LEFT(RIGHT(G41,7),4)),999)),--($B$2:$B$99=B41),--(ROW($B$2:$B$99)<=ROW())),"")) | R41: =IF(OR(B41="",G41="",H41<>"OCCUPIED"),"",IF(ISERROR(SEARCH("WHEAT",G41)),SUMPRODUCT(--ISERROR(SEARCH("WHEAT",$G$2:$G$99)),--($H$2:$H$99="OCCUPIED"),--($B$2:$B$99<>""),--(IFERROR(VALUE(LEFT(RIGHT($G$2:$G$99,7),4)),999)<IFERROR(VALUE(LEFT(RIGHT(G41,7),4)),999)))+SUMPRODUCT(--ISERROR(SEARCH("WHEAT",$G$2:$G$99)),--($H$2:$H$99="OCCUPIED"),--($B$2:$B$99<>""),--(IFERROR(VALUE(LEFT(RIGHT($G$2:$G$99,7),4)),999)=IFERROR(VALUE(LEFT(RIGHT(G41,7),4)),999)),--($B$2:$B$99<B41))+SUMPRODUCT(--ISERROR(SEARCH("WHEAT",$G$2:$G$99)),--($H$2:$H$99="OCCUPIED"),--($B$2:$B$99<>""),--(IFERROR(VALUE(LEFT(RIGHT($G$2:$G$99,7),4)),999)=IFERROR(VALUE(LEFT(RIGHT(G41,7),4)),999)),--($B$2:$B$99=B41),--(ROW($B$2:$B$99)<=ROW())),""))
A42: =IF(D42="","",ROWS($D$2:D42)) | B42: 45833 | C42: 18 | D42: 18A08 | E42: 3501 | F42: 174.48105 | G42: WHEAT FAQ 2025-26 | H42: =IF(AND(E42="",F42="",G42=""),"EMPTY","OCCUPIED") | I42: =IF(B42="","",IF(ISNUMBER(B42),MAX(0,TODAY()-B42),"")) | L42: 46211 | M42: =IF(AND(H42="OCCUPIED",ISNUMBER(J42),K42=""),1,0) | N42: =IF(M42=1,COUNTIF($M$2:M42,1),"") | O42: =IF(AND(H42="OCCUPIED",ISNUMBER(J42),K42=""),--(TODAY()-J42>5),0) | P42: =IF(O42=1,COUNTIF($O$2:O42,1),"") | Q42: =IF(OR(B42="",G42="",H42<>"OCCUPIED"),"",IF(ISNUMBER(SEARCH("WHEAT",G42)),SUMPRODUCT(--ISNUMBER(SEARCH("WHEAT",$G$2:$G$99)),--($H$2:$H$99="OCCUPIED"),--($B$2:$B$99<>""),--(IFERROR(VALUE(LEFT(RIGHT($G$2:$G$99,7),4)),999)<IFERROR(VALUE(LEFT(RIGHT(G42,7),4)),999)))+SUMPRODUCT(--ISNUMBER(SEARCH("WHEAT",$G$2:$G$99)),--($H$2:$H$99="OCCUPIED"),--($B$2:$B$99<>""),--(IFERROR(VALUE(LEFT(RIGHT($G$2:$G$99,7),4)),999)=IFERROR(VALUE(LEFT(RIGHT(G42,7),4)),999)),--($B$2:$B$99<B42))+SUMPRODUCT(--ISNUMBER(SEARCH("WHEAT",$G$2:$G$99)),--($H$2:$H$99="OCCUPIED"),--($B$2:$B$99<>""),--(IFERROR(VALUE(LEFT(RIGHT($G$2:$G$99,7),4)),999)=IFERROR(VALUE(LEFT(RIGHT(G42,7),4)),999)),--($B$2:$B$99=B42),--(ROW($B$2:$B$99)<=ROW())),"")) | R42: =IF(OR(B42="",G42="",H42<>"OCCUPIED"),"",IF(ISERROR(SEARCH("WHEAT",G42)),SUMPRODUCT(--ISERROR(SEARCH("WHEAT",$G$2:$G$99)),--($H$2:$H$99="OCCUPIED"),--($B$2:$B$99<>""),--(IFERROR(VALUE(LEFT(RIGHT($G$2:$G$99,7),4)),999)<IFERROR(VALUE(LEFT(RIGHT(G42,7),4)),999)))+SUMPRODUCT(--ISERROR(SEARCH("WHEAT",$G$2:$G$99)),--($H$2:$H$99="OCCUPIED"),--($B$2:$B$99<>""),--(IFERROR(VALUE(LEFT(RIGHT($G$2:$G$99,7),4)),999)=IFERROR(VALUE(LEFT(RIGHT(G42,7),4)),999)),--($B$2:$B$99<B42))+SUMPRODUCT(--ISERROR(SEARCH("WHEAT",$G$2:$G$99)),--($H$2:$H$99="OCCUPIED"),--($B$2:$B$99<>""),--(IFERROR(VALUE(LEFT(RIGHT($G$2:$G$99,7),4)),999)=IFERROR(VALUE(LEFT(RIGHT(G42,7),4)),999)),--($B$2:$B$99=B42),--(ROW($B$2:$B$99)<=ROW())),""))
A43: =IF(D43="","",ROWS($D$2:D43)) | B43: 46100 | C43: 18 | D43: 18A09 | E43: 3501 | F43: 173.32429 | G43: FRK RRA 2024-25 | H43: =IF(AND(E43="",F43="",G43=""),"EMPTY","OCCUPIED") | I43: =IF(B43="","",IF(ISNUMBER(B43),MAX(0,TODAY()-B43),"")) | L43: 46211 | M43: =IF(AND(H43="OCCUPIED",ISNUMBER(J43),K43=""),1,0) | N43: =IF(M43=1,COUNTIF($M$2:M43,1),"") | O43: =IF(AND(H43="OCCUPIED",ISNUMBER(J43),K43=""),--(TODAY()-J43>5),0) | P43: =IF(O43=1,COUNTIF($O$2:O43,1),"") | Q43: =IF(OR(B43="",G43="",H43<>"OCCUPIED"),"",IF(ISNUMBER(SEARCH("WHEAT",G43)),SUMPRODUCT(--ISNUMBER(SEARCH("WHEAT",$G$2:$G$99)),--($H$2:$H$99="OCCUPIED"),--($B$2:$B$99<>""),--(IFERROR(VALUE(LEFT(RIGHT($G$2:$G$99,7),4)),999)<IFERROR(VALUE(LEFT(RIGHT(G43,7),4)),999)))+SUMPRODUCT(--ISNUMBER(SEARCH("WHEAT",$G$2:$G$99)),--($H$2:$H$99="OCCUPIED"),--($B$2:$B$99<>""),--(IFERROR(VALUE(LEFT(RIGHT($G$2:$G$99,7),4)),999)=IFERROR(VALUE(LEFT(RIGHT(G43,7),4)),999)),--($B$2:$B$99<B43))+SUMPRODUCT(--ISNUMBER(SEARCH("WHEAT",$G$2:$G$99)),--($H$2:$H$99="OCCUPIED"),--($B$2:$B$99<>""),--(IFERROR(VALUE(LEFT(RIGHT($G$2:$G$99,7),4)),999)=IFERROR(VALUE(LEFT(RIGHT(G43,7),4)),999)),--($B$2:$B$99=B43),--(ROW($B$2:$B$99)<=ROW())),"")) | R43: =IF(OR(B43="",G43="",H43<>"OCCUPIED"),"",IF(ISERROR(SEARCH("WHEAT",G43)),SUMPRODUCT(--ISERROR(SEARCH("WHEAT",$G$2:$G$99)),--($H$2:$H$99="OCCUPIED"),--($B$2:$B$99<>""),--(IFERROR(VALUE(LEFT(RIGHT($G$2:$G$99,7),4)),999)<IFERROR(VALUE(LEFT(RIGHT(G43,7),4)),999)))+SUMPRODUCT(--ISERROR(SEARCH("WHEAT",$G$2:$G$99)),--($H$2:$H$99="OCCUPIED"),--($B$2:$B$99<>""),--(IFERROR(VALUE(LEFT(RIGHT($G$2:$G$99,7),4)),999)=IFERROR(VALUE(LEFT(RIGHT(G43,7),4)),999)),--($B$2:$B$99<B43))+SUMPRODUCT(--ISERROR(SEARCH("WHEAT",$G$2:$G$99)),--($H$2:$H$99="OCCUPIED"),--($B$2:$B$99<>""),--(IFERROR(VALUE(LEFT(RIGHT($G$2:$G$99,7),4)),999)=IFERROR(VALUE(LEFT(RIGHT(G43,7),4)),999)),--($B$2:$B$99=B43),--(ROW($B$2:$B$99)<=ROW())),""))
A44: =IF(D44="","",ROWS($D$2:D44)) | B44: 46027 | C44: 20 | D44: M6A01 | E44: 3456 | F44: 174.908 | G44: WHEAT FAQ 2025-26 | H44: =IF(AND(E44="",F44="",G44=""),"EMPTY","OCCUPIED") | I44: =IF(B44="","",IF(ISNUMBER(B44),MAX(0,TODAY()-B44),"")) | L44: 46255 | M44: =IF(AND(H44="OCCUPIED",ISNUMBER(J44),K44=""),1,0) | N44: =IF(M44=1,COUNTIF($M$2:M44,1),"") | O44: =IF(AND(H44="OCCUPIED",ISNUMBER(J44),K44=""),--(TODAY()-J44>5),0) | P44: =IF(O44=1,COUNTIF($O$2:O44,1),"") | Q44: =IF(OR(B44="",G44="",H44<>"OCCUPIED"),"",IF(ISNUMBER(SEARCH("WHEAT",G44)),SUMPRODUCT(--ISNUMBER(SEARCH("WHEAT",$G$2:$G$99)),--($H$2:$H$99="OCCUPIED"),--($B$2:$B$99<>""),--(IFERROR(VALUE(LEFT(RIGHT($G$2:$G$99,7),4)),999)<IFERROR(VALUE(LEFT(RIGHT(G44,7),4)),999)))+SUMPRODUCT(--ISNUMBER(SEARCH("WHEAT",$G$2:$G$99)),--($H$2:$H$99="OCCUPIED"),--($B$2:$B$99<>""),--(IFERROR(VALUE(LEFT(RIGHT($G$2:$G$99,7),4)),999)=IFERROR(VALUE(LEFT(RIGHT(G44,7),4)),999)),--($B$2:$B$99<B44))+SUMPRODUCT(--ISNUMBER(SEARCH("WHEAT",$G$2:$G$99)),--($H$2:$H$99="OCCUPIED"),--($B$2:$B$99<>""),--(IFERROR(VALUE(LEFT(RIGHT($G$2:$G$99,7),4)),999)=IFERROR(VALUE(LEFT(RIGHT(G44,7),4)),999)),--($B$2:$B$99=B44),--(ROW($B$2:$B$99)<=ROW())),"")) | R44: =IF(OR(B44="",G44="",H44<>"OCCUPIED"),"",IF(ISERROR(SEARCH("WHEAT",G44)),SUMPRODUCT(--ISERROR(SEARCH("WHEAT",$G$2:$G$99)),--($H$2:$H$99="OCCUPIED"),--($B$2:$B$99<>""),--(IFERROR(VALUE(LEFT(RIGHT($G$2:$G$99,7),4)),999)<IFERROR(VALUE(LEFT(RIGHT(G44,7),4)),999)))+SUMPRODUCT(--ISERROR(SEARCH("WHEAT",$G$2:$G$99)),--($H$2:$H$99="OCCUPIED"),--($B$2:$B$99<>""),--(IFERROR(VALUE(LEFT(RIGHT($G$2:$G$99,7),4)),999)=IFERROR(VALUE(LEFT(RIGHT(G44,7),4)),999)),--($B$2:$B$99<B44))+SUMPRODUCT(--ISERROR(SEARCH("WHEAT",$G$2:$G$99)),--($H$2:$H$99="OCCUPIED"),--($B$2:$B$99<>""),--(IFERROR(VALUE(LEFT(RIGHT($G$2:$G$99,7),4)),999)=IFERROR(VALUE(LEFT(RIGHT(G44,7),4)),999)),--($B$2:$B$99=B44),--(ROW($B$2:$B$99)<=ROW())),""))
A45: =IF(D45="","",ROWS($D$2:D45)) | C45: 20 | D45: M6A02 | H45: =IF(AND(E45="",F45="",G45=""),"EMPTY","OCCUPIED") | I45: =IF(B45="","",IF(ISNUMBER(B45),MAX(0,TODAY()-B45),"")) | M45: =IF(AND(H45="OCCUPIED",ISNUMBER(J45),K45=""),1,0) | N45: =IF(M45=1,COUNTIF($M$2:M45,1),"") | O45: =IF(AND(H45="OCCUPIED",ISNUMBER(J45),K45=""),--(TODAY()-J45>5),0) | P45: =IF(O45=1,COUNTIF($O$2:O45,1),"") | Q45: =IF(OR(B45="",G45="",H45<>"OCCUPIED"),"",IF(ISNUMBER(SEARCH("WHEAT",G45)),SUMPRODUCT(--ISNUMBER(SEARCH("WHEAT",$G$2:$G$99)),--($H$2:$H$99="OCCUPIED"),--($B$2:$B$99<>""),--(IFERROR(VALUE(LEFT(RIGHT($G$2:$G$99,7),4)),999)<IFERROR(VALUE(LEFT(RIGHT(G45,7),4)),999)))+SUMPRODUCT(--ISNUMBER(SEARCH("WHEAT",$G$2:$G$99)),--($H$2:$H$99="OCCUPIED"),--($B$2:$B$99<>""),--(IFERROR(VALUE(LEFT(RIGHT($G$2:$G$99,7),4)),999)=IFERROR(VALUE(LEFT(RIGHT(G45,7),4)),999)),--($B$2:$B$99<B45))+SUMPRODUCT(--ISNUMBER(SEARCH("WHEAT",$G$2:$G$99)),--($H$2:$H$99="OCCUPIED"),--($B$2:$B$99<>""),--(IFERROR(VALUE(LEFT(RIGHT($G$2:$G$99,7),4)),999)=IFERROR(VALUE(LEFT(RIGHT(G45,7),4)),999)),--($B$2:$B$99=B45),--(ROW($B$2:$B$99)<=ROW())),"")) | R45: =IF(OR(B45="",G45="",H45<>"OCCUPIED"),"",IF(ISERROR(SEARCH("WHEAT",G45)),SUMPRODUCT(--ISERROR(SEARCH("WHEAT",$G$2:$G$99)),--($H$2:$H$99="OCCUPIED"),--($B$2:$B$99<>""),--(IFERROR(VALUE(LEFT(RIGHT($G$2:$G$99,7),4)),999)<IFERROR(VALUE(LEFT(RIGHT(G45,7),4)),999)))+SUMPRODUCT(--ISERROR(SEARCH("WHEAT",$G$2:$G$99)),--($H$2:$H$99="OCCUPIED"),--($B$2:$B$99<>""),--(IFERROR(VALUE(LEFT(RIGHT($G$2:$G$99,7),4)),999)=IFERROR(VALUE(LEFT(RIGHT(G45,7),4)),999)),--($B$2:$B$99<B45))+SUMPRODUCT(--ISERROR(SEARCH("WHEAT",$G$2:$G$99)),--($H$2:$H$99="OCCUPIED"),--($B$2:$B$99<>""),--(IFERROR(VALUE(LEFT(RIGHT($G$2:$G$99,7),4)),999)=IFERROR(VALUE(LEFT(RIGHT(G45,7),4)),999)),--($B$2:$B$99=B45),--(ROW($B$2:$B$99)<=ROW())),""))
A46: =IF(D46="","",ROWS($D$2:D46)) | B46: 45978 | C46: 20 | D46: M6A03 | E46: 3501 | F46: 177.099 | G46: WHEAT FAQ 2025-26 | H46: =IF(AND(E46="",F46="",G46=""),"EMPTY","OCCUPIED") | I46: =IF(B46="","",IF(ISNUMBER(B46),MAX(0,TODAY()-B46),"")) | L46: 46255 | M46: =IF(AND(H46="OCCUPIED",ISNUMBER(J46),K46=""),1,0) | N46: =IF(M46=1,COUNTIF($M$2:M46,1),"") | O46: =IF(AND(H46="OCCUPIED",ISNUMBER(J46),K46=""),--(TODAY()-J46>5),0) | P46: =IF(O46=1,COUNTIF($O$2:O46,1),"") | Q46: =IF(OR(B46="",G46="",H46<>"OCCUPIED"),"",IF(ISNUMBER(SEARCH("WHEAT",G46)),SUMPRODUCT(--ISNUMBER(SEARCH("WHEAT",$G$2:$G$99)),--($H$2:$H$99="OCCUPIED"),--($B$2:$B$99<>""),--(IFERROR(VALUE(LEFT(RIGHT($G$2:$G$99,7),4)),999)<IFERROR(VALUE(LEFT(RIGHT(G46,7),4)),999)))+SUMPRODUCT(--ISNUMBER(SEARCH("WHEAT",$G$2:$G$99)),--($H$2:$H$99="OCCUPIED"),--($B$2:$B$99<>""),--(IFERROR(VALUE(LEFT(RIGHT($G$2:$G$99,7),4)),999)=IFERROR(VALUE(LEFT(RIGHT(G46,7),4)),999)),--($B$2:$B$99<B46))+SUMPRODUCT(--ISNUMBER(SEARCH("WHEAT",$G$2:$G$99)),--($H$2:$H$99="OCCUPIED"),--($B$2:$B$99<>""),--(IFERROR(VALUE(LEFT(RIGHT($G$2:$G$99,7),4)),999)=IFERROR(VALUE(LEFT(RIGHT(G46,7),4)),999)),--($B$2:$B$99=B46),--(ROW($B$2:$B$99)<=ROW())),"")) | R46: =IF(OR(B46="",G46="",H46<>"OCCUPIED"),"",IF(ISERROR(SEARCH("WHEAT",G46)),SUMPRODUCT(--ISERROR(SEARCH("WHEAT",$G$2:$G$99)),--($H$2:$H$99="OCCUPIED"),--($B$2:$B$99<>""),--(IFERROR(VALUE(LEFT(RIGHT($G$2:$G$99,7),4)),999)<IFERROR(VALUE(LEFT(RIGHT(G46,7),4)),999)))+SUMPRODUCT(--ISERROR(SEARCH("WHEAT",$G$2:$G$99)),--($H$2:$H$99="OCCUPIED"),--($B$2:$B$99<>""),--(IFERROR(VALUE(LEFT(RIGHT($G$2:$G$99,7),4)),999)=IFERROR(VALUE(LEFT(RIGHT(G46,7),4)),999)),--($B$2:$B$99<B46))+SUMPRODUCT(--ISERROR(SEARCH("WHEAT",$G$2:$G$99)),--($H$2:$H$99="OCCUPIED"),--($B$2:$B$99<>""),--(IFERROR(VALUE(LEFT(RIGHT($G$2:$G$99,7),4)),999)=IFERROR(VALUE(LEFT(RIGHT(G46,7),4)),999)),--($B$2:$B$99=B46),--(ROW($B$2:$B$99)<=ROW())),""))
A47: =IF(D47="","",ROWS($D$2:D47)) | B47: 46265 | C47: 9TS | D47: 9TS14 | E47: 3874 | F47: 188 | G47: FRK RRA 2023-24 | H47: =IF(AND(E47="",F47="",G47=""),"EMPTY","OCCUPIED") | I47: =IF(B47="","",IF(ISNUMBER(B47),MAX(0,TODAY()-B47),"")) | M47: =IF(AND(H47="OCCUPIED",ISNUMBER(J47),K47=""),1,0) | N47: =IF(M47=1,COUNTIF($M$2:M47,1),"") | O47: =IF(AND(H47="OCCUPIED",ISNUMBER(J47),K47=""),--(TODAY()-J47>5),0) | P47: =IF(O47=1,COUNTIF($O$2:O47,1),"") | Q47: =IF(OR(B47="",G47="",H47<>"OCCUPIED"),"",IF(ISNUMBER(SEARCH("WHEAT",G47)),SUMPRODUCT(--ISNUMBER(SEARCH("WHEAT",$G$2:$G$99)),--($H$2:$H$99="OCCUPIED"),--($B$2:$B$99<>""),--(IFERROR(VALUE(LEFT(RIGHT($G$2:$G$99,7),4)),999)<IFERROR(VALUE(LEFT(RIGHT(G47,7),4)),999)))+SUMPRODUCT(--ISNUMBER(SEARCH("WHEAT",$G$2:$G$99)),--($H$2:$H$99="OCCUPIED"),--($B$2:$B$99<>""),--(IFERROR(VALUE(LEFT(RIGHT($G$2:$G$99,7),4)),999)=IFERROR(VALUE(LEFT(RIGHT(G47,7),4)),999)),--($B$2:$B$99<B47))+SUMPRODUCT(--ISNUMBER(SEARCH("WHEAT",$G$2:$G$99)),--($H$2:$H$99="OCCUPIED"),--($B$2:$B$99<>""),--(IFERROR(VALUE(LEFT(RIGHT($G$2:$G$99,7),4)),999)=IFERROR(VALUE(LEFT(RIGHT(G47,7),4)),999)),--($B$2:$B$99=B47),--(ROW($B$2:$B$99)<=ROW())),"")) | R47: =IF(OR(B47="",G47="",H47<>"OCCUPIED"),"",IF(ISERROR(SEARCH("WHEAT",G47)),SUMPRODUCT(--ISERROR(SEARCH("WHEAT",$G$2:$G$99)),--($H$2:$H$99="OCCUPIED"),--($B$2:$B$99<>""),--(IFERROR(VALUE(LEFT(RIGHT($G$2:$G$99,7),4)),999)<IFERROR(VALUE(LEFT(RIGHT(G47,7),4)),999)))+SUMPRODUCT(--ISERROR(SEARCH("WHEAT",$G$2:$G$99)),--($H$2:$H$99="OCCUPIED"),--($B$2:$B$99<>""),--(IFERROR(VALUE(LEFT(RIGHT($G$2:$G$99,7),4)),999)=IFERROR(VALUE(LEFT(RIGHT(G47,7),4)),999)),--($B$2:$B$99<B47))+SUMPRODUCT(--ISERROR(SEARCH("WHEAT",$G$2:$G$99)),--($H$2:$H$99="OCCUPIED"),--($B$2:$B$99<>""),--(IFERROR(VALUE(LEFT(RIGHT($G$2:$G$99,7),4)),999)=IFERROR(VALUE(LEFT(RIGHT(G47,7),4)),999)),--($B$2:$B$99=B47),--(ROW($B$2:$B$99)<=ROW())),""))
A48: =IF(D48="","",ROWS($D$2:D48)) | B48: 46265 | C48: 18TS | D48: 18TS20 | E48: 3869 | F48: 188 | G48: FRK RRA 2023-24 | H48: =IF(AND(E48="",F48="",G48=""),"EMPTY","OCCUPIED") | I48: =IF(B48="","",IF(ISNUMBER(B48),MAX(0,TODAY()-B48),"")) | M48: =IF(AND(H48="OCCUPIED",ISNUMBER(J48),K48=""),1,0) | N48: =IF(M48=1,COUNTIF($M$2:M48,1),"") | O48: =IF(AND(H48="OCCUPIED",ISNUMBER(J48),K48=""),--(TODAY()-J48>5),0) | P48: =IF(O48=1,COUNTIF($O$2:O48,1),"") | Q48: =IF(OR(B48="",G48="",H48<>"OCCUPIED"),"",IF(ISNUMBER(SEARCH("WHEAT",G48)),SUMPRODUCT(--ISNUMBER(SEARCH("WHEAT",$G$2:$G$99)),--($H$2:$H$99="OCCUPIED"),--($B$2:$B$99<>""),--(IFERROR(VALUE(LEFT(RIGHT($G$2:$G$99,7),4)),999)<IFERROR(VALUE(LEFT(RIGHT(G48,7),4)),999)))+SUMPRODUCT(--ISNUMBER(SEARCH("WHEAT",$G$2:$G$99)),--($H$2:$H$99="OCCUPIED"),--($B$2:$B$99<>""),--(IFERROR(VALUE(LEFT(RIGHT($G$2:$G$99,7),4)),999)=IFERROR(VALUE(LEFT(RIGHT(G48,7),4)),999)),--($B$2:$B$99<B48))+SUMPRODUCT(--ISNUMBER(SEARCH("WHEAT",$G$2:$G$99)),--($H$2:$H$99="OCCUPIED"),--($B$2:$B$99<>""),--(IFERROR(VALUE(LEFT(RIGHT($G$2:$G$99,7),4)),999)=IFERROR(VALUE(LEFT(RIGHT(G48,7),4)),999)),--($B$2:$B$99=B48),--(ROW($B$2:$B$99)<=ROW())),"")) | R48: =IF(OR(B48="",G48="",H48<>"OCCUPIED"),"",IF(ISERROR(SEARCH("WHEAT",G48)),SUMPRODUCT(--ISERROR(SEARCH("WHEAT",$G$2:$G$99)),--($H$2:$H$99="OCCUPIED"),--($B$2:$B$99<>""),--(IFERROR(VALUE(LEFT(RIGHT($G$2:$G$99,7),4)),999)<IFERROR(VALUE(LEFT(RIGHT(G48,7),4)),999)))+SUMPRODUCT(--ISERROR(SEARCH("WHEAT",$G$2:$G$99)),--($H$2:$H$99="OCCUPIED"),--($B$2:$B$99<>""),--(IFERROR(VALUE(LEFT(RIGHT($G$2:$G$99,7),4)),999)=IFERROR(VALUE(LEFT(RIGHT(G48,7),4)),999)),--($B$2:$B$99<B48))+SUMPRODUCT(--ISERROR(SEARCH("WHEAT",$G$2:$G$99)),--($H$2:$H$99="OCCUPIED"),--($B$2:$B$99<>""),--(IFERROR(VALUE(LEFT(RIGHT($G$2:$G$99,7),4)),999)=IFERROR(VALUE(LEFT(RIGHT(G48,7),4)),999)),--($B$2:$B$99=B48),--(ROW($B$2:$B$99)<=ROW())),""))
A49: =IF(D49="","",ROWS($D$2:D49)) | H49: =IF(AND(E49="",F49="",G49=""),"EMPTY","OCCUPIED") | I49: =IF(B49="","",IF(ISNUMBER(B49),MAX(0,TODAY()-B49),"")) | M49: =IF(AND(H49="OCCUPIED",ISNUMBER(J49),K49=""),1,0) | N49: =IF(M49=1,COUNTIF($M$2:M49,1),"") | O49: =IF(AND(H49="OCCUPIED",ISNUMBER(J49),K49=""),--(TODAY()-J49>5),0) | P49: =IF(O49=1,COUNTIF($O$2:O49,1),"") | Q49: =IF(OR(B49="",G49="",H49<>"OCCUPIED"),"",IF(ISNUMBER(SEARCH("WHEAT",G49)),SUMPRODUCT(--ISNUMBER(SEARCH("WHEAT",$G$2:$G$99)),--($H$2:$H$99="OCCUPIED"),--($B$2:$B$99<>""),--(IFERROR(VALUE(LEFT(RIGHT($G$2:$G$99,7),4)),999)<IFERROR(VALUE(LEFT(RIGHT(G49,7),4)),999)))+SUMPRODUCT(--ISNUMBER(SEARCH("WHEAT",$G$2:$G$99)),--($H$2:$H$99="OCCUPIED"),--($B$2:$B$99<>""),--(IFERROR(VALUE(LEFT(RIGHT($G$2:$G$99,7),4)),999)=IFERROR(VALUE(LEFT(RIGHT(G49,7),4)),999)),--($B$2:$B$99<B49))+SUMPRODUCT(--ISNUMBER(SEARCH("WHEAT",$G$2:$G$99)),--($H$2:$H$99="OCCUPIED"),--($B$2:$B$99<>""),--(IFERROR(VALUE(LEFT(RIGHT($G$2:$G$99,7),4)),999)=IFERROR(VALUE(LEFT(RIGHT(G49,7),4)),999)),--($B$2:$B$99=B49),--(ROW($B$2:$B$99)<=ROW())),"")) | R49: =IF(OR(B49="",G49="",H49<>"OCCUPIED"),"",IF(ISERROR(SEARCH("WHEAT",G49)),SUMPRODUCT(--ISERROR(SEARCH("WHEAT",$G$2:$G$99)),--($H$2:$H$99="OCCUPIED"),--($B$2:$B$99<>""),--(IFERROR(VALUE(LEFT(RIGHT($G$2:$G$99,7),4)),999)<IFERROR(VALUE(LEFT(RIGHT(G49,7),4)),999)))+SUMPRODUCT(--ISERROR(SEARCH("WHEAT",$G$2:$G$99)),--($H$2:$H$99="OCCUPIED"),--($B$2:$B$99<>""),--(IFERROR(VALUE(LEFT(RIGHT($G$2:$G$99,7),4)),999)=IFERROR(VALUE(LEFT(RIGHT(G49,7),4)),999)),--($B$2:$B$99<B49))+SUMPRODUCT(--ISERROR(SEARCH("WHEAT",$G$2:$G$99)),--($H$2:$H$99="OCCUPIED"),--($B$2:$B$99<>""),--(IFERROR(VALUE(LEFT(RIGHT($G$2:$G$99,7),4)),999)=IFERROR(VALUE(LEFT(RIGHT(G49,7),4)),999)),--($B$2:$B$99=B49),--(ROW($B$2:$B$99)<=ROW())),""))
A50: =IF(D50="","",ROWS($D$2:D50)) | H50: =IF(AND(E50="",F50="",G50=""),"EMPTY","OCCUPIED") | I50: =IF(B50="","",IF(ISNUMBER(B50),MAX(0,TODAY()-B50),"")) | M50: =IF(AND(H50="OCCUPIED",ISNUMBER(J50),K50=""),1,0) | N50: =IF(M50=1,COUNTIF($M$2:M50,1),"") | O50: =IF(AND(H50="OCCUPIED",ISNUMBER(J50),K50=""),--(TODAY()-J50>5),0) | P50: =IF(O50=1,COUNTIF($O$2:O50,1),"") | Q50: =IF(OR(B50="",G50="",H50<>"OCCUPIED"),"",IF(ISNUMBER(SEARCH("WHEAT",G50)),SUMPRODUCT(--ISNUMBER(SEARCH("WHEAT",$G$2:$G$99)),--($H$2:$H$99="OCCUPIED"),--($B$2:$B$99<>""),--(IFERROR(VALUE(LEFT(RIGHT($G$2:$G$99,7),4)),999)<IFERROR(VALUE(LEFT(RIGHT(G50,7),4)),999)))+SUMPRODUCT(--ISNUMBER(SEARCH("WHEAT",$G$2:$G$99)),--($H$2:$H$99="OCCUPIED"),--($B$2:$B$99<>""),--(IFERROR(VALUE(LEFT(RIGHT($G$2:$G$99,7),4)),999)=IFERROR(VALUE(LEFT(RIGHT(G50,7),4)),999)),--($B$2:$B$99<B50))+SUMPRODUCT(--ISNUMBER(SEARCH("WHEAT",$G$2:$G$99)),--($H$2:$H$99="OCCUPIED"),--($B$2:$B$99<>""),--(IFERROR(VALUE(LEFT(RIGHT($G$2:$G$99,7),4)),999)=IFERROR(VALUE(LEFT(RIGHT(G50,7),4)),999)),--($B$2:$B$99=B50),--(ROW($B$2:$B$99)<=ROW())),"")) | R50: =IF(OR(B50="",G50="",H50<>"OCCUPIED"),"",IF(ISERROR(SEARCH("WHEAT",G50)),SUMPRODUCT(--ISERROR(SEARCH("WHEAT",$G$2:$G$99)),--($H$2:$H$99="OCCUPIED"),--($B$2:$B$99<>""),--(IFERROR(VALUE(LEFT(RIGHT($G$2:$G$99,7),4)),999)<IFERROR(VALUE(LEFT(RIGHT(G50,7),4)),999)))+SUMPRODUCT(--ISERROR(SEARCH("WHEAT",$G$2:$G$99)),--($H$2:$H$99="OCCUPIED"),--($B$2:$B$99<>""),--(IFERROR(VALUE(LEFT(RIGHT($G$2:$G$99,7),4)),999)=IFERROR(VALUE(LEFT(RIGHT(G50,7),4)),999)),--($B$2:$B$99<B50))+SUMPRODUCT(--ISERROR(SEARCH("WHEAT",$G$2:$G$99)),--($H$2:$H$99="OCCUPIED"),--($B$2:$B$99<>""),--(IFERROR(VALUE(LEFT(RIGHT($G$2:$G$99,7),4)),999)=IFERROR(VALUE(LEFT(RIGHT(G50,7),4)),999)),--($B$2:$B$99=B50),--(ROW($B$2:$B$99)<=ROW())),""))
A51: =IF(D51="","",ROWS($D$2:D51)) | H51: =IF(AND(E51="",F51="",G51=""),"EMPTY","OCCUPIED") | I51: =IF(B51="","",IF(ISNUMBER(B51),MAX(0,TODAY()-B51),"")) | M51: =IF(AND(H51="OCCUPIED",ISNUMBER(J51),K51=""),1,0) | N51: =IF(M51=1,COUNTIF($M$2:M51,1),"") | O51: =IF(AND(H51="OCCUPIED",ISNUMBER(J51),K51=""),--(TODAY()-J51>5),0) | P51: =IF(O51=1,COUNTIF($O$2:O51,1),"") | Q51: =IF(OR(B51="",G51="",H51<>"OCCUPIED"),"",IF(ISNUMBER(SEARCH("WHEAT",G51)),SUMPRODUCT(--ISNUMBER(SEARCH("WHEAT",$G$2:$G$99)),--($H$2:$H$99="OCCUPIED"),--($B$2:$B$99<>""),--(IFERROR(VALUE(LEFT(RIGHT($G$2:$G$99,7),4)),999)<IFERROR(VALUE(LEFT(RIGHT(G51,7),4)),999)))+SUMPRODUCT(--ISNUMBER(SEARCH("WHEAT",$G$2:$G$99)),--($H$2:$H$99="OCCUPIED"),--($B$2:$B$99<>""),--(IFERROR(VALUE(LEFT(RIGHT($G$2:$G$99,7),4)),999)=IFERROR(VALUE(LEFT(RIGHT(G51,7),4)),999)),--($B$2:$B$99<B51))+SUMPRODUCT(--ISNUMBER(SEARCH("WHEAT",$G$2:$G$99)),--($H$2:$H$99="OCCUPIED"),--($B$2:$B$99<>""),--(IFERROR(VALUE(LEFT(RIGHT($G$2:$G$99,7),4)),999)=IFERROR(VALUE(LEFT(RIGHT(G51,7),4)),999)),--($B$2:$B$99=B51),--(ROW($B$2:$B$99)<=ROW())),"")) | R51: =IF(OR(B51="",G51="",H51<>"OCCUPIED"),"",IF(ISERROR(SEARCH("WHEAT",G51)),SUMPRODUCT(--ISERROR(SEARCH("WHEAT",$G$2:$G$99)),--($H$2:$H$99="OCCUPIED"),--($B$2:$B$99<>""),--(IFERROR(VALUE(LEFT(RIGHT($G$2:$G$99,7),4)),999)<IFERROR(VALUE(LEFT(RIGHT(G51,7),4)),999)))+SUMPRODUCT(--ISERROR(SEARCH("WHEAT",$G$2:$G$99)),--($H$2:$H$99="OCCUPIED"),--($B$2:$B$99<>""),--(IFERROR(VALUE(LEFT(RIGHT($G$2:$G$99,7),4)),999)=IFERROR(VALUE(LEFT(RIGHT(G51,7),4)),999)),--($B$2:$B$99<B51))+SUMPRODUCT(--ISERROR(SEARCH("WHEAT",$G$2:$G$99)),--($H$2:$H$99="OCCUPIED"),--($B$2:$B$99<>""),--(IFERROR(VALUE(LEFT(RIGHT($G$2:$G$99,7),4)),999)=IFERROR(VALUE(LEFT(RIGHT(G51,7),4)),999)),--($B$2:$B$99=B51),--(ROW($B$2:$B$99)<=ROW())),""))
A52: =IF(D52="","",ROWS($D$2:D52)) | H52: =IF(AND(E52="",F52="",G52=""),"EMPTY","OCCUPIED") | I52: =IF(B52="","",IF(ISNUMBER(B52),MAX(0,TODAY()-B52),"")) | M52: =IF(AND(H52="OCCUPIED",ISNUMBER(J52),K52=""),1,0) | N52: =IF(M52=1,COUNTIF($M$2:M52,1),"") | O52: =IF(AND(H52="OCCUPIED",ISNUMBER(J52),K52=""),--(TODAY()-J52>5),0) | P52: =IF(O52=1,COUNTIF($O$2:O52,1),"") | Q52: =IF(OR(B52="",G52="",H52<>"OCCUPIED"),"",IF(ISNUMBER(SEARCH("WHEAT",G52)),SUMPRODUCT(--ISNUMBER(SEARCH("WHEAT",$G$2:$G$99)),--($H$2:$H$99="OCCUPIED"),--($B$2:$B$99<>""),--(IFERROR(VALUE(LEFT(RIGHT($G$2:$G$99,7),4)),999)<IFERROR(VALUE(LEFT(RIGHT(G52,7),4)),999)))+SUMPRODUCT(--ISNUMBER(SEARCH("WHEAT",$G$2:$G$99)),--($H$2:$H$99="OCCUPIED"),--($B$2:$B$99<>""),--(IFERROR(VALUE(LEFT(RIGHT($G$2:$G$99,7),4)),999)=IFERROR(VALUE(LEFT(RIGHT(G52,7),4)),999)),--($B$2:$B$99<B52))+SUMPRODUCT(--ISNUMBER(SEARCH("WHEAT",$G$2:$G$99)),--($H$2:$H$99="OCCUPIED"),--($B$2:$B$99<>""),--(IFERROR(VALUE(LEFT(RIGHT($G$2:$G$99,7),4)),999)=IFERROR(VALUE(LEFT(RIGHT(G52,7),4)),999)),--($B$2:$B$99=B52),--(ROW($B$2:$B$99)<=ROW())),"")) | R52: =IF(OR(B52="",G52="",H52<>"OCCUPIED"),"",IF(ISERROR(SEARCH("WHEAT",G52)),SUMPRODUCT(--ISERROR(SEARCH("WHEAT",$G$2:$G$99)),--($H$2:$H$99="OCCUPIED"),--($B$2:$B$99<>""),--(IFERROR(VALUE(LEFT(RIGHT($G$2:$G$99,7),4)),999)<IFERROR(VALUE(LEFT(RIGHT(G52,7),4)),999)))+SUMPRODUCT(--ISERROR(SEARCH("WHEAT",$G$2:$G$99)),--($H$2:$H$99="OCCUPIED"),--($B$2:$B$99<>""),--(IFERROR(VALUE(LEFT(RIGHT($G$2:$G$99,7),4)),999)=IFERROR(VALUE(LEFT(RIGHT(G52,7),4)),999)),--($B$2:$B$99<B52))+SUMPRODUCT(--ISERROR(SEARCH("WHEAT",$G$2:$G$99)),--($H$2:$H$99="OCCUPIED"),--($B$2:$B$99<>""),--(IFERROR(VALUE(LEFT(RIGHT($G$2:$G$99,7),4)),999)=IFERROR(VALUE(LEFT(RIGHT(G52,7),4)),999)),--($B$2:$B$99=B52),--(ROW($B$2:$B$99)<=ROW())),""))
A53: =IF(D53="","",ROWS($D$2:D53)) | H53: =IF(AND(E53="",F53="",G53=""),"EMPTY","OCCUPIED") | I53: =IF(B53="","",IF(ISNUMBER(B53),MAX(0,TODAY()-B53),"")) | M53: =IF(AND(H53="OCCUPIED",ISNUMBER(J53),K53=""),1,0) | N53: =IF(M53=1,COUNTIF($M$2:M53,1),"") | O53: =IF(AND(H53="OCCUPIED",ISNUMBER(J53),K53=""),--(TODAY()-J53>5),0) | P53: =IF(O53=1,COUNTIF($O$2:O53,1),"") | Q53: =IF(OR(B53="",G53="",H53<>"OCCUPIED"),"",IF(ISNUMBER(SEARCH("WHEAT",G53)),SUMPRODUCT(--ISNUMBER(SEARCH("WHEAT",$G$2:$G$99)),--($H$2:$H$99="OCCUPIED"),--($B$2:$B$99<>""),--(IFERROR(VALUE(LEFT(RIGHT($G$2:$G$99,7),4)),999)<IFERROR(VALUE(LEFT(RIGHT(G53,7),4)),999)))+SUMPRODUCT(--ISNUMBER(SEARCH("WHEAT",$G$2:$G$99)),--($H$2:$H$99="OCCUPIED"),--($B$2:$B$99<>""),--(IFERROR(VALUE(LEFT(RIGHT($G$2:$G$99,7),4)),999)=IFERROR(VALUE(LEFT(RIGHT(G53,7),4)),999)),--($B$2:$B$99<B53))+SUMPRODUCT(--ISNUMBER(SEARCH("WHEAT",$G$2:$G$99)),--($H$2:$H$99="OCCUPIED"),--($B$2:$B$99<>""),--(IFERROR(VALUE(LEFT(RIGHT($G$2:$G$99,7),4)),999)=IFERROR(VALUE(LEFT(RIGHT(G53,7),4)),999)),--($B$2:$B$99=B53),--(ROW($B$2:$B$99)<=ROW())),"")) | R53: =IF(OR(B53="",G53="",H53<>"OCCUPIED"),"",IF(ISERROR(SEARCH("WHEAT",G53)),SUMPRODUCT(--ISERROR(SEARCH("WHEAT",$G$2:$G$99)),--($H$2:$H$99="OCCUPIED"),--($B$2:$B$99<>""),--(IFERROR(VALUE(LEFT(RIGHT($G$2:$G$99,7),4)),999)<IFERROR(VALUE(LEFT(RIGHT(G53,7),4)),999)))+SUMPRODUCT(--ISERROR(SEARCH("WHEAT",$G$2:$G$99)),--($H$2:$H$99="OCCUPIED"),--($B$2:$B$99<>""),--(IFERROR(VALUE(LEFT(RIGHT($G$2:$G$99,7),4)),999)=IFERROR(VALUE(LEFT(RIGHT(G53,7),4)),999)),--($B$2:$B$99<B53))+SUMPRODUCT(--ISERROR(SEARCH("WHEAT",$G$2:$G$99)),--($H$2:$H$99="OCCUPIED"),--($B$2:$B$99<>""),--(IFERROR(VALUE(LEFT(RIGHT($G$2:$G$99,7),4)),999)=IFERROR(VALUE(LEFT(RIGHT(G53,7),4)),999)),--($B$2:$B$99=B53),--(ROW($B$2:$B$99)<=ROW())),""))
A54: =IF(D54="","",ROWS($D$2:D54)) | H54: =IF(AND(E54="",F54="",G54=""),"EMPTY","OCCUPIED") | I54: =IF(B54="","",IF(ISNUMBER(B54),MAX(0,TODAY()-B54),"")) | M54: =IF(AND(H54="OCCUPIED",ISNUMBER(J54),K54=""),1,0) | N54: =IF(M54=1,COUNTIF($M$2:M54,1),"") | O54: =IF(AND(H54="OCCUPIED",ISNUMBER(J54),K54=""),--(TODAY()-J54>5),0) | P54: =IF(O54=1,COUNTIF($O$2:O54,1),"") | Q54: =IF(OR(B54="",G54="",H54<>"OCCUPIED"),"",IF(ISNUMBER(SEARCH("WHEAT",G54)),SUMPRODUCT(--ISNUMBER(SEARCH("WHEAT",$G$2:$G$99)),--($H$2:$H$99="OCCUPIED"),--($B$2:$B$99<>""),--(IFERROR(VALUE(LEFT(RIGHT($G$2:$G$99,7),4)),999)<IFERROR(VALUE(LEFT(RIGHT(G54,7),4)),999)))+SUMPRODUCT(--ISNUMBER(SEARCH("WHEAT",$G$2:$G$99)),--($H$2:$H$99="OCCUPIED"),--($B$2:$B$99<>""),--(IFERROR(VALUE(LEFT(RIGHT($G$2:$G$99,7),4)),999)=IFERROR(VALUE(LEFT(RIGHT(G54,7),4)),999)),--($B$2:$B$99<B54))+SUMPRODUCT(--ISNUMBER(SEARCH("WHEAT",$G$2:$G$99)),--($H$2:$H$99="OCCUPIED"),--($B$2:$B$99<>""),--(IFERROR(VALUE(LEFT(RIGHT($G$2:$G$99,7),4)),999)=IFERROR(VALUE(LEFT(RIGHT(G54,7),4)),999)),--($B$2:$B$99=B54),--(ROW($B$2:$B$99)<=ROW())),"")) | R54: =IF(OR(B54="",G54="",H54<>"OCCUPIED"),"",IF(ISERROR(SEARCH("WHEAT",G54)),SUMPRODUCT(--ISERROR(SEARCH("WHEAT",$G$2:$G$99)),--($H$2:$H$99="OCCUPIED"),--($B$2:$B$99<>""),--(IFERROR(VALUE(LEFT(RIGHT($G$2:$G$99,7),4)),999)<IFERROR(VALUE(LEFT(RIGHT(G54,7),4)),999)))+SUMPRODUCT(--ISERROR(SEARCH("WHEAT",$G$2:$G$99)),--($H$2:$H$99="OCCUPIED"),--($B$2:$B$99<>""),--(IFERROR(VALUE(LEFT(RIGHT($G$2:$G$99,7),4)),999)=IFERROR(VALUE(LEFT(RIGHT(G54,7),4)),999)),--($B$2:$B$99<B54))+SUMPRODUCT(--ISERROR(SEARCH("WHEAT",$G$2:$G$99)),--($H$2:$H$99="OCCUPIED"),--($B$2:$B$99<>""),--(IFERROR(VALUE(LEFT(RIGHT($G$2:$G$99,7),4)),999)=IFERROR(VALUE(LEFT(RIGHT(G54,7),4)),999)),--($B$2:$B$99=B54),--(ROW($B$2:$B$99)<=ROW())),""))
A55: =IF(D55="","",ROWS($D$2:D55)) | H55: =IF(AND(E55="",F55="",G55=""),"EMPTY","OCCUPIED") | I55: =IF(B55="","",IF(ISNUMBER(B55),MAX(0,TODAY()-B55),"")) | M55: =IF(AND(H55="OCCUPIED",ISNUMBER(J55),K55=""),1,0) | N55: =IF(M55=1,COUNTIF($M$2:M55,1),"") | O55: =IF(AND(H55="OCCUPIED",ISNUMBER(J55),K55=""),--(TODAY()-J55>5),0) | P55: =IF(O55=1,COUNTIF($O$2:O55,1),"") | Q55: =IF(OR(B55="",G55="",H55<>"OCCUPIED"),"",IF(ISNUMBER(SEARCH("WHEAT",G55)),SUMPRODUCT(--ISNUMBER(SEARCH("WHEAT",$G$2:$G$99)),--($H$2:$H$99="OCCUPIED"),--($B$2:$B$99<>""),--(IFERROR(VALUE(LEFT(RIGHT($G$2:$G$99,7),4)),999)<IFERROR(VALUE(LEFT(RIGHT(G55,7),4)),999)))+SUMPRODUCT(--ISNUMBER(SEARCH("WHEAT",$G$2:$G$99)),--($H$2:$H$99="OCCUPIED"),--($B$2:$B$99<>""),--(IFERROR(VALUE(LEFT(RIGHT($G$2:$G$99,7),4)),999)=IFERROR(VALUE(LEFT(RIGHT(G55,7),4)),999)),--($B$2:$B$99<B55))+SUMPRODUCT(--ISNUMBER(SEARCH("WHEAT",$G$2:$G$99)),--($H$2:$H$99="OCCUPIED"),--($B$2:$B$99<>""),--(IFERROR(VALUE(LEFT(RIGHT($G$2:$G$99,7),4)),999)=IFERROR(VALUE(LEFT(RIGHT(G55,7),4)),999)),--($B$2:$B$99=B55),--(ROW($B$2:$B$99)<=ROW())),"")) | R55: =IF(OR(B55="",G55="",H55<>"OCCUPIED"),"",IF(ISERROR(SEARCH("WHEAT",G55)),SUMPRODUCT(--ISERROR(SEARCH("WHEAT",$G$2:$G$99)),--($H$2:$H$99="OCCUPIED"),--($B$2:$B$99<>""),--(IFERROR(VALUE(LEFT(RIGHT($G$2:$G$99,7),4)),999)<IFERROR(VALUE(LEFT(RIGHT(G55,7),4)),999)))+SUMPRODUCT(--ISERROR(SEARCH("WHEAT",$G$2:$G$99)),--($H$2:$H$99="OCCUPIED"),--($B$2:$B$99<>""),--(IFERROR(VALUE(LEFT(RIGHT($G$2:$G$99,7),4)),999)=IFERROR(VALUE(LEFT(RIGHT(G55,7),4)),999)),--($B$2:$B$99<B55))+SUMPRODUCT(--ISERROR(SEARCH("WHEAT",$G$2:$G$99)),--($H$2:$H$99="OCCUPIED"),--($B$2:$B$99<>""),--(IFERROR(VALUE(LEFT(RIGHT($G$2:$G$99,7),4)),999)=IFERROR(VALUE(LEFT(RIGHT(G55,7),4)),999)),--($B$2:$B$99=B55),--(ROW($B$2:$B$99)<=ROW())),""))
A56: =IF(D56="","",ROWS($D$2:D56)) | H56: =IF(AND(E56="",F56="",G56=""),"EMPTY","OCCUPIED") | I56: =IF(B56="","",IF(ISNUMBER(B56),MAX(0,TODAY()-B56),"")) | M56: =IF(AND(H56="OCCUPIED",ISNUMBER(J56),K56=""),1,0) | N56: =IF(M56=1,COUNTIF($M$2:M56,1),"") | O56: =IF(AND(H56="OCCUPIED",ISNUMBER(J56),K56=""),--(TODAY()-J56>5),0) | P56: =IF(O56=1,COUNTIF($O$2:O56,1),"") | Q56: =IF(OR(B56="",G56="",H56<>"OCCUPIED"),"",IF(ISNUMBER(SEARCH("WHEAT",G56)),SUMPRODUCT(--ISNUMBER(SEARCH("WHEAT",$G$2:$G$99)),--($H$2:$H$99="OCCUPIED"),--($B$2:$B$99<>""),--(IFERROR(VALUE(LEFT(RIGHT($G$2:$G$99,7),4)),999)<IFERROR(VALUE(LEFT(RIGHT(G56,7),4)),999)))+SUMPRODUCT(--ISNUMBER(SEARCH("WHEAT",$G$2:$G$99)),--($H$2:$H$99="OCCUPIED"),--($B$2:$B$99<>""),--(IFERROR(VALUE(LEFT(RIGHT($G$2:$G$99,7),4)),999)=IFERROR(VALUE(LEFT(RIGHT(G56,7),4)),999)),--($B$2:$B$99<B56))+SUMPRODUCT(--ISNUMBER(SEARCH("WHEAT",$G$2:$G$99)),--($H$2:$H$99="OCCUPIED"),--($B$2:$B$99<>""),--(IFERROR(VALUE(LEFT(RIGHT($G$2:$G$99,7),4)),999)=IFERROR(VALUE(LEFT(RIGHT(G56,7),4)),999)),--($B$2:$B$99=B56),--(ROW($B$2:$B$99)<=ROW())),"")) | R56: =IF(OR(B56="",G56="",H56<>"OCCUPIED"),"",IF(ISERROR(SEARCH("WHEAT",G56)),SUMPRODUCT(--ISERROR(SEARCH("WHEAT",$G$2:$G$99)),--($H$2:$H$99="OCCUPIED"),--($B$2:$B$99<>""),--(IFERROR(VALUE(LEFT(RIGHT($G$2:$G$99,7),4)),999)<IFERROR(VALUE(LEFT(RIGHT(G56,7),4)),999)))+SUMPRODUCT(--ISERROR(SEARCH("WHEAT",$G$2:$G$99)),--($H$2:$H$99="OCCUPIED"),--($B$2:$B$99<>""),--(IFERROR(VALUE(LEFT(RIGHT($G$2:$G$99,7),4)),999)=IFERROR(VALUE(LEFT(RIGHT(G56,7),4)),999)),--($B$2:$B$99<B56))+SUMPRODUCT(--ISERROR(SEARCH("WHEAT",$G$2:$G$99)),--($H$2:$H$99="OCCUPIED"),--($B$2:$B$99<>""),--(IFERROR(VALUE(LEFT(RIGHT($G$2:$G$99,7),4)),999)=IFERROR(VALUE(LEFT(RIGHT(G56,7),4)),999)),--($B$2:$B$99=B56),--(ROW($B$2:$B$99)<=ROW())),""))
A57: =IF(D57="","",ROWS($D$2:D57)) | H57: =IF(AND(E57="",F57="",G57=""),"EMPTY","OCCUPIED") | I57: =IF(B57="","",IF(ISNUMBER(B57),MAX(0,TODAY()-B57),"")) | M57: =IF(AND(H57="OCCUPIED",ISNUMBER(J57),K57=""),1,0) | N57: =IF(M57=1,COUNTIF($M$2:M57,1),"") | O57: =IF(AND(H57="OCCUPIED",ISNUMBER(J57),K57=""),--(TODAY()-J57>5),0) | P57: =IF(O57=1,COUNTIF($O$2:O57,1),"") | Q57: =IF(OR(B57="",G57="",H57<>"OCCUPIED"),"",IF(ISNUMBER(SEARCH("WHEAT",G57)),SUMPRODUCT(--ISNUMBER(SEARCH("WHEAT",$G$2:$G$99)),--($H$2:$H$99="OCCUPIED"),--($B$2:$B$99<>""),--(IFERROR(VALUE(LEFT(RIGHT($G$2:$G$99,7),4)),999)<IFERROR(VALUE(LEFT(RIGHT(G57,7),4)),999)))+SUMPRODUCT(--ISNUMBER(SEARCH("WHEAT",$G$2:$G$99)),--($H$2:$H$99="OCCUPIED"),--($B$2:$B$99<>""),--(IFERROR(VALUE(LEFT(RIGHT($G$2:$G$99,7),4)),999)=IFERROR(VALUE(LEFT(RIGHT(G57,7),4)),999)),--($B$2:$B$99<B57))+SUMPRODUCT(--ISNUMBER(SEARCH("WHEAT",$G$2:$G$99)),--($H$2:$H$99="OCCUPIED"),--($B$2:$B$99<>""),--(IFERROR(VALUE(LEFT(RIGHT($G$2:$G$99,7),4)),999)=IFERROR(VALUE(LEFT(RIGHT(G57,7),4)),999)),--($B$2:$B$99=B57),--(ROW($B$2:$B$99)<=ROW())),"")) | R57: =IF(OR(B57="",G57="",H57<>"OCCUPIED"),"",IF(ISERROR(SEARCH("WHEAT",G57)),SUMPRODUCT(--ISERROR(SEARCH("WHEAT",$G$2:$G$99)),--($H$2:$H$99="OCCUPIED"),--($B$2:$B$99<>""),--(IFERROR(VALUE(LEFT(RIGHT($G$2:$G$99,7),4)),999)<IFERROR(VALUE(LEFT(RIGHT(G57,7),4)),999)))+SUMPRODUCT(--ISERROR(SEARCH("WHEAT",$G$2:$G$99)),--($H$2:$H$99="OCCUPIED"),--($B$2:$B$99<>""),--(IFERROR(VALUE(LEFT(RIGHT($G$2:$G$99,7),4)),999)=IFERROR(VALUE(LEFT(RIGHT(G57,7),4)),999)),--($B$2:$B$99<B57))+SUMPRODUCT(--ISERROR(SEARCH("WHEAT",$G$2:$G$99)),--($H$2:$H$99="OCCUPIED"),--($B$2:$B$99<>""),--(IFERROR(VALUE(LEFT(RIGHT($G$2:$G$99,7),4)),999)=IFERROR(VALUE(LEFT(RIGHT(G57,7),4)),999)),--($B$2:$B$99=B57),--(ROW($B$2:$B$99)<=ROW())),""))
A58: =IF(D58="","",ROWS($D$2:D58)) | H58: =IF(AND(E58="",F58="",G58=""),"EMPTY","OCCUPIED") | I58: =IF(B58="","",IF(ISNUMBER(B58),MAX(0,TODAY()-B58),"")) | M58: =IF(AND(H58="OCCUPIED",ISNUMBER(J58),K58=""),1,0) | N58: =IF(M58=1,COUNTIF($M$2:M58,1),"") | O58: =IF(AND(H58="OCCUPIED",ISNUMBER(J58),K58=""),--(TODAY()-J58>5),0) | P58: =IF(O58=1,COUNTIF($O$2:O58,1),"") | Q58: =IF(OR(B58="",G58="",H58<>"OCCUPIED"),"",IF(ISNUMBER(SEARCH("WHEAT",G58)),SUMPRODUCT(--ISNUMBER(SEARCH("WHEAT",$G$2:$G$99)),--($H$2:$H$99="OCCUPIED"),--($B$2:$B$99<>""),--(IFERROR(VALUE(LEFT(RIGHT($G$2:$G$99,7),4)),999)<IFERROR(VALUE(LEFT(RIGHT(G58,7),4)),999)))+SUMPRODUCT(--ISNUMBER(SEARCH("WHEAT",$G$2:$G$99)),--($H$2:$H$99="OCCUPIED"),--($B$2:$B$99<>""),--(IFERROR(VALUE(LEFT(RIGHT($G$2:$G$99,7),4)),999)=IFERROR(VALUE(LEFT(RIGHT(G58,7),4)),999)),--($B$2:$B$99<B58))+SUMPRODUCT(--ISNUMBER(SEARCH("WHEAT",$G$2:$G$99)),--($H$2:$H$99="OCCUPIED"),--($B$2:$B$99<>""),--(IFERROR(VALUE(LEFT(RIGHT($G$2:$G$99,7),4)),999)=IFERROR(VALUE(LEFT(RIGHT(G58,7),4)),999)),--($B$2:$B$99=B58),--(ROW($B$2:$B$99)<=ROW())),"")) | R58: =IF(OR(B58="",G58="",H58<>"OCCUPIED"),"",IF(ISERROR(SEARCH("WHEAT",G58)),SUMPRODUCT(--ISERROR(SEARCH("WHEAT",$G$2:$G$99)),--($H$2:$H$99="OCCUPIED"),--($B$2:$B$99<>""),--(IFERROR(VALUE(LEFT(RIGHT($G$2:$G$99,7),4)),999)<IFERROR(VALUE(LEFT(RIGHT(G58,7),4)),999)))+SUMPRODUCT(--ISERROR(SEARCH("WHEAT",$G$2:$G$99)),--($H$2:$H$99="OCCUPIED"),--($B$2:$B$99<>""),--(IFERROR(VALUE(LEFT(RIGHT($G$2:$G$99,7),4)),999)=IFERROR(VALUE(LEFT(RIGHT(G58,7),4)),999)),--($B$2:$B$99<B58))+SUMPRODUCT(--ISERROR(SEARCH("WHEAT",$G$2:$G$99)),--($H$2:$H$99="OCCUPIED"),--($B$2:$B$99<>""),--(IFERROR(VALUE(LEFT(RIGHT($G$2:$G$99,7),4)),999)=IFERROR(VALUE(LEFT(RIGHT(G58,7),4)),999)),--($B$2:$B$99=B58),--(ROW($B$2:$B$99)<=ROW())),""))
A59: =IF(D59="","",ROWS($D$2:D59)) | H59: =IF(AND(E59="",F59="",G59=""),"EMPTY","OCCUPIED") | I59: =IF(B59="","",IF(ISNUMBER(B59),MAX(0,TODAY()-B59),"")) | M59: =IF(AND(H59="OCCUPIED",ISNUMBER(J59),K59=""),1,0) | N59: =IF(M59=1,COUNTIF($M$2:M59,1),"") | O59: =IF(AND(H59="OCCUPIED",ISNUMBER(J59),K59=""),--(TODAY()-J59>5),0) | P59: =IF(O59=1,COUNTIF($O$2:O59,1),"") | Q59: =IF(OR(B59="",G59="",H59<>"OCCUPIED"),"",IF(ISNUMBER(SEARCH("WHEAT",G59)),SUMPRODUCT(--ISNUMBER(SEARCH("WHEAT",$G$2:$G$99)),--($H$2:$H$99="OCCUPIED"),--($B$2:$B$99<>""),--(IFERROR(VALUE(LEFT(RIGHT($G$2:$G$99,7),4)),999)<IFERROR(VALUE(LEFT(RIGHT(G59,7),4)),999)))+SUMPRODUCT(--ISNUMBER(SEARCH("WHEAT",$G$2:$G$99)),--($H$2:$H$99="OCCUPIED"),--($B$2:$B$99<>""),--(IFERROR(VALUE(LEFT(RIGHT($G$2:$G$99,7),4)),999)=IFERROR(VALUE(LEFT(RIGHT(G59,7),4)),999)),--($B$2:$B$99<B59))+SUMPRODUCT(--ISNUMBER(SEARCH("WHEAT",$G$2:$G$99)),--($H$2:$H$99="OCCUPIED"),--($B$2:$B$99<>""),--(IFERROR(VALUE(LEFT(RIGHT($G$2:$G$99,7),4)),999)=IFERROR(VALUE(LEFT(RIGHT(G59,7),4)),999)),--($B$2:$B$99=B59),--(ROW($B$2:$B$99)<=ROW())),"")) | R59: =IF(OR(B59="",G59="",H59<>"OCCUPIED"),"",IF(ISERROR(SEARCH("WHEAT",G59)),SUMPRODUCT(--ISERROR(SEARCH("WHEAT",$G$2:$G$99)),--($H$2:$H$99="OCCUPIED"),--($B$2:$B$99<>""),--(IFERROR(VALUE(LEFT(RIGHT($G$2:$G$99,7),4)),999)<IFERROR(VALUE(LEFT(RIGHT(G59,7),4)),999)))+SUMPRODUCT(--ISERROR(SEARCH("WHEAT",$G$2:$G$99)),--($H$2:$H$99="OCCUPIED"),--($B$2:$B$99<>""),--(IFERROR(VALUE(LEFT(RIGHT($G$2:$G$99,7),4)),999)=IFERROR(VALUE(LEFT(RIGHT(G59,7),4)),999)),--($B$2:$B$99<B59))+SUMPRODUCT(--ISERROR(SEARCH("WHEAT",$G$2:$G$99)),--($H$2:$H$99="OCCUPIED"),--($B$2:$B$99<>""),--(IFERROR(VALUE(LEFT(RIGHT($G$2:$G$99,7),4)),999)=IFERROR(VALUE(LEFT(RIGHT(G59,7),4)),999)),--($B$2:$B$99=B59),--(ROW($B$2:$B$99)<=ROW())),""))
A60: =IF(D60="","",ROWS($D$2:D60)) | H60: =IF(AND(E60="",F60="",G60=""),"EMPTY","OCCUPIED") | I60: =IF(B60="","",IF(ISNUMBER(B60),MAX(0,TODAY()-B60),"")) | M60: =IF(AND(H60="OCCUPIED",ISNUMBER(J60),K60=""),1,0) | N60: =IF(M60=1,COUNTIF($M$2:M60,1),"") | O60: =IF(AND(H60="OCCUPIED",ISNUMBER(J60),K60=""),--(TODAY()-J60>5),0) | P60: =IF(O60=1,COUNTIF($O$2:O60,1),"") | Q60: =IF(OR(B60="",G60="",H60<>"OCCUPIED"),"",IF(ISNUMBER(SEARCH("WHEAT",G60)),SUMPRODUCT(--ISNUMBER(SEARCH("WHEAT",$G$2:$G$99)),--($H$2:$H$99="OCCUPIED"),--($B$2:$B$99<>""),--(IFERROR(VALUE(LEFT(RIGHT($G$2:$G$99,7),4)),999)<IFERROR(VALUE(LEFT(RIGHT(G60,7),4)),999)))+SUMPRODUCT(--ISNUMBER(SEARCH("WHEAT",$G$2:$G$99)),--($H$2:$H$99="OCCUPIED"),--($B$2:$B$99<>""),--(IFERROR(VALUE(LEFT(RIGHT($G$2:$G$99,7),4)),999)=IFERROR(VALUE(LEFT(RIGHT(G60,7),4)),999)),--($B$2:$B$99<B60))+SUMPRODUCT(--ISNUMBER(SEARCH("WHEAT",$G$2:$G$99)),--($H$2:$H$99="OCCUPIED"),--($B$2:$B$99<>""),--(IFERROR(VALUE(LEFT(RIGHT($G$2:$G$99,7),4)),999)=IFERROR(VALUE(LEFT(RIGHT(G60,7),4)),999)),--($B$2:$B$99=B60),--(ROW($B$2:$B$99)<=ROW())),"")) | R60: =IF(OR(B60="",G60="",H60<>"OCCUPIED"),"",IF(ISERROR(SEARCH("WHEAT",G60)),SUMPRODUCT(--ISERROR(SEARCH("WHEAT",$G$2:$G$99)),--($H$2:$H$99="OCCUPIED"),--($B$2:$B$99<>""),--(IFERROR(VALUE(LEFT(RIGHT($G$2:$G$99,7),4)),999)<IFERROR(VALUE(LEFT(RIGHT(G60,7),4)),999)))+SUMPRODUCT(--ISERROR(SEARCH("WHEAT",$G$2:$G$99)),--($H$2:$H$99="OCCUPIED"),--($B$2:$B$99<>""),--(IFERROR(VALUE(LEFT(RIGHT($G$2:$G$99,7),4)),999)=IFERROR(VALUE(LEFT(RIGHT(G60,7),4)),999)),--($B$2:$B$99<B60))+SUMPRODUCT(--ISERROR(SEARCH("WHEAT",$G$2:$G$99)),--($H$2:$H$99="OCCUPIED"),--($B$2:$B$99<>""),--(IFERROR(VALUE(LEFT(RIGHT($G$2:$G$99,7),4)),999)=IFERROR(VALUE(LEFT(RIGHT(G60,7),4)),999)),--($B$2:$B$99=B60),--(ROW($B$2:$B$99)<=ROW())),""))
... A99: =IF(D99="","",ROWS($D$2:D99)) | H99: =IF(AND(E99="",F99="",G99=""),"EMPTY","OCCUPIED") | I99: =IF(B99="","",IF(ISNUMBER(B99),MAX(0,TODAY()-B99),"")) | M99: =IF(AND(H99="OCCUPIED",ISNUMBER(J99),K99=""),1,0) | N99: =IF(M99=1,COUNTIF($M$2:M99,1),"") | O99: =IF(AND(H99="OCCUPIED",ISNUMBER(J99),K99=""),--(TODAY()-J99>5),0) | P99: =IF(O99=1,COUNTIF($O$2:O99,1),"") | Q99: =IF(OR(B99="",G99="",H99<>"OCCUPIED"),"",IF(ISNUMBER(SEARCH("WHEAT",G99)),SUMPRODUCT(--ISNUMBER(SEARCH("WHEAT",$G$2:$G$99)),--($H$2:$H$99="OCCUPIED"),--($B$2:$B$99<>""),--(IFERROR(VALUE(LEFT(RIGHT($G$2:$G$99,7),4)),999)<IFERROR(VALUE(LEFT(RIGHT(G99,7),4)),999)))+SUMPRODUCT(--ISNUMBER(SEARCH("WHEAT",$G$2:$G$99)),--($H$2:$H$99="OCCUPIED"),--($B$2:$B$99<>""),--(IFERROR(VALUE(LEFT(RIGHT($G$2:$G$99,7),4)),999)=IFERROR(VALUE(LEFT(RIGHT(G99,7),4)),999)),--($B$2:$B$99<B99))+SUMPRODUCT(--ISNUMBER(SEARCH("WHEAT",$G$2:$G$99)),--($H$2:$H$99="OCCUPIED"),--($B$2:$B$99<>""),--(IFERROR(VALUE(LEFT(RIGHT($G$2:$G$99,7),4)),999)=IFERROR(VALUE(LEFT(RIGHT(G99,7),4)),999)),--($B$2:$B$99=B99),--(ROW($B$2:$B$99)<=ROW())),"")) | R99: =IF(OR(B99="",G99="",H99<>"OCCUPIED"),"",IF(ISERROR(SEARCH("WHEAT",G99)),SUMPRODUCT(--ISERROR(SEARCH("WHEAT",$G$2:$G$99)),--($H$2:$H$99="OCCUPIED"),--($B$2:$B$99<>""),--(IFERROR(VALUE(LEFT(RIGHT($G$2:$G$99,7),4)),999)<IFERROR(VALUE(LEFT(RIGHT(G99,7),4)),999)))+SUMPRODUCT(--ISERROR(SEARCH("WHEAT",$G$2:$G$99)),--($H$2:$H$99="OCCUPIED"),--($B$2:$B$99<>""),--(IFERROR(VALUE(LEFT(RIGHT($G$2:$G$99,7),4)),999)=IFERROR(VALUE(LEFT(RIGHT(G99,7),4)),999)),--($B$2:$B$99<B99))+SUMPRODUCT(--ISERROR(SEARCH("WHEAT",$G$2:$G$99)),--($H$2:$H$99="OCCUPIED"),--($B$2:$B$99<>""),--(IFERROR(VALUE(LEFT(RIGHT($G$2:$G$99,7),4)),999)=IFERROR(VALUE(LEFT(RIGHT(G99,7),4)),999)),--($B$2:$B$99=B99),--(ROW($B$2:$B$99)<=ROW())),""))

Sheet QC Tracker
A1: Sr. No | B1: Shed No. | C1: Stack No. | D1: Commodity / Crop Year | E1: LAST FUMIGATION | F1: Fumigation Period | G1: TA INSPECTION/FN | H1: MIR | I1: Remarks | J1: Remarks | K1: DESHOARD
A2: {=SEQUENCE(46,1)} | B2: ='Master Stock'!C2 | C2: ='Master Stock'!D2 | D2: ='Master Stock'!G2 | E2: =IF('Master Stock'!L2="","",'Master Stock'!L2) | F2: =IF(E2="","",MAX(0,TODAY()-E2)) | J2: ='Master Stock'!L2
A3: 2 | B3: ='Master Stock'!C3 | C3: ='Master Stock'!D3 | D3: ='Master Stock'!G3 | E3: =IF('Master Stock'!L3="","",'Master Stock'!L3) | F3: =IF(E3="","",MAX(0,TODAY()-E3)) | J3: ='Master Stock'!L3
A4: 3 | B4: ='Master Stock'!C4 | C4: ='Master Stock'!D4 | D4: ='Master Stock'!G4 | E4: =IF('Master Stock'!L4="","",'Master Stock'!L4) | F4: =IF(E4="","",MAX(0,TODAY()-E4)) | J4: ='Master Stock'!L4
A5: 4 | B5: ='Master Stock'!C5 | C5: ='Master Stock'!D5 | D5: ='Master Stock'!G5 | E5: =IF('Master Stock'!L5="","",'Master Stock'!L5) | F5: =IF(E5="","",MAX(0,TODAY()-E5)) | J5: ='Master Stock'!L5
A6: 5 | B6: ='Master Stock'!C6 | C6: ='Master Stock'!D6 | D6: ='Master Stock'!G6 | E6: =IF('Master Stock'!L6="","",'Master Stock'!L6) | F6: =IF(E6="","",MAX(0,TODAY()-E6)) | J6: ='Master Stock'!L6
A7: 6 | B7: ='Master Stock'!C7 | C7: ='Master Stock'!D7 | D7: ='Master Stock'!G7 | E7: =IF('Master Stock'!L7="","",'Master Stock'!L7) | F7: =IF(E7="","",MAX(0,TODAY()-E7)) | J7: ='Master Stock'!L7
A8: 7 | B8: ='Master Stock'!C8 | C8: ='Master Stock'!D8 | D8: ='Master Stock'!G8 | E8: =IF('Master Stock'!L8="","",'Master Stock'!L8) | F8: =IF(E8="","",MAX(0,TODAY()-E8)) | J8: ='Master Stock'!L8
A9: 8 | B9: ='Master Stock'!C9 | C9: ='Master Stock'!D9 | D9: ='Master Stock'!G9 | E9: =IF('Master Stock'!L9="","",'Master Stock'!L9) | F9: =IF(E9="","",MAX(0,TODAY()-E9)) | J9: ='Master Stock'!L9
A10: 9 | B10: ='Master Stock'!C10 | C10: ='Master Stock'!D10 | D10: ='Master Stock'!G10 | E10: =IF('Master Stock'!L10="","",'Master Stock'!L10) | F10: =IF(E10="","",MAX(0,TODAY()-E10)) | J10: ='Master Stock'!L10
A11: 10 | B11: ='Master Stock'!C11 | C11: ='Master Stock'!D11 | D11: ='Master Stock'!G11 | E11: =IF('Master Stock'!L11="","",'Master Stock'!L11) | F11: =IF(E11="","",MAX(0,TODAY()-E11)) | J11: ='Master Stock'!L11
A12: 11 | B12: ='Master Stock'!C12 | C12: ='Master Stock'!D12 | D12: ='Master Stock'!G12 | E12: =IF('Master Stock'!L12="","",'Master Stock'!L12) | F12: =IF(E12="","",MAX(0,TODAY()-E12)) | J12: ='Master Stock'!L12
A13: 12 | B13: ='Master Stock'!C13 | C13: ='Master Stock'!D13 | D13: ='Master Stock'!G13 | E13: =IF('Master Stock'!L13="","",'Master Stock'!L13) | F13: =IF(E13="","",MAX(0,TODAY()-E13)) | J13: ='Master Stock'!L13
A14: 13 | B14: ='Master Stock'!C14 | C14: ='Master Stock'!D14 | D14: ='Master Stock'!G14 | E14: =IF('Master Stock'!L14="","",'Master Stock'!L14) | F14: =IF(E14="","",MAX(0,TODAY()-E14)) | J14: ='Master Stock'!L14
