Workbook

Sheet Priority Rice
A1: THE STATEMENT SHOWING THE PRIORITY LIST OF RICE FRK 2024-25 FOR THE MONTH OF AUGUST-26 – SHED NO 9, 14, 18 AND 20 DATE:- 01.08.26
A2: Sr No. | B2: Shed No. | C2: Stack No. | D2: RDate of Receipt | E2: Commodity/Crop Year | F2: Qty(in MT) | G2: Cat | H2: Remarks | I2: Remarks
A3: =IFERROR(SMALL('Master Stock'!$R$2:$R$99,ROWS($A$3:A3)),"") | B3: {=IF($A3="","",INDEX('Master Stock'!$C$2:$C$99,MATCH($A3,'Master Stock'!$R$2:$R$99,0)))} | C3: {=IF($A3="","",INDEX('Master Stock'!$D$2:$D$99,MATCH($A3,'Master Stock'!$R$2:$R$99,0)))} | D3: {=IF($A3="","",INDEX('Master Stock'!$B$2:$B$99,MATCH($A3,'Master Stock'!$R$2:$R$99,0)))} | E3: {=IF($A3="","",INDEX('Master Stock'!$G$2:$G$99,MATCH($A3,'Master Stock'!$R$2:$R$99,0)))} | F3: {=IF($A3="","",INDEX('Master Stock'!$F$2:$F$99,MATCH($A3,'Master Stock'!$R$2:$R$99,0)))} | G3: A | I3: =IF($A3="","","FIFO - Oldest Receipt First")
A4: =IFERROR(SMALL('Master Stock'!$R$2:$R$99,ROWS($A$3:A4)),"") | B4: {=IF($A4="","",INDEX('Master Stock'!$C$2:$C$99,MATCH($A4,'Master Stock'!$R$2:$R$99,0)))} | C4: {=IF($A4="","",INDEX('Master Stock'!$D$2:$D$99,MATCH($A4,'Master Stock'!$R$2:$R$99,0)))} | D4: {=IF($A4="","",INDEX('Master Stock'!$B$2:$B$99,MATCH($A4,'Master Stock'!$R$2:$R$99,0)))} | E4: {=IF($A4="","",INDEX('Master Stock'!$G$2:$G$99,MATCH($A4,'Master Stock'!$R$2:$R$99,0)))} | F4: {=IF($A4="","",INDEX('Master Stock'!$F$2:$F$99,MATCH($A4,'Master Stock'!$R$2:$R$99,0)))} | G4: A | I4: =IF($A4="","","FIFO - Oldest Receipt First")
A5: =IFERROR(SMALL('Master Stock'!$R$2:$R$99,ROWS($A$3:A5)),"") | B5: {=IF($A5="","",INDEX('Master Stock'!$C$2:$C$99,MATCH($A5,'Master Stock'!$R$2:$R$99,0)))} | C5: {=IF($A5="","",INDEX('Master Stock'!$D$2:$D$99,MATCH($A5,'Master Stock'!$R$2:$R$99,0)))} | D5: {=IF($A5="","",INDEX('Master Stock'!$B$2:$B$99,MATCH($A5,'Master Stock'!$R$2:$R$99,0)))} | E5: {=IF($A5="","",INDEX('Master Stock'!$G$2:$G$99,MATCH($A5,'Master Stock'!$R$2:$R$99,0)))} | F5: {=IF($A5="","",INDEX('Master Stock'!$F$2:$F$99,MATCH($A5,'Master Stock'!$R$2:$R$99,0)))} | G5: A | I5: =IF($A5="","","FIFO - Oldest Receipt First")
A6: =IFERROR(SMALL('Master Stock'!$R$2:$R$99,ROWS($A$3:A6)),"") | B6: {=IF($A6="","",INDEX('Master Stock'!$C$2:$C$99,MATCH($A6,'Master Stock'!$R$2:$R$99,0)))} | C6: {=IF($A6="","",INDEX('Master Stock'!$D$2:$D$99,MATCH($A6,'Master Stock'!$R$2:$R$99,0)))} | D6: {=IF($A6="","",INDEX('Master Stock'!$B$2:$B$99,MATCH($A6,'Master Stock'!$R$2:$R$99,0)))} | E6: {=IF($A6="","",INDEX('Master Stock'!$G$2:$G$99,MATCH($A6,'Master Stock'!$R$2:$R$99,0)))} | F6: {=IF($A6="","",INDEX('Master Stock'!$F$2:$F$99,MATCH($A6,'Master Stock'!$R$2:$R$99,0)))} | G6: A | I6: =IF($A6="","","FIFO - Oldest Receipt First")
A7: =IFERROR(SMALL('Master Stock'!$R$2:$R$99,ROWS($A$3:A7)),"") | B7: {=IF($A7="","",INDEX('Master Stock'!$C$2:$C$99,MATCH($A7,'Master Stock'!$R$2:$R$99,0)))} | C7: {=IF($A7="","",INDEX('Master Stock'!$D$2:$D$99,MATCH($A7,'Master Stock'!$R$2:$R$99,0)))} | D7: {=IF($A7="","",INDEX('Master Stock'!$B$2:$B$99,MATCH($A7,'Master Stock'!$R$2:$R$99,0)))} | E7: {=IF($A7="","",INDEX('Master Stock'!$G$2:$G$99,MATCH($A7,'Master Stock'!$R$2:$R$99,0)))} | F7: {=IF($A7="","",INDEX('Master Stock'!$F$2:$F$99,MATCH($A7,'Master Stock'!$R$2:$R$99,0)))} | G7: A | I7: =IF($A7="","","FIFO - Oldest Receipt First")
A8: =IFERROR(SMALL('Master Stock'!$R$2:$R$99,ROWS($A$3:A8)),"") | B8: {=IF($A8="","",INDEX('Master Stock'!$C$2:$C$99,MATCH($A8,'Master Stock'!$R$2:$R$99,0)))} | C8: {=IF($A8="","",INDEX('Master Stock'!$D$2:$D$99,MATCH($A8,'Master Stock'!$R$2:$R$99,0)))} | D8: {=IF($A8="","",INDEX('Master Stock'!$B$2:$B$99,MATCH($A8,'Master Stock'!$R$2:$R$99,0)))} | E8: {=IF($A8="","",INDEX('Master Stock'!$G$2:$G$99,MATCH($A8,'Master Stock'!$R$2:$R$99,0)))} | F8: {=IF($A8="","",INDEX('Master Stock'!$F$2:$F$99,MATCH($A8,'Master Stock'!$R$2:$R$99,0)))} | G8: A | I8: =IF($A8="","","FIFO - Oldest Receipt First")
A9: =IFERROR(SMALL('Master Stock'!$R$2:$R$99,ROWS($A$3:A9)),"") | B9: {=IF($A9="","",INDEX('Master Stock'!$C$2:$C$99,MATCH($A9,'Master Stock'!$R$2:$R$99,0)))} | C9: {=IF($A9="","",INDEX('Master Stock'!$D$2:$D$99,MATCH($A9,'Master Stock'!$R$2:$R$99,0)))} | D9: {=IF($A9="","",INDEX('Master Stock'!$B$2:$B$99,MATCH($A9,'Master Stock'!$R$2:$R$99,0)))} | E9: {=IF($A9="","",INDEX('Master Stock'!$G$2:$G$99,MATCH($A9,'Master Stock'!$R$2:$R$99,0)))} | F9: {=IF($A9="","",INDEX('Master Stock'!$F$2:$F$99,MATCH($A9,'Master Stock'!$R$2:$R$99,0)))} | G9: A | I9: =IF($A9="","","FIFO - Oldest Receipt First")
A10: =IFERROR(SMALL('Master Stock'!$R$2:$R$99,ROWS($A$3:A10)),"") | B10: {=IF($A10="","",INDEX('Master Stock'!$C$2:$C$99,MATCH($A10,'Master Stock'!$R$2:$R$99,0)))} | C10: {=IF($A10="","",INDEX('Master Stock'!$D$2:$D$99,MATCH($A10,'Master Stock'!$R$2:$R$99,0)))} | D10: {=IF($A10="","",INDEX('Master Stock'!$B$2:$B$99,MATCH($A10,'Master Stock'!$R$2:$R$99,0)))} | E10: {=IF($A10="","",INDEX('Master Stock'!$G$2:$G$99,MATCH($A10,'Master Stock'!$R$2:$R$99,0)))} | F10: {=IF($A10="","",INDEX('Master Stock'!$F$2:$F$99,MATCH($A10,'Master Stock'!$R$2:$R$99,0)))} | G10: A | I10: =IF($A10="","","FIFO - Oldest Receipt First")
A11: =IFERROR(SMALL('Master Stock'!$R$2:$R$99,ROWS($A$3:A11)),"") | B11: {=IF($A11="","",INDEX('Master Stock'!$C$2:$C$99,MATCH($A11,'Master Stock'!$R$2:$R$99,0)))} | C11: {=IF($A11="","",INDEX('Master Stock'!$D$2:$D$99,MATCH($A11,'Master Stock'!$R$2:$R$99,0)))} | D11: {=IF($A11="","",INDEX('Master Stock'!$B$2:$B$99,MATCH($A11,'Master Stock'!$R$2:$R$99,0)))} | E11: {=IF($A11="","",INDEX('Master Stock'!$G$2:$G$99,MATCH($A11,'Master Stock'!$R$2:$R$99,0)))} | F11: {=IF($A11="","",INDEX('Master Stock'!$F$2:$F$99,MATCH($A11,'Master Stock'!$R$2:$R$99,0)))} | G11: A | I11: =IF($A11="","","FIFO - Oldest Receipt First")
A12: =IFERROR(SMALL('Master Stock'!$R$2:$R$99,ROWS($A$3:A12)),"") | B12: {=IF($A12="","",INDEX('Master Stock'!$C$2:$C$99,MATCH($A12,'Master Stock'!$R$2:$R$99,0)))} | C12: {=IF($A12="","",INDEX('Master Stock'!$D$2:$D$99,MATCH($A12,'Master Stock'!$R$2:$R$99,0)))} | D12: {=IF($A12="","",INDEX('Master Stock'!$B$2:$B$99,MATCH($A12,'Master Stock'!$R$2:$R$99,0)))} | E12: {=IF($A12="","",INDEX('Master Stock'!$G$2:$G$99,MATCH($A12,'Master Stock'!$R$2:$R$99,0)))} | F12: {=IF($A12="","",INDEX('Master Stock'!$F$2:$F$99,MATCH($A12,'Master Stock'!$R$2:$R$99,0)))} | G12: A | I12: =IF($A12="","","FIFO - Oldest Receipt First")
A13: =IFERROR(SMALL('Master Stock'!$R$2:$R$99,ROWS($A$3:A13)),"") | B13: {=IF($A13="","",INDEX('Master Stock'!$C$2:$C$99,MATCH($A13,'Master Stock'!$R$2:$R$99,0)))} | C13: {=IF($A13="","",INDEX('Master Stock'!$D$2:$D$99,MATCH($A13,'Master Stock'!$R$2:$R$99,0)))} | D13: {=IF($A13="","",INDEX('Master Stock'!$B$2:$B$99,MATCH($A13,'Master Stock'!$R$2:$R$99,0)))} | E13: {=IF($A13="","",INDEX('Master Stock'!$G$2:$G$99,MATCH($A13,'Master Stock'!$R$2:$R$99,0)))} | F13: {=IF($A13="","",INDEX('Master Stock'!$F$2:$F$99,MATCH($A13,'Master Stock'!$R$2:$R$99,0)))} | G13: A | I13: =IF($A13="","","FIFO - Oldest Receipt First")
A14: =IFERROR(SMALL('Master Stock'!$R$2:$R$99,ROWS($A$3:A14)),"") | B14: {=IF($A14="","",INDEX('Master Stock'!$C$2:$C$99,MATCH($A14,'Master Stock'!$R$2:$R$99,0)))} | C14: {=IF($A14="","",INDEX('Master Stock'!$D$2:$D$99,MATCH($A14,'Master Stock'!$R$2:$R$99,0)))} | D14: {=IF($A14="","",INDEX('Master Stock'!$B$2:$B$99,MATCH($A14,'Master Stock'!$R$2:$R$99,0)))} | E14: {=IF($A14="","",INDEX('Master Stock'!$G$2:$G$99,MATCH($A14,'Master Stock'!$R$2:$R$99,0)))} | F14: {=IF($A14="","",INDEX('Master Stock'!$F$2:$F$99,MATCH($A14,'Master Stock'!$R$2:$R$99,0)))} | G14: A | I14: =IF($A14="","","FIFO - Oldest Receipt First")
... A27: =IFERROR(SMALL('Master Stock'!$R$2:$R$99,ROWS($A$3:A27)),"") | B27: {=IF($A27="","",INDEX('Master Stock'!$C$2:$C$99,MATCH($A27,'Master Stock'!$R$2:$R$99,0)))} | C27: {=IF($A27="","",INDEX('Master Stock'!$D$2:$D$99,MATCH($A27,'Master Stock'!$R$2:$R$99,0)))} | D27: {=IF($A27="","",INDEX('Master Stock'!$B$2:$B$99,MATCH($A27,'Master Stock'!$R$2:$R$99,0)))} | E27: {=IF($A27="","",INDEX('Master Stock'!$G$2:$G$99,MATCH($A27,'Master Stock'!$R$2:$R$99,0)))} | F27: {=IF($A27="","",INDEX('Master Stock'!$F$2:$F$99,MATCH($A27,'Master Stock'!$R$2:$R$99,0)))} | G27: A | I27: =IF($A27="","","FIFO - Oldest Receipt First")
A28: =IFERROR(SMALL('Master Stock'!$R$2:$R$99,ROWS($A$3:A28)),"") | B28: {=IF($A28="","",INDEX('Master Stock'!$C$2:$C$99,MATCH($A28,'Master Stock'!$R$2:$R$99,0)))} | C28: {=IF($A28="","",INDEX('Master Stock'!$D$2:$D$99,MATCH($A28,'Master Stock'!$R$2:$R$99,0)))} | D28: {=IF($A28="","",INDEX('Master Stock'!$B$2:$B$99,MATCH($A28,'Master Stock'!$R$2:$R$99,0)))} | E28: {=IF($A28="","",INDEX('Master Stock'!$G$2:$G$99,MATCH($A28,'Master Stock'!$R$2:$R$99,0)))} | F28: {=IF($A28="","",INDEX('Master Stock'!$F$2:$F$99,MATCH($A28,'Master Stock'!$R$2:$R$99,0)))} | I28: =IF($A28="","","FIFO - Oldest Receipt First")
A29: =IFERROR(SMALL('Master Stock'!$R$2:$R$99,ROWS($A$3:A29)),"") | B29: {=IF($A29="","",INDEX('Master Stock'!$C$2:$C$99,MATCH($A29,'Master Stock'!$R$2:$R$99,0)))} | C29: {=IF($A29="","",INDEX('Master Stock'!$D$2:$D$99,MATCH($A29,'Master Stock'!$R$2:$R$99,0)))} | D29: {=IF($A29="","",INDEX('Master Stock'!$B$2:$B$99,MATCH($A29,'Master Stock'!$R$2:$R$99,0)))} | E29: {=IF($A29="","",INDEX('Master Stock'!$G$2:$G$99,MATCH($A29,'Master Stock'!$R$2:$R$99,0)))} | F29: {=IF($A29="","",INDEX('Master Stock'!$F$2:$F$99,MATCH($A29,'Master Stock'!$R$2:$R$99,0)))} | I29: =IF($A29="","","FIFO - Oldest Receipt First")
A30: =IFERROR(SMALL('Master Stock'!$R$2:$R$99,ROWS($A$3:A30)),"") | B30: {=IF($A30="","",INDEX('Master Stock'!$C$2:$C$99,MATCH($A30,'Master Stock'!$R$2:$R$99,0)))} | C30: {=IF($A30="","",INDEX('Master Stock'!$D$2:$D$99,MATCH($A30,'Master Stock'!$R$2:$R$99,0)))} | D30: {=IF($A30="","",INDEX('Master Stock'!$B$2:$B$99,MATCH($A30,'Master Stock'!$R$2:$R$99,0)))} | E30: {=IF($A30="","",INDEX('Master Stock'!$G$2:$G$99,MATCH($A30,'Master Stock'!$R$2:$R$99,0)))} | F30: {=IF($A30="","",INDEX('Master Stock'!$F$2:$F$99,MATCH($A30,'Master Stock'!$R$2:$R$99,0)))} | G30: =IF($A30="","","Rice / FRK RRA") | I30: =IF($A30="","","FIFO - Oldest Receipt First")
A31: =IFERROR(SMALL('Master Stock'!$R$2:$R$99,ROWS($A$3:A31)),"") | B31: {=IF($A31="","",INDEX('Master Stock'!$C$2:$C$99,MATCH($A31,'Master Stock'!$R$2:$R$99,0)))} | C31: {=IF($A31="","",INDEX('Master Stock'!$D$2:$D$99,MATCH($A31,'Master Stock'!$R$2:$R$99,0)))} | D31: {=IF($A31="","",INDEX('Master Stock'!$B$2:$B$99,MATCH($A31,'Master Stock'!$R$2:$R$99,0)))} | E31: {=IF($A31="","",INDEX('Master Stock'!$G$2:$G$99,MATCH($A31,'Master Stock'!$R$2:$R$99,0)))} | F31: {=IF($A31="","",INDEX('Master Stock'!$F$2:$F$99,MATCH($A31,'Master Stock'!$R$2:$R$99,0)))} | G31: =IF($A31="","","Rice / FRK RRA") | I31: =IF($A31="","","FIFO - Oldest Receipt First")
A32: =IFERROR(SMALL('Master Stock'!$R$2:$R$99,ROWS($A$3:A32)),"") | B32: {=IF($A32="","",INDEX('Master Stock'!$C$2:$C$99,MATCH($A32,'Master Stock'!$R$2:$R$99,0)))} | C32: {=IF($A32="","",INDEX('Master Stock'!$D$2:$D$99,MATCH($A32,'Master Stock'!$R$2:$R$99,0)))} | D32: {=IF($A32="","",INDEX('Master Stock'!$B$2:$B$99,MATCH($A32,'Master Stock'!$R$2:$R$99,0)))} | E32: {=IF($A32="","",INDEX('Master Stock'!$G$2:$G$99,MATCH($A32,'Master Stock'!$R$2:$R$99,0)))} | F32: {=IF($A32="","",INDEX('Master Stock'!$F$2:$F$99,MATCH($A32,'Master Stock'!$R$2:$R$99,0)))} | G32: =IF($A32="","","Rice / FRK RRA") | I32: =IF($A32="","","FIFO - Oldest Receipt First")
A33: =IFERROR(SMALL('Master Stock'!$R$2:$R$99,ROWS($A$3:A33)),"") | B33: {=IF($A33="","",INDEX('Master Stock'!$C$2:$C$99,MATCH($A33,'Master Stock'!$R$2:$R$99,0)))} | C33: {=IF($A33="","",INDEX('Master Stock'!$D$2:$D$99,MATCH($A33,'Master Stock'!$R$2:$R$99,0)))} | D33: {=IF($A33="","",INDEX('Master Stock'!$B$2:$B$99,MATCH($A33,'Master Stock'!$R$2:$R$99,0)))} | E33: {=IF($A33="","",INDEX('Master Stock'!$G$2:$G$99,MATCH($A33,'Master Stock'!$R$2:$R$99,0)))} | F33: {=IF($A33="","",INDEX('Master Stock'!$F$2:$F$99,MATCH($A33,'Master Stock'!$R$2:$R$99,0)))} | G33: =IF($A33="","","Rice / FRK RRA") | I33: =IF($A33="","","FIFO - Oldest Receipt First")
A34: =IFERROR(SMALL('Master Stock'!$R$2:$R$99,ROWS($A$3:A34)),"") | B34: {=IF($A34="","",INDEX('Master Stock'!$C$2:$C$99,MATCH($A34,'Master Stock'!$R$2:$R$99,0)))} | C34: {=IF($A34="","",INDEX('Master Stock'!$D$2:$D$99,MATCH($A34,'Master Stock'!$R$2:$R$99,0)))} | D34: {=IF($A34="","",INDEX('Master Stock'!$B$2:$B$99,MATCH($A34,'Master Stock'!$R$2:$R$99,0)))} | E34: {=IF($A34="","",INDEX('Master Stock'!$G$2:$G$99,MATCH($A34,'Master Stock'!$R$2:$R$99,0)))} | F34: {=IF($A34="","",INDEX('Master Stock'!$F$2:$F$99,MATCH($A34,'Master Stock'!$R$2:$R$99,0)))} | G34: =IF($A34="","","Rice / FRK RRA") | I34: =IF($A34="","","FIFO - Oldest Receipt First")
A35: =IFERROR(SMALL('Master Stock'!$R$2:$R$99,ROWS($A$3:A35)),"") | B35: {=IF($A35="","",INDEX('Master Stock'!$C$2:$C$99,MATCH($A35,'Master Stock'!$R$2:$R$99,0)))} | C35: {=IF($A35="","",INDEX('Master Stock'!$D$2:$D$99,MATCH($A35,'Master Stock'!$R$2:$R$99,0)))} | D35: {=IF($A35="","",INDEX('Master Stock'!$B$2:$B$99,MATCH($A35,'Master Stock'!$R$2:$R$99,0)))} | E35: {=IF($A35="","",INDEX('Master Stock'!$G$2:$G$99,MATCH($A35,'Master Stock'!$R$2:$R$99,0)))} | F35: {=IF($A35="","",INDEX('Master Stock'!$F$2:$F$99,MATCH($A35,'Master Stock'!$R$2:$R$99,0)))} | G35: =IF($A35="","","Rice / FRK RRA") | I35: =IF($A35="","","FIFO - Oldest Receipt First")
A36: =IFERROR(SMALL('Master Stock'!$R$2:$R$99,ROWS($A$3:A36)),"") | B36: {=IF($A36="","",INDEX('Master Stock'!$C$2:$C$99,MATCH($A36,'Master Stock'!$R$2:$R$99,0)))} | C36: {=IF($A36="","",INDEX('Master Stock'!$D$2:$D$99,MATCH($A36,'Master Stock'!$R$2:$R$99,0)))} | D36: {=IF($A36="","",INDEX('Master Stock'!$B$2:$B$99,MATCH($A36,'Master Stock'!$R$2:$R$99,0)))} | E36: {=IF($A36="","",INDEX('Master Stock'!$G$2:$G$99,MATCH($A36,'Master Stock'!$R$2:$R$99,0)))} | F36: {=IF($A36="","",INDEX('Master Stock'!$F$2:$F$99,MATCH($A36,'Master Stock'!$R$2:$R$99,0)))} | G36: =IF($A36="","","Rice / FRK RRA") | I36: =IF($A36="","","FIFO - Oldest Receipt First")
A37: =IFERROR(SMALL('Master Stock'!$R$2:$R$99,ROWS($A$3:A37)),"") | B37: {=IF($A37="","",INDEX('Master Stock'!$C$2:$C$99,MATCH($A37,'Master Stock'!$R$2:$R$99,0)))} | C37: {=IF($A37="","",INDEX('Master Stock'!$D$2:$D$99,MATCH($A37,'Master Stock'!$R$2:$R$99,0)))} | D37: {=IF($A37="","",INDEX('Master Stock'!$B$2:$B$99,MATCH($A37,'Master Stock'!$R$2:$R$99,0)))} | E37: {=IF($A37="","",INDEX('Master Stock'!$G$2:$G$99,MATCH($A37,'Master Stock'!$R$2:$R$99,0)))} | F37: {=IF($A37="","",INDEX('Master Stock'!$F$2:$F$99,MATCH($A37,'Master Stock'!$R$2:$R$99,0)))} | G37: =IF($A37="","","Rice / FRK RRA") | I37: =IF($A37="","","FIFO - Oldest Receipt First")
A38: =IFERROR(SMALL('Master Stock'!$R$2:$R$99,ROWS($A$3:A38)),"") | B38: {=IF($A38="","",INDEX('Master Stock'!$C$2:$C$99,MATCH($A38,'Master Stock'!$R$2:$R$99,0)))} | C38: {=IF($A38="","",INDEX('Master Stock'!$D$2:$D$99,MATCH($A38,'Master Stock'!$R$2:$R$99,0)))} | D38: {=IF($A38="","",INDEX('Master Stock'!$B$2:$B$99,MATCH($A38,'Master Stock'!$R$2:$R$99,0)))} | E38: {=IF($A38="","",INDEX('Master Stock'!$G$2:$G$99,MATCH($A38,'Master Stock'!$R$2:$R$99,0)))} | F38: {=IF($A38="","",INDEX('Master Stock'!$F$2:$F$99,MATCH($A38,'Master Stock'!$R$2:$R$99,0)))} | G38: =IF($A38="","","Rice / FRK RRA") | I38: =IF($A38="","","FIFO - Oldest Receipt First")
A39: =IFERROR(SMALL('Master Stock'!$R$2:$R$99,ROWS($A$3:A39)),"") | B39: {=IF($A39="","",INDEX('Master Stock'!$C$2:$C$99,MATCH($A39,'Master Stock'!$R$2:$R$99,0)))} | C39: {=IF($A39="","",INDEX('Master Stock'!$D$2:$D$99,MATCH($A39,'Master Stock'!$R$2:$R$99,0)))} | D39: {=IF($A39="","",INDEX('Master Stock'!$B$2:$B$99,MATCH($A39,'Master Stock'!$R$2:$R$99,0)))} | E39: {=IF($A39="","",INDEX('Master Stock'!$G$2:$G$99,MATCH($A39,'Master Stock'!$R$2:$R$99,0)))} | F39: {=IF($A39="","",INDEX('Master Stock'!$F$2:$F$99,MATCH($A39,'Master Stock'!$R$2:$R$99,0)))} | G39: =IF($A39="","","Rice / FRK RRA") | I39: =IF($A39="","","FIFO - Oldest Receipt First")
A40: =IFERROR(SMALL('Master Stock'!$R$2:$R$99,ROWS($A$3:A40)),"") | B40: {=IF($A40="","",INDEX('Master Stock'!$C$2:$C$99,MATCH($A40,'Master Stock'!$R$2:$R$99,0)))} | C40: {=IF($A40="","",INDEX('Master Stock'!$D$2:$D$99,MATCH($A40,'Master Stock'!$R$2:$R$99,0)))} | D40: {=IF($A40="","",INDEX('Master Stock'!$B$2:$B$99,MATCH($A40,'Master Stock'!$R$2:$R$99,0)))} | E40: {=IF($A40="","",INDEX('Master Stock'!$G$2:$G$99,MATCH($A40,'Master Stock'!$R$2:$R$99,0)))} | F40: {=IF($A40="","",INDEX('Master Stock'!$F$2:$F$99,MATCH($A40,'Master Stock'!$R$2:$R$99,0)))} | G40: =IF($A40="","","Rice / FRK RRA") | I40: =IF($A40="","","FIFO - Oldest Receipt First")
A41: =IFERROR(SMALL('Master Stock'!$R$2:$R$99,ROWS($A$3:A41)),"") | B41: {=IF($A41="","",INDEX('Master Stock'!$C$2:$C$99,MATCH($A41,'Master Stock'!$R$2:$R$99,0)))} | C41: {=IF($A41="","",INDEX('Master Stock'!$D$2:$D$99,MATCH($A41,'Master Stock'!$R$2:$R$99,0)))} | D41: {=IF($A41="","",INDEX('Master Stock'!$B$2:$B$99,MATCH($A41,'Master Stock'!$R$2:$R$99,0)))} | E41: {=IF($A41="","",INDEX('Master Stock'!$G$2:$G$99,MATCH($A41,'Master Stock'!$R$2:$R$99,0)))} | F41: {=IF($A41="","",INDEX('Master Stock'!$F$2:$F$99,MATCH($A41,'Master Stock'!$R$2:$R$99,0)))} | G41: =IF($A41="","","Rice / FRK RRA") | I41: =IF($A41="","","FIFO - Oldest Receipt First")
... A100: =IFERROR(SMALL('Master Stock'!$R$2:$R$99,ROWS($A$3:A100)),"") | B100: {=IF($A100="","",INDEX('Master Stock'!$C$2:$C$99,MATCH($A100,'Master Stock'!$R$2:$R$99,0)))} | C100: {=IF($A100="","",INDEX('Master Stock'!$D$2:$D$99,MATCH($A100,'Master Stock'!$R$2:$R$99,0)))} | D100: {=IF($A100="","",INDEX('Master Stock'!$B$2:$B$99,MATCH($A100,'Master Stock'!$R$2:$R$99,0)))} | E100: {=IF($A100="","",INDEX('Master Stock'!$G$2:$G$99,MATCH($A100,'Master Stock'!$R$2:$R$99,0)))} | F100: {=IF($A100="","",INDEX('Master Stock'!$F$2:$F$99,MATCH($A100,'Master Stock'!$R$2:$R$99,0)))} | G100: =IF($A100="","","Rice / FRK RRA") | I100: =IF($A100="","","FIFO - Oldest Receipt First")
A101: To,
A102: The Manager (QC)
A103: GCI, FSD SABARMATI
G104: SHAMBHU DAYAL MEENA
G105: TA-II, FSD SABARMATI
G106: QC UNIT NO -III
