Workbook

Sheet Dashboard
A1: GODOWN STOCK & TREATMENT DASHBOARD
A3: TOTAL STACKS | C3: OCCUPIED STACKS | E3: CURRENTLY UNDER COVER | G3: DEGASSING DUE >5 DAYS | L3: FUMIGATION DUE >30 DAYS | M3: =COUNTIFS('Master Stock'!$H$2:$H$100,"OCCUPIED",'Master Stock'!$J$2:$J$100,"<>",'Master Stock'!$K$2:$K$100,"",'Master Stock'!$J$2:$J$100,"<"&TODAY()-30)
A4: =COUNTA('Master Stock'!$C$2:$C$100) | C4: =COUNTIF('Master Stock'!$H$2:$H$100,"OCCUPIED") | E4: =COUNTIFS('Master Stock'!$H$2:$H$100,"OCCUPIED",'Master Stock'!$J$2:$J$100,"<>",'Master Stock'!$K$2:$K$100,"") | G4: =COUNTIFS('Master Stock'!$J$2:$J$100,"<>",'Master Stock'!$K$2:$K$100,"",'Master Stock'!$J$2:$J$100,"<"&TODAY()-5)
A7: CURRENTLY UNDER COVER – STACK DETAILS | G7: FUMIGATION MORE THAN 5 DAYS – DEGASSING DUE | L7: FUMIGATION MORE THAN 30 DAYS – FUMIGATION DUE
A8: Shed | B8: Stack No. | C8: Receipt Date | D8: Fumigation Date | E8: Days Since Fumigation | G8: Shed | H8: Stack No. | I8: Fumigation Date | J8: Days Since Fumigation | L8: Shed | M8: Stack No. | N8: Fumigation Date | O8: Days Since Fumigation
A9: =IFERROR(INDEX('Master Stock'!$C$2:$C$100,MATCH(ROWS($A$9:A9),'Master Stock'!$N$2:$N$100,0)),"") | B9: =IFERROR(INDEX('Master Stock'!$D$2:$D$100,MATCH(ROWS($A$9:A9),'Master Stock'!$N$2:$N$100,0)),"") | C9: =IFERROR(INDEX('Master Stock'!$B$2:$B$100,MATCH(ROWS($A$9:A9),'Master Stock'!$N$2:$N$100,0)),"") | D9: =IFERROR(INDEX('Master Stock'!$J$2:$J$100,MATCH(ROWS($A$9:A9),'Master Stock'!$N$2:$N$100,0)),"") | E9: =IF(D9="","",MAX(0,TODAY()-(IF(ISNUMBER(D9),D9,IFERROR(DATE(2000+VALUE(RIGHT(D9,2)),VALUE(MID(D9,4,2)),VALUE(LEFT(D9,2))),""))))) | G9: =IFERROR(INDEX('Master Stock'!$C$2:$C$100,MATCH(ROWS($G$9:G9),'Master Stock'!$P$2:$P$100,0)),"") | H9: =IFERROR(INDEX('Master Stock'!$D$2:$D$100,MATCH(ROWS($G$9:G9),'Master Stock'!$P$2:$P$100,0)),"") | I9: =IFERROR(INDEX('Master Stock'!$J$2:$J$100,MATCH(ROWS($G$9:G9),'Master Stock'!$P$2:$P$100,0)),"") | J9: =IF(I9="","",MAX(0,TODAY()-(IF(ISNUMBER(I9),I9,IFERROR(DATE(2000+VALUE(RIGHT(I9,2)),VALUE(MID(I9,4,2)),VALUE(LEFT(I9,2))),""))))) | L9: =IFERROR(INDEX('Master Stock'!$C$2:$C$100,AGGREGATE(15,6,(ROW('Master Stock'!$C$2:$C$100)-ROW('Master Stock'!$C$2)+1)/(('Master Stock'!$H$2:$H$100="OCCUPIED")*('Master Stock'!$J$2:$J$100<>"")*('Master Stock'!$K$2:$K$100="")*('Master Stock'!$J$2:$J$100<TODAY()-30)),1)),"") | M9: =IFERROR(INDEX('Master Stock'!$D$2:$D$100,AGGREGATE(15,6,(ROW('Master Stock'!$C$2:$C$100)-ROW('Master Stock'!$C$2)+1)/(('Master Stock'!$H$2:$H$100="OCCUPIED")*('Master Stock'!$J$2:$J$100<>"")*('Master Stock'!$K$2:$K$100="")*('Master Stock'!$J$2:$J$100<TODAY()-30)),1)),"") | N9: =IFERROR(INDEX('Master Stock'!$J$2:$J$100,AGGREGATE(15,6,(ROW('Master Stock'!$C$2:$C$100)-ROW('Master Stock'!$C$2)+1)/(('Master Stock'!$H$2:$H$100="OCCUPIED")*('Master Stock'!$J$2:$J$100<>"")*('Master Stock'!$K$2:$K$100="")*('Master Stock'!$J$2:$J$100<TODAY()-30)),1)),"") | O9: =IF(N9="","",MAX(0,TODAY()-(IF(ISNUMBER(N9),N9,IFERROR(DATE(2000+VALUE(RIGHT(N9,2)),VALUE(MID(N9,4,2)),VALUE(LEFT(N9,2))),"")))))
A10: =IFERROR(INDEX('Master Stock'!$C$2:$C$100,MATCH(ROWS($A$9:A10),'Master Stock'!$N$2:$N$100,0)),"") | B10: =IFERROR(INDEX('Master Stock'!$D$2:$D$100,MATCH(ROWS($A$9:A10),'Master Stock'!$N$2:$N$100,0)),"") | C10: =IFERROR(INDEX('Master Stock'!$B$2:$B$100,MATCH(ROWS($A$9:A10),'Master Stock'!$N$2:$N$100,0)),"") | D10: =IFERROR(INDEX('Master Stock'!$J$2:$J$100,MATCH(ROWS($A$9:A10),'Master Stock'!$N$2:$N$100,0)),"") | E10: =IF(D10="","",MAX(0,TODAY()-(IF(ISNUMBER(D10),D10,IFERROR(DATE(2000+VALUE(RIGHT(D10,2)),VALUE(MID(D10,4,2)),VALUE(LEFT(D10,2))),""))))) | G10: =IFERROR(INDEX('Master Stock'!$C$2:$C$100,MATCH(ROWS($G$9:G10),'Master Stock'!$P$2:$P$100,0)),"") | H10: =IFERROR(INDEX('Master Stock'!$D$2:$D$100,MATCH(ROWS($G$9:G10),'Master Stock'!$P$2:$P$100,0)),"") | I10: =IFERROR(INDEX('Master Stock'!$J$2:$J$100,MATCH(ROWS($G$9:G10),'Master Stock'!$P$2:$P$100,0)),"") | J10: =IF(I10="","",MAX(0,TODAY()-(IF(ISNUMBER(I10),I10,IFERROR(DATE(2000+VALUE(RIGHT(I10,2)),VALUE(MID(I10,4,2)),VALUE(LEFT(I10,2))),""))))) | L10: =IFERROR(INDEX('Master Stock'!$C$2:$C$100,AGGREGATE(15,6,(ROW('Master Stock'!$C$2:$C$100)-ROW('Master Stock'!$C$2)+1)/(('Master Stock'!$H$2:$H$100="OCCUPIED")*('Master Stock'!$J$2:$J$100<>"")*('Master Stock'!$K$2:$K$100="")*('Master Stock'!$J$2:$J$100<TODAY()-30)),2)),"") | M10: =IFERROR(INDEX('Master Stock'!$D$2:$D$100,AGGREGATE(15,6,(ROW('Master Stock'!$C$2:$C$100)-ROW('Master Stock'!$C$2)+1)/(('Master Stock'!$H$2:$H$100="OCCUPIED")*('Master Stock'!$J$2:$J$100<>"")*('Master Stock'!$K$2:$K$100="")*('Master Stock'!$J$2:$J$100<TODAY()-30)),2)),"") | N10: =IFERROR(INDEX('Master Stock'!$J$2:$J$100,AGGREGATE(15,6,(ROW('Master Stock'!$C$2:$C$100)-ROW('Master Stock'!$C$2)+1)/(('Master Stock'!$H$2:$H$100="OCCUPIED")*('Master Stock'!$J$2:$J$100<>"")*('Master Stock'!$K$2:$K$100="")*('Master Stock'!$J$2:$J$100<TODAY()-30)),2)),"") | O10: =IF(N10="","",MAX(0,TODAY()-(IF(ISNUMBER(N10),N10,IFERROR(DATE(2000+VALUE(RIGHT(N10,2)),VALUE(MID(N10,4,2)),VALUE(LEFT(N10,2))),"")))))
A11: =IFERROR(INDEX('Master Stock'!$C$2:$C$100,MATCH(ROWS($A$9:A11),'Master Stock'!$N$2:$N$100,0)),"") | B11: =IFERROR(INDEX('Master Stock'!$D$2:$D$100,MATCH(ROWS($A$9:A11),'Master Stock'!$N$2:$N$100,0)),"") | C11: =IFERROR(INDEX('Master Stock'!$B$2:$B$100,MATCH(ROWS($A$9:A11),'Master Stock'!$N$2:$N$100,0)),"") | D11: =IFERROR(INDEX('Master Stock'!$J$2:$J$100,MATCH(ROWS($A$9:A11),'Master Stock'!$N$2:$N$100,0)),"") | E11: =IF(D11="","",MAX(0,TODAY()-(IF(ISNUMBER(D11),D11,IFERROR(DATE(2000+VALUE(RIGHT(D11,2)),VALUE(MID(D11,4,2)),VALUE(LEFT(D11,2))),""))))) | G11: =IFERROR(INDEX('Master Stock'!$C$2:$C$100,MATCH(ROWS($G$9:G11),'Master Stock'!$P$2:$P$100,0)),"") | H11: =IFERROR(INDEX('Master Stock'!$D$2:$D$100,MATCH(ROWS($G$9:G11),'Master Stock'!$P$2:$P$100,0)),"") | I11: =IFERROR(INDEX('Master Stock'!$J$2:$J$100,MATCH(ROWS($G$9:G11),'Master Stock'!$P$2:$P$100,0)),"") | J11: =IF(I11="","",MAX(0,TODAY()-(IF(ISNUMBER(I11),I11,IFERROR(DATE(2000+VALUE(RIGHT(I11,2)),VALUE(MID(I11,4,2)),VALUE(LEFT(I11,2))),""))))) | L11: =IFERROR(INDEX('Master Stock'!$C$2:$C$100,AGGREGATE(15,6,(ROW('Master Stock'!$C$2:$C$100)-ROW('Master Stock'!$C$2)+1)/(('Master Stock'!$H$2:$H$100="OCCUPIED")*('Master Stock'!$J$2:$J$100<>"")*('Master Stock'!$K$2:$K$100="")*('Master Stock'!$J$2:$J$100<TODAY()-30)),3)),"") | M11: =IFERROR(INDEX('Master Stock'!$D$2:$D$100,AGGREGATE(15,6,(ROW('Master Stock'!$C$2:$C$100)-ROW('Master Stock'!$C$2)+1)/(('Master Stock'!$H$2:$H$100="OCCUPIED")*('Master Stock'!$J$2:$J$100<>"")*('Master Stock'!$K$2:$K$100="")*('Master Stock'!$J$2:$J$100<TODAY()-30)),3)),"") | N11: =IFERROR(INDEX('Master Stock'!$J$2:$J$100,AGGREGATE(15,6,(ROW('Master Stock'!$C$2:$C$100)-ROW('Master Stock'!$C$2)+1)/(('Master Stock'!$H$2:$H$100="OCCUPIED")*('Master Stock'!$J$2:$J$100<>"")*('Master Stock'!$K$2:$K$100="")*('Master Stock'!$J$2:$J$100<TODAY()-30)),3)),"") | O11: =IF(N11="","",MAX(0,TODAY()-(IF(ISNUMBER(N11),N11,IFERROR(DATE(2000+VALUE(RIGHT(N11,2)),VALUE(MID(N11,4,2)),VALUE(LEFT(N11,2))),"")))))
A12: =IFERROR(INDEX('Master Stock'!$C$2:$C$100,MATCH(ROWS($A$9:A12),'Master Stock'!$N$2:$N$100,0)),"") | B12: =IFERROR(INDEX('Master Stock'!$D$2:$D$100,MATCH(ROWS($A$9:A12),'Master Stock'!$N$2:$N$100,0)),"") | C12: =IFERROR(INDEX('Master Stock'!$B$2:$B$100,MATCH(ROWS($A$9:A12),'Master Stock'!$N$2:$N$100,0)),"") | D12: =IFERROR(INDEX('Master Stock'!$J$2:$J$100,MATCH(ROWS($A$9:A12),'Master Stock'!$N$2:$N$100,0)),"") | E12: =IF(D12="","",MAX(0,TODAY()-(IF(ISNUMBER(D12),D12,IFERROR(DATE(2000+VALUE(RIGHT(D12,2)),VALUE(MID(D12,4,2)),VALUE(LEFT(D12,2))),""))))) | G12: =IFERROR(INDEX('Master Stock'!$C$2:$C$100,MATCH(ROWS($G$9:G12),'Master Stock'!$P$2:$P$100,0)),"") | H12: =IFERROR(INDEX('Master Stock'!$D$2:$D$100,MATCH(ROWS($G$9:G12),'Master Stock'!$P$2:$P$100,0)),"") | I12: =IFERROR(INDEX('Master Stock'!$J$2:$J$100,MATCH(ROWS($G$9:G12),'Master Stock'!$P$2:$P$100,0)),"") | J12: =IF(I12="","",MAX(0,TODAY()-(IF(ISNUMBER(I12),I12,IFERROR(DATE(2000+VALUE(RIGHT(I12,2)),VALUE(MID(I12,4,2)),VALUE(LEFT(I12,2))),""))))) | L12: =IFERROR(INDEX('Master Stock'!$C$2:$C$100,AGGREGATE(15,6,(ROW('Master Stock'!$C$2:$C$100)-ROW('Master Stock'!$C$2)+1)/(('Master Stock'!$H$2:$H$100="OCCUPIED")*('Master Stock'!$J$2:$J$100<>"")*('Master Stock'!$K$2:$K$100="")*('Master Stock'!$J$2:$J$100<TODAY()-30)),4)),"") | M12: =IFERROR(INDEX('Master Stock'!$D$2:$D$100,AGGREGATE(15,6,(ROW('Master Stock'!$C$2:$C$100)-ROW('Master Stock'!$C$2)+1)/(('Master Stock'!$H$2:$H$100="OCCUPIED")*('Master Stock'!$J$2:$J$100<>"")*('Master Stock'!$K$2:$K$100="")*('Master Stock'!$J$2:$J$100<TODAY()-30)),4)),"") | N12: =IFERROR(INDEX('Master Stock'!$J$2:$J$100,AGGREGATE(15,6,(ROW('Master Stock'!$C$2:$C$100)-ROW('Master Stock'!$C$2)+1)/(('Master Stock'!$H$2:$H$100="OCCUPIED")*('Master Stock'!$J$2:$J$100<>"")*('Master Stock'!$K$2:$K$100="")*('Master Stock'!$J$2:$J$100<TODAY()-30)),4)),"") | O12: =IF(N12="","",MAX(0,TODAY()-(IF(ISNUMBER(N12),N12,IFERROR(DATE(2000+VALUE(RIGHT(N12,2)),VALUE(MID(N12,4,2)),VALUE(LEFT(N12,2))),"")))))
A13: =IFERROR(INDEX('Master Stock'!$C$2:$C$100,MATCH(ROWS($A$9:A13),'Master Stock'!$N$2:$N$100,0)),"") | B13: =IFERROR(INDEX('Master Stock'!$D$2:$D$100,MATCH(ROWS($A$9:A13),'Master Stock'!$N$2:$N$100,0)),"") | C13: =IFERROR(INDEX('Master Stock'!$B$2:$B$100,MATCH(ROWS($A$9:A13),'Master Stock'!$N$2:$N$100,0)),"") | D13: =IFERROR(INDEX('Master Stock'!$J$2:$J$100,MATCH(ROWS($A$9:A13),'Master Stock'!$N$2:$N$100,0)),"") | E13: =IF(D13="","",MAX(0,TODAY()-(IF(ISNUMBER(D13),D13,IFERROR(DATE(2000+VALUE(RIGHT(D13,2)),VALUE(MID(D13,4,2)),VALUE(LEFT(D13,2))),""))))) | G13: =IFERROR(INDEX('Master Stock'!$C$2:$C$100,MATCH(ROWS($G$9:G13),'Master Stock'!$P$2:$P$100,0)),"") | H13: =IFERROR(INDEX('Master Stock'!$D$2:$D$100,MATCH(ROWS($G$9:G13),'Master Stock'!$P$2:$P$100,0)),"") | I13: =IFERROR(INDEX('Master Stock'!$J$2:$J$100,MATCH(ROWS($G$9:G13),'Master Stock'!$P$2:$P$100,0)),"") | J13: =IF(I13="","",MAX(0,TODAY()-(IF(ISNUMBER(I13),I13,IFERROR(DATE(2000+VALUE(RIGHT(I13,2)),VALUE(MID(I13,4,2)),VALUE(LEFT(I13,2))),""))))) | L13: =IFERROR(INDEX('Master Stock'!$C$2:$C$100,AGGREGATE(15,6,(ROW('Master Stock'!$C$2:$C$100)-ROW('Master Stock'!$C$2)+1)/(('Master Stock'!$H$2:$H$100="OCCUPIED")*('Master Stock'!$J$2:$J$100<>"")*('Master Stock'!$K$2:$K$100="")*('Master Stock'!$J$2:$J$100<TODAY()-30)),5)),"") | M13: =IFERROR(INDEX('Master Stock'!$D$2:$D$100,AGGREGATE(15,6,(ROW('Master Stock'!$C$2:$C$100)-ROW('Master Stock'!$C$2)+1)/(('Master Stock'!$H$2:$H$100="OCCUPIED")*('Master Stock'!$J$2:$J$100<>"")*('Master Stock'!$K$2:$K$100="")*('Master Stock'!$J$2:$J$100<TODAY()-30)),5)),"") | N13: =IFERROR(INDEX('Master Stock'!$J$2:$J$100,AGGREGATE(15,6,(ROW('Master Stock'!$C$2:$C$100)-ROW('Master Stock'!$C$2)+1)/(('Master Stock'!$H$2:$H$100="OCCUPIED")*('Master Stock'!$J$2:$J$100<>"")*('Master Stock'!$K$2:$K$100="")*('Master Stock'!$J$2:$J$100<TODAY()-30)),5)),"") | O13: =IF(N13="","",MAX(0,TODAY()-(IF(ISNUMBER(N13),N13,IFERROR(DATE(2000+VALUE(RIGHT(N13,2)),VALUE(MID(N13,4,2)),VALUE(LEFT(N13,2))),"")))))
A14: =IFERROR(INDEX('Master Stock'!$C$2:$C$100,MATCH(ROWS($A$9:A14),'Master Stock'!$N$2:$N$100,0)),"") | B14: =IFERROR(INDEX('Master Stock'!$D$2:$D$100,MATCH(ROWS($A$9:A14),'Master Stock'!$N$2:$N$100,0)),"") | C14: =IFERROR(INDEX('Master Stock'!$B$2:$B$100,MATCH(ROWS($A$9:A14),'Master Stock'!$N$2:$N$100,0)),"") | D14: =IFERROR(INDEX('Master Stock'!$J$2:$J$100,MATCH(ROWS($A$9:A14),'Master Stock'!$N$2:$N$100,0)),"") | E14: =IF(D14="","",MAX(0,TODAY()-(IF(ISNUMBER(D14),D14,IFERROR(DATE(2000+VALUE(RIGHT(D14,2)),VALUE(MID(D14,4,2)),VALUE(LEFT(D14,2))),""))))) | G14: =IFERROR(INDEX('Master Stock'!$C$2:$C$100,MATCH(ROWS($G$9:G14),'Master Stock'!$P$2:$P$100,0)),"") | H14: =IFERROR(INDEX('Master Stock'!$D$2:$D$100,MATCH(ROWS($G$9:G14),'Master Stock'!$P$2:$P$100,0)),"") | I14: =IFERROR(INDEX('Master Stock'!$J$2:$J$100,MATCH(ROWS($G$9:G14),'Master Stock'!$P$2:$P$100,0)),"") | J14: =IF(I14="","",MAX(0,TODAY()-(IF(ISNUMBER(I14),I14,IFERROR(DATE(2000+VALUE(RIGHT(I14,2)),VALUE(MID(I14,4,2)),VALUE(LEFT(I14,2))),""))))) | L14: =IFERROR(INDEX('Master Stock'!$C$2:$C$100,AGGREGATE(15,6,(ROW('Master Stock'!$C$2:$C$100)-ROW('Master Stock'!$C$2)+1)/(('Master Stock'!$H$2:$H$100="OCCUPIED")*('Master Stock'!$J$2:$J$100<>"")*('Master Stock'!$K$2:$K$100="")*('Master Stock'!$J$2:$J$100<TODAY()-30)),6)),"") | M14: =IFERROR(INDEX('Master Stock'!$D$2:$D$100,AGGREGATE(15,6,(ROW('Master Stock'!$C$2:$C$100)-ROW('Master Stock'!$C$2)+1)/(('Master Stock'!$H$2:$H$100="OCCUPIED")*('Master Stock'!$J$2:$J$100<>"")*('Master Stock'!$K$2:$K$100="")*('Master Stock'!$J$2:$J$100<TODAY()-30)),6)),"") | N14: =IFERROR(INDEX('Master Stock'!$J$2:$J$100,AGGREGATE(15,6,(ROW('Master Stock'!$C$2:$C$100)-ROW('Master Stock'!$C$2)+1)/(('Master Stock'!$H$2:$H$100="OCCUPIED")*('Master Stock'!$J$2:$J$100<>"")*('Master Stock'!$K$2:$K$100="")*('Master Stock'!$J$2:$J$100<TODAY()-30)),6)),"") | O14: =IF(N14="","",MAX(0,TODAY()-(IF(ISNUMBER(N14),N14,IFERROR(DATE(2000+VALUE(RIGHT(N14,2)),VALUE(MID(N14,4,2)),VALUE(LEFT(N14,2))),"")))))
A15: =IFERROR(INDEX('Master Stock'!$C$2:$C$100,MATCH(ROWS($A$9:A15),'Master Stock'!$N$2:$N$100,0)),"") | B15: =IFERROR(INDEX('Master Stock'!$D$2:$D$100,MATCH(ROWS($A$9:A15),'Master Stock'!$N$2:$N$100,0)),"") | C15: =IFERROR(INDEX('Master Stock'!$B$2:$B$100,MATCH(ROWS($A$9:A15),'Master Stock'!$N$2:$N$100,0)),"") | D15: =IFERROR(INDEX('Master Stock'!$J$2:$J$100,MATCH(ROWS($A$9:A15),'Master Stock'!$N$2:$N$100,0)),"") | E15: =IF(D15="","",MAX(0,TODAY()-(IF(ISNUMBER(D15),D15,IFERROR(DATE(2000+VALUE(RIGHT(D15,2)),VALUE(MID(D15,4,2)),VALUE(LEFT(D15,2))),""))))) | G15: =IFERROR(INDEX('Master Stock'!$C$2:$C$100,MATCH(ROWS($G$9:G15),'Master Stock'!$P$2:$P$100,0)),"") | H15: =IFERROR(INDEX('Master Stock'!$D$2:$D$100,MATCH(ROWS($G$9:G15),'Master Stock'!$P$2:$P$100,0)),"") | I15: =IFERROR(INDEX('Master Stock'!$J$2:$J$100,MATCH(ROWS($G$9:G15),'Master Stock'!$P$2:$P$100,0)),"") | J15: =IF(I15="","",MAX(0,TODAY()-(IF(ISNUMBER(I15),I15,IFERROR(DATE(2000+VALUE(RIGHT(I15,2)),VALUE(MID(I15,4,2)),VALUE(LEFT(I15,2))),""))))) | L15: =IFERROR(INDEX('Master Stock'!$C$2:$C$100,AGGREGATE(15,6,(ROW('Master Stock'!$C$2:$C$100)-ROW('Master Stock'!$C$2)+1)/(('Master Stock'!$H$2:$H$100="OCCUPIED")*('Master Stock'!$J$2:$J$100<>"")*('Master Stock'!$K$2:$K$100="")*('Master Stock'!$J$2:$J$100<TODAY()-30)),7)),"") | M15: =IFERROR(INDEX('Master Stock'!$D$2:$D$100,AGGREGATE(15,6,(ROW('Master Stock'!$C$2:$C$100)-ROW('Master Stock'!$C$2)+1)/(('Master Stock'!$H$2:$H$100="OCCUPIED")*('Master Stock'!$J$2:$J$100<>"")*('Master Stock'!$K$2:$K$100="")*('Master Stock'!$J$2:$J$100<TODAY()-30)),7)),"") | N15: =IFERROR(INDEX('Master Stock'!$J$2:$J$100,AGGREGATE(15,6,(ROW('Master Stock'!$C$2:$C$100)-ROW('Master Stock'!$C$2)+1)/(('Master Stock'!$H$2:$H$100="OCCUPIED")*('Master Stock'!$J$2:$J$100<>"")*('Master Stock'!$K$2:$K$100="")*('Master Stock'!$J$2:$J$100<TODAY()-30)),7)),"") | O15: =IF(N15="","",MAX(0,TODAY()-(IF(ISNUMBER(N15),N15,IFERROR(DATE(2000+VALUE(RIGHT(N15,2)),VALUE(MID(N15,4,2)),VALUE(LEFT(N15,2))),"")))))
A16: =IFERROR(INDEX('Master Stock'!$C$2:$C$100,MATCH(ROWS($A$9:A16),'Master Stock'!$N$2:$N$100,0)),"") | B16: =IFERROR(INDEX('Master Stock'!$D$2:$D$100,MATCH(ROWS($A$9:A16),'Master Stock'!$N$2:$N$100,0)),"") | C16: =IFERROR(INDEX('Master Stock'!$B$2:$B$100,MATCH(ROWS($A$9:A16),'Master Stock'!$N$2:$N$100,0)),"") | D16: =IFERROR(INDEX('Master Stock'!$J$2:$J$100,MATCH(ROWS($A$9:A16),'Master Stock'!$N$2:$N$100,0)),"") | E16: =IF(D16="","",MAX(0,TODAY()-(IF(ISNUMBER(D16),D16,IFERROR(DATE(2000+VALUE(RIGHT(D16,2)),VALUE(MID(D16,4,2)),VALUE(LEFT(D16,2))),""))))) | G16: =IFERROR(INDEX('Master Stock'!$C$2:$C$100,MATCH(ROWS($G$9:G16),'Master Stock'!$P$2:$P$100,0)),"") | H16: =IFERROR(INDEX('Master Stock'!$D$2:$D$100,MATCH(ROWS($G$9:G16),'Master Stock'!$P$2:$P$100,0)),"") | I16: =IFERROR(INDEX('Master Stock'!$J$2:$J$100,MATCH(ROWS($G$9:G16),'Master Stock'!$P$2:$P$100,0)),"") | J16: =IF(I16="","",MAX(0,TODAY()-(IF(ISNUMBER(I16),I16,IFERROR(DATE(2000+VALUE(RIGHT(I16,2)),VALUE(MID(I16,4,2)),VALUE(LEFT(I16,2))),""))))) | L16: =IFERROR(INDEX('Master Stock'!$C$2:$C$100,AGGREGATE(15,6,(ROW('Master Stock'!$C$2:$C$100)-ROW('Master Stock'!$C$2)+1)/(('Master Stock'!$H$2:$H$100="OCCUPIED")*('Master Stock'!$J$2:$J$100<>"")*('Master Stock'!$K$2:$K$100="")*('Master Stock'!$J$2:$J$100<TODAY()-30)),8)),"") | M16: =IFERROR(INDEX('Master Stock'!$D$2:$D$100,AGGREGATE(15,6,(ROW('Master Stock'!$C$2:$C$100)-ROW('Master Stock'!$C$2)+1)/(('Master Stock'!$H$2:$H$100="OCCUPIED")*('Master Stock'!$J$2:$J$100<>"")*('Master Stock'!$K$2:$K$100="")*('Master Stock'!$J$2:$J$100<TODAY()-30)),8)),"") | N16: =IFERROR(INDEX('Master Stock'!$J$2:$J$100,AGGREGATE(15,6,(ROW('Master Stock'!$C$2:$C$100)-ROW('Master Stock'!$C$2)+1)/(('Master Stock'!$H$2:$H$100="OCCUPIED")*('Master Stock'!$J$2:$J$100<>"")*('Master Stock'!$K$2:$K$100="")*('Master Stock'!$J$2:$J$100<TODAY()-30)),8)),"") | O16: =IF(N16="","",MAX(0,TODAY()-(IF(ISNUMBER(N16),N16,IFERROR(DATE(2000+VALUE(RIGHT(N16,2)),VALUE(MID(N16,4,2)),VALUE(LEFT(N16,2))),"")))))
A17: =IFERROR(INDEX('Master Stock'!$C$2:$C$100,MATCH(ROWS($A$9:A17),'Master Stock'!$N$2:$N$100,0)),"") | B17: =IFERROR(INDEX('Master Stock'!$D$2:$D$100,MATCH(ROWS($A$9:A17),'Master Stock'!$N$2:$N$100,0)),"") | C17: =IFERROR(INDEX('Master Stock'!$B$2:$B$100,MATCH(ROWS($A$9:A17),'Master Stock'!$N$2:$N$100,0)),"") | D17: =IFERROR(INDEX('Master Stock'!$J$2:$J$100,MATCH(ROWS($A$9:A17),'Master Stock'!$N$2:$N$100,0)),"") | E17: =IF(D17="","",MAX(0,TODAY()-(IF(ISNUMBER(D17),D17,IFERROR(DATE(2000+VALUE(RIGHT(D17,2)),VALUE(MID(D17,4,2)),VALUE(LEFT(D17,2))),""))))) | G17: =IFERROR(INDEX('Master Stock'!$C$2:$C$100,MATCH(ROWS($G$9:G17),'Master Stock'!$P$2:$P$100,0)),"") | H17: =IFERROR(INDEX('Master Stock'!$D$2:$D$100,MATCH(ROWS($G$9:G17),'Master Stock'!$P$2:$P$100,0)),"") | I17: =IFERROR(INDEX('Master Stock'!$J$2:$J$100,MATCH(ROWS($G$9:G17),'Master Stock'!$P$2:$P$100,0)),"") | J17: =IF(I17="","",MAX(0,TODAY()-(IF(ISNUMBER(I17),I17,IFERROR(DATE(2000+VALUE(RIGHT(I17,2)),VALUE(MID(I17,4,2)),VALUE(LEFT(I17,2))),""))))) | L17: =IFERROR(INDEX('Master Stock'!$C$2:$C$100,AGGREGATE(15,6,(ROW('Master Stock'!$C$2:$C$100)-ROW('Master Stock'!$C$2)+1)/(('Master Stock'!$H$2:$H$100="OCCUPIED")*('Master Stock'!$J$2:$J$100<>"")*('Master Stock'!$K$2:$K$100="")*('Master Stock'!$J$2:$J$100<TODAY()-30)),9)),"") | M17: =IFERROR(INDEX('Master Stock'!$D$2:$D$100,AGGREGATE(15,6,(ROW('Master Stock'!$C$2:$C$100)-ROW('Master Stock'!$C$2)+1)/(('Master Stock'!$H$2:$H$100="OCCUPIED")*('Master Stock'!$J$2:$J$100<>"")*('Master Stock'!$K$2:$K$100="")*('Master Stock'!$J$2:$J$100<TODAY()-30)),9)),"") | N17: =IFERROR(INDEX('Master Stock'!$J$2:$J$100,AGGREGATE(15,6,(ROW('Master Stock'!$C$2:$C$100)-ROW('Master Stock'!$C$2)+1)/(('Master Stock'!$H$2:$H$100="OCCUPIED")*('Master Stock'!$J$2:$J$100<>"")*('Master Stock'!$K$2:$K$100="")*('Master Stock'!$J$2:$J$100<TODAY()-30)),9)),"") | O17: =IF(N17="","",MAX(0,TODAY()-(IF(ISNUMBER(N17),N17,IFERROR(DATE(2000+VALUE(RIGHT(N17,2)),VALUE(MID(N17,4,2)),VALUE(LEFT(N17,2))),"")))))
A18: =IFERROR(INDEX('Master Stock'!$C$2:$C$100,MATCH(ROWS($A$9:A18),'Master Stock'!$N$2:$N$100,0)),"") | B18: =IFERROR(INDEX('Master Stock'!$D$2:$D$100,MATCH(ROWS($A$9:A18),'Master Stock'!$N$2:$N$100,0)),"") | C18: =IFERROR(INDEX('Master Stock'!$B$2:$B$100,MATCH(ROWS($A$9:A18),'Master Stock'!$N$2:$N$100,0)),"") | D18: =IFERROR(INDEX('Master Stock'!$J$2:$J$100,MATCH(ROWS($A$9:A18),'Master Stock'!$N$2:$N$100,0)),"") | E18: =IF(D18="","",MAX(0,TODAY()-(IF(ISNUMBER(D18),D18,IFERROR(DATE(2000+VALUE(RIGHT(D18,2)),VALUE(MID(D18,4,2)),VALUE(LEFT(D18,2))),""))))) | G18: =IFERROR(INDEX('Master Stock'!$C$2:$C$100,MATCH(ROWS($G$9:G18),'Master Stock'!$P$2:$P$100,0)),"") | H18: =IFERROR(INDEX('Master Stock'!$D$2:$D$100,MATCH(ROWS($G$9:G18),'Master Stock'!$P$2:$P$100,0)),"") | I18: =IFERROR(INDEX('Master Stock'!$J$2:$J$100,MATCH(ROWS($G$9:G18),'Master Stock'!$P$2:$P$100,0)),"") | J18: =IF(I18="","",MAX(0,TODAY()-(IF(ISNUMBER(I18),I18,IFERROR(DATE(2000+VALUE(RIGHT(I18,2)),VALUE(MID(I18,4,2)),VALUE(LEFT(I18,2))),""))))) | L18: =IFERROR(INDEX('Master Stock'!$C$2:$C$100,AGGREGATE(15,6,(ROW('Master Stock'!$C$2:$C$100)-ROW('Master Stock'!$C$2)+1)/(('Master Stock'!$H$2:$H$100="OCCUPIED")*('Master Stock'!$J$2:$J$100<>"")*('Master Stock'!$K$2:$K$100="")*('Master Stock'!$J$2:$J$100<TODAY()-30)),10)),"") | M18: =IFERROR(INDEX('Master Stock'!$D$2:$D$100,AGGREGATE(15,6,(ROW('Master Stock'!$C$2:$C$100)-ROW('Master Stock'!$C$2)+1)/(('Master Stock'!$H$2:$H$100="OCCUPIED")*('Master Stock'!$J$2:$J$100<>"")*('Master Stock'!$K$2:$K$100="")*('Master Stock'!$J$2:$J$100<TODAY()-30)),10)),"") | N18: =IFERROR(INDEX('Master Stock'!$J$2:$J$100,AGGREGATE(15,6,(ROW('Master Stock'!$C$2:$C$100)-ROW('Master Stock'!$C$2)+1)/(('Master Stock'!$H$2:$H$100="OCCUPIED")*('Master Stock'!$J$2:$J$100<>"")*('Master Stock'!$K$2:$K$100="")*('Master Stock'!$J$2:$J$100<TODAY()-30)),10)),"") | O18: =IF(N18="","",MAX(0,TODAY()-(IF(ISNUMBER(N18),N18,IFERROR(DATE(2000+VALUE(RIGHT(N18,2)),VALUE(MID(N18,4,2)),VALUE(LEFT(N18,2))),"")))))
A19: =IFERROR(INDEX('Master Stock'!$C$2:$C$100,MATCH(ROWS($A$9:A19),'Master Stock'!$N$2:$N$100,0)),"") | B19: =IFERROR(INDEX('Master Stock'!$D$2:$D$100,MATCH(ROWS($A$9:A19),'Master Stock'!$N$2:$N$100,0)),"") | C19: =IFERROR(INDEX('Master Stock'!$B$2:$B$100,MATCH(ROWS($A$9:A19),'Master Stock'!$N$2:$N$100,0)),"") | D19: =IFERROR(INDEX('Master Stock'!$J$2:$J$100,MATCH(ROWS($A$9:A19),'Master Stock'!$N$2:$N$100,0)),"") | E19: =IF(D19="","",MAX(0,TODAY()-(IF(ISNUMBER(D19),D19,IFERROR(DATE(2000+VALUE(RIGHT(D19,2)),VALUE(MID(D19,4,2)),VALUE(LEFT(D19,2))),""))))) | G19: =IFERROR(INDEX('Master Stock'!$C$2:$C$100,MATCH(ROWS($G$9:G19),'Master Stock'!$P$2:$P$100,0)),"") | H19: =IFERROR(INDEX('Master Stock'!$D$2:$D$100,MATCH(ROWS($G$9:G19),'Master Stock'!$P$2:$P$100,0)),"") | I19: =IFERROR(INDEX('Master Stock'!$J$2:$J$100,MATCH(ROWS($G$9:G19),'Master Stock'!$P$2:$P$100,0)),"") | J19: =IF(I19="","",MAX(0,TODAY()-(IF(ISNUMBER(I19),I19,IFERROR(DATE(2000+VALUE(RIGHT(I19,2)),VALUE(MID(I19,4,2)),VALUE(LEFT(I19,2))),""))))) | L19: =IFERROR(INDEX('Master Stock'!$C$2:$C$100,AGGREGATE(15,6,(ROW('Master Stock'!$C$2:$C$100)-ROW('Master Stock'!$C$2)+1)/(('Master Stock'!$H$2:$H$100="OCCUPIED")*('Master Stock'!$J$2:$J$100<>"")*('Master Stock'!$K$2:$K$100="")*('Master Stock'!$J$2:$J$100<TODAY()-30)),11)),"") | M19: =IFERROR(INDEX('Master Stock'!$D$2:$D$100,AGGREGATE(15,6,(ROW('Master Stock'!$C$2:$C$100)-ROW('Master Stock'!$C$2)+1)/(('Master Stock'!$H$2:$H$100="OCCUPIED")*('Master Stock'!$J$2:$J$100<>"")*('Master Stock'!$K$2:$K$100="")*('Master Stock'!$J$2:$J$100<TODAY()-30)),11)),"") | N19: =IFERROR(INDEX('Master Stock'!$J$2:$J$100,AGGREGATE(15,6,(ROW('Master Stock'!$C$2:$C$100)-ROW('Master Stock'!$C$2)+1)/(('Master Stock'!$H$2:$H$100="OCCUPIED")*('Master Stock'!$J$2:$J$100<>"")*('Master Stock'!$K$2:$K$100="")*('Master Stock'!$J$2:$J$100<TODAY()-30)),11)),"") | O19: =IF(N19="","",MAX(0,TODAY()-(IF(ISNUMBER(N19),N19,IFERROR(DATE(2000+VALUE(RIGHT(N19,2)),VALUE(MID(N19,4,2)),VALUE(LEFT(N19,2))),"")))))
A20: =IFERROR(INDEX('Master Stock'!$C$2:$C$100,MATCH(ROWS($A$9:A20),'Master Stock'!$N$2:$N$100,0)),"") | B20: =IFERROR(INDEX('Master Stock'!$D$2:$D$100,MATCH(ROWS($A$9:A20),'Master Stock'!$N$2:$N$100,0)),"") | C20: =IFERROR(INDEX('Master Stock'!$B$2:$B$100,MATCH(ROWS($A$9:A20),'Master Stock'!$N$2:$N$100,0)),"") | D20: =IFERROR(INDEX('Master Stock'!$J$2:$J$100,MATCH(ROWS($A$9:A20),'Master Stock'!$N$2:$N$100,0)),"") | E20: =IF(D20="","",MAX(0,TODAY()-(IF(ISNUMBER(D20),D20,IFERROR(DATE(2000+VALUE(RIGHT(D20,2)),VALUE(MID(D20,4,2)),VALUE(LEFT(D20,2))),""))))) | G20: =IFERROR(INDEX('Master Stock'!$C$2:$C$100,MATCH(ROWS($G$9:G20),'Master Stock'!$P$2:$P$100,0)),"") | H20: =IFERROR(INDEX('Master Stock'!$D$2:$D$100,MATCH(ROWS($G$9:G20),'Master Stock'!$P$2:$P$100,0)),"") | I20: =IFERROR(INDEX('Master Stock'!$J$2:$J$100,MATCH(ROWS($G$9:G20),'Master Stock'!$P$2:$P$100,0)),"") | J20: =IF(I20="","",MAX(0,TODAY()-(IF(ISNUMBER(I20),I20,IFERROR(DATE(2000+VALUE(RIGHT(I20,2)),VALUE(MID(I20,4,2)),VALUE(LEFT(I20,2))),""))))) | L20: =IFERROR(INDEX('Master Stock'!$C$2:$C$100,AGGREGATE(15,6,(ROW('Master Stock'!$C$2:$C$100)-ROW('Master Stock'!$C$2)+1)/(('Master Stock'!$H$2:$H$100="OCCUPIED")*('Master Stock'!$J$2:$J$100<>"")*('Master Stock'!$K$2:$K$100="")*('Master Stock'!$J$2:$J$100<TODAY()-30)),12)),"") | M20: =IFERROR(INDEX('Master Stock'!$D$2:$D$100,AGGREGATE(15,6,(ROW('Master Stock'!$C$2:$C$100)-ROW('Master Stock'!$C$2)+1)/(('Master Stock'!$H$2:$H$100="OCCUPIED")*('Master Stock'!$J$2:$J$100<>"")*('Master Stock'!$K$2:$K$100="")*('Master Stock'!$J$2:$J$100<TODAY()-30)),12)),"") | N20: =IFERROR(INDEX('Master Stock'!$J$2:$J$100,AGGREGATE(15,6,(ROW('Master Stock'!$C$2:$C$100)-ROW('Master Stock'!$C$2)+1)/(('Master Stock'!$H$2:$H$100="OCCUPIED")*('Master Stock'!$J$2:$J$100<>"")*('Master Stock'!$K$2:$K$100="")*('Master Stock'!$J$2:$J$100<TODAY()-30)),12)),"") | O20: =IF(N20="","",MAX(0,TODAY()-(IF(ISNUMBER(N20),N20,IFERROR(DATE(2000+VALUE(RIGHT(N20,2)),VALUE(MID(N20,4,2)),VALUE(LEFT(N20,2))),"")))))
A21: =IFERROR(INDEX('Master Stock'!$C$2:$C$100,MATCH(ROWS($A$9:A21),'Master Stock'!$N$2:$N$100,0)),"") | B21: =IFERROR(INDEX('Master Stock'!$D$2:$D$100,MATCH(ROWS($A$9:A21),'Master Stock'!$N$2:$N$100,0)),"") | C21: =IFERROR(INDEX('Master Stock'!$B$2:$B$100,MATCH(ROWS($A$9:A21),'Master Stock'!$N$2:$N$100,0)),"") | D21: =IFERROR(INDEX('Master Stock'!$J$2:$J$100,MATCH(ROWS($A$9:A21),'Master Stock'!$N$2:$N$100,0)),"") | E21: =IF(D21="","",MAX(0,TODAY()-(IF(ISNUMBER(D21),D21,IFERROR(DATE(2000+VALUE(RIGHT(D21,2)),VALUE(MID(D21,4,2)),VALUE(LEFT(D21,2))),""))))) | G21: =IFERROR(INDEX('Master Stock'!$C$2:$C$100,MATCH(ROWS($G$9:G21),'Master Stock'!$P$2:$P$100,0)),"") | H21: =IFERROR(INDEX('Master Stock'!$D$2:$D$100,MATCH(ROWS($G$9:G21),'Master Stock'!$P$2:$P$100,0)),"") | I21: =IFERROR(INDEX('Master Stock'!$J$2:$J$100,MATCH(ROWS($G$9:G21),'Master Stock'!$P$2:$P$100,0)),"") | J21: =IF(I21="","",MAX(0,TODAY()-(IF(ISNUMBER(I21),I21,IFERROR(DATE(2000+VALUE(RIGHT(I21,2)),VALUE(MID(I21,4,2)),VALUE(LEFT(I21,2))),""))))) | L21: =IFERROR(INDEX('Master Stock'!$C$2:$C$100,AGGREGATE(15,6,(ROW('Master Stock'!$C$2:$C$100)-ROW('Master Stock'!$C$2)+1)/(('Master Stock'!$H$2:$H$100="OCCUPIED")*('Master Stock'!$J$2:$J$100<>"")*('Master Stock'!$K$2:$K$100="")*('Master Stock'!$J$2:$J$100<TODAY()-30)),13)),"") | M21: =IFERROR(INDEX('Master Stock'!$D$2:$D$100,AGGREGATE(15,6,(ROW('Master Stock'!$C$2:$C$100)-ROW('Master Stock'!$C$2)+1)/(('Master Stock'!$H$2:$H$100="OCCUPIED")*('Master Stock'!$J$2:$J$100<>"")*('Master Stock'!$K$2:$K$100="")*('Master Stock'!$J$2:$J$100<TODAY()-30)),13)),"") | N21: =IFERROR(INDEX('Master Stock'!$J$2:$J$100,AGGREGATE(15,6,(ROW('Master Stock'!$C$2:$C$100)-ROW('Master Stock'!$C$2)+1)/(('Master Stock'!$H$2:$H$100="OCCUPIED")*('Master Stock'!$J$2:$J$100<>"")*('Master Stock'!$K$2:$K$100="")*('Master Stock'!$J$2:$J$100<TODAY()-30)),13)),"") | O21: =IF(N21="","",MAX(0,TODAY()-(IF(ISNUMBER(N21),N21,IFERROR(DATE(2000+VALUE(RIGHT(N21,2)),VALUE(MID(N21,4,2)),VALUE(LEFT(N21,2))),"")))))
A22: =IFERROR(INDEX('Master Stock'!$C$2:$C$100,MATCH(ROWS($A$9:A22),'Master Stock'!$N$2:$N$100,0)),"") | B22: =IFERROR(INDEX('Master Stock'!$D$2:$D$100,MATCH(ROWS($A$9:A22),'Master Stock'!$N$2:$N$100,0)),"") | C22: =IFERROR(INDEX('Master Stock'!$B$2:$B$100,MATCH(ROWS($A$9:A22),'Master Stock'!$N$2:$N$100,0)),"") | D22: =IFERROR(INDEX('Master Stock'!$J$2:$J$100,MATCH(ROWS($A$9:A22),'Master Stock'!$N$2:$N$100,0)),"") | E22: =IF(D22="","",MAX(0,TODAY()-(IF(ISNUMBER(D22),D22,IFERROR(DATE(2000+VALUE(RIGHT(D22,2)),VALUE(MID(D22,4,2)),VALUE(LEFT(D22,2))),""))))) | G22: =IFERROR(INDEX('Master Stock'!$C$2:$C$100,MATCH(ROWS($G$9:G22),'Master Stock'!$P$2:$P$100,0)),"") | H22: =IFERROR(INDEX('Master Stock'!$D$2:$D$100,MATCH(ROWS($G$9:G22),'Master Stock'!$P$2:$P$100,0)),"") | I22: =IFERROR(INDEX('Master Stock'!$J$2:$J$100,MATCH(ROWS($G$9:G22),'Master Stock'!$P$2:$P$100,0)),"") | J22: =IF(I22="","",MAX(0,TODAY()-(IF(ISNUMBER(I22),I22,IFERROR(DATE(2000+VALUE(RIGHT(I22,2)),VALUE(MID(I22,4,2)),VALUE(LEFT(I22,2))),""))))) | L22: =IFERROR(INDEX('Master Stock'!$C$2:$C$100,AGGREGATE(15,6,(ROW('Master Stock'!$C$2:$C$100)-ROW('Master Stock'!$C$2)+1)/(('Master Stock'!$H$2:$H$100="OCCUPIED")*('Master Stock'!$J$2:$J$100<>"")*('Master Stock'!$K$2:$K$100="")*('Master Stock'!$J$2:$J$100<TODAY()-30)),14)),"") | M22: =IFERROR(INDEX('Master Stock'!$D$2:$D$100,AGGREGATE(15,6,(ROW('Master Stock'!$C$2:$C$100)-ROW('Master Stock'!$C$2)+1)/(('Master Stock'!$H$2:$H$100="OCCUPIED")*('Master Stock'!$J$2:$J$100<>"")*('Master Stock'!$K$2:$K$100="")*('Master Stock'!$J$2:$J$100<TODAY()-30)),14)),"") | N22: =IFERROR(INDEX('Master Stock'!$J$2:$J$100,AGGREGATE(15,6,(ROW('Master Stock'!$C$2:$C$100)-ROW('Master Stock'!$C$2)+1)/(('Master Stock'!$H$2:$H$100="OCCUPIED")*('Master Stock'!$J$2:$J$100<>"")*('Master Stock'!$K$2:$K$100="")*('Master Stock'!$J$2:$J$100<TODAY()-30)),14)),"") | O22: =IF(N22="","",MAX(0,TODAY()-(IF(ISNUMBER(N22),N22,IFERROR(DATE(2000+VALUE(RIGHT(N22,2)),VALUE(MID(N22,4,2)),VALUE(LEFT(N22,2))),"")))))
A23: =IFERROR(INDEX('Master Stock'!$C$2:$C$100,MATCH(ROWS($A$9:A23),'Master Stock'!$N$2:$N$100,0)),"") | B23: =IFERROR(INDEX('Master Stock'!$D$2:$D$100,MATCH(ROWS($A$9:A23),'Master Stock'!$N$2:$N$100,0)),"") | C23: =IFERROR(INDEX('Master Stock'!$B$2:$B$100,MATCH(ROWS($A$9:A23),'Master Stock'!$N$2:$N$100,0)),"") | D23: =IFERROR(INDEX('Master Stock'!$J$2:$J$100,MATCH(ROWS($A$9:A23),'Master Stock'!$N$2:$N$100,0)),"") | E23: =IF(D23="","",MAX(0,TODAY()-(IF(ISNUMBER(D23),D23,IFERROR(DATE(2000+VALUE(RIGHT(D23,2)),VALUE(MID(D23,4,2)),VALUE(LEFT(D23,2))),""))))) | G23: =IFERROR(INDEX('Master Stock'!$C$2:$C$100,MATCH(ROWS($G$9:G23),'Master Stock'!$P$2:$P$100,0)),"") | H23: =IFERROR(INDEX('Master Stock'!$D$2:$D$100,MATCH(ROWS($G$9:G23),'Master Stock'!$P$2:$P$100,0)),"") | I23: =IFERROR(INDEX('Master Stock'!$J$2:$J$100,MATCH(ROWS($G$9:G23),'Master Stock'!$P$2:$P$100,0)),"") | J23: =IF(I23="","",MAX(0,TODAY()-(IF(ISNUMBER(I23),I23,IFERROR(DATE(2000+VALUE(RIGHT(I23,2)),VALUE(MID(I23,4,2)),VALUE(LEFT(I23,2))),""))))) | L23: =IFERROR(INDEX('Master Stock'!$C$2:$C$100,AGGREGATE(15,6,(ROW('Master Stock'!$C$2:$C$100)-ROW('Master Stock'!$C$2)+1)/(('Master Stock'!$H$2:$H$100="OCCUPIED")*('Master Stock'!$J$2:$J$100<>"")*('Master Stock'!$K$2:$K$100="")*('Master Stock'!$J$2:$J$100<TODAY()-30)),15)),"") | M23: =IFERROR(INDEX('Master Stock'!$D$2:$D$100,AGGREGATE(15,6,(ROW('Master Stock'!$C$2:$C$100)-ROW('Master Stock'!$C$2)+1)/(('Master Stock'!$H$2:$H$100="OCCUPIED")*('Master Stock'!$J$2:$J$100<>"")*('Master Stock'!$K$2:$K$100="")*('Master Stock'!$J$2:$J$100<TODAY()-30)),15)),"") | N23: =IFERROR(INDEX('Master Stock'!$J$2:$J$100,AGGREGATE(15,6,(ROW('Master Stock'!$C$2:$C$100)-ROW('Master Stock'!$C$2)+1)/(('Master Stock'!$H$2:$H$100="OCCUPIED")*('Master Stock'!$J$2:$J$100<>"")*('Master Stock'!$K$2:$K$100="")*('Master Stock'!$J$2:$J$100<TODAY()-30)),15)),"") | O23: =IF(N23="","",MAX(0,TODAY()-(IF(ISNUMBER(N23),N23,IFERROR(DATE(2000+VALUE(RIGHT(N23,2)),VALUE(MID(N23,4,2)),VALUE(LEFT(N23,2))),"")))))
A24: =IFERROR(INDEX('Master Stock'!$C$2:$C$100,MATCH(ROWS($A$9:A24),'Master Stock'!$N$2:$N$100,0)),"") | B24: =IFERROR(INDEX('Master Stock'!$D$2:$D$100,MATCH(ROWS($A$9:A24),'Master Stock'!$N$2:$N$100,0)),"") | C24: =IFERROR(INDEX('Master Stock'!$B$2:$B$100,MATCH(ROWS($A$9:A24),'Master Stock'!$N$2:$N$100,0)),"") | D24: =IFERROR(INDEX('Master Stock'!$J$2:$J$100,MATCH(ROWS($A$9:A24),'Master Stock'!$N$2:$N$100,0)),"") | E24: =IF(D24="","",MAX(0,TODAY()-(IF(ISNUMBER(D24),D24,IFERROR(DATE(2000+VALUE(RIGHT(D24,2)),VALUE(MID(D24,4,2)),VALUE(LEFT(D24,2))),""))))) | G24: =IFERROR(INDEX('Master Stock'!$C$2:$C$100,MATCH(ROWS($G$9:G24),'Master Stock'!$P$2:$P$100,0)),"") | H24: =IFERROR(INDEX('Master Stock'!$D$2:$D$100,MATCH(ROWS($G$9:G24),'Master Stock'!$P$2:$P$100,0)),"") | I24: =IFERROR(INDEX('Master Stock'!$J$2:$J$100,MATCH(ROWS($G$9:G24),'Master Stock'!$P$2:$P$100,0)),"") | J24: =IF(I24="","",MAX(0,TODAY()-(IF(ISNUMBER(I24),I24,IFERROR(DATE(2000+VALUE(RIGHT(I24,2)),VALUE(MID(I24,4,2)),VALUE(LEFT(I24,2))),""))))) | L24: =IFERROR(INDEX('Master Stock'!$C$2:$C$100,AGGREGATE(15,6,(ROW('Master Stock'!$C$2:$C$100)-ROW('Master Stock'!$C$2)+1)/(('Master Stock'!$H$2:$H$100="OCCUPIED")*('Master Stock'!$J$2:$J$100<>"")*('Master Stock'!$K$2:$K$100="")*('Master Stock'!$J$2:$J$100<TODAY()-30)),16)),"") | M24: =IFERROR(INDEX('Master Stock'!$D$2:$D$100,AGGREGATE(15,6,(ROW('Master Stock'!$C$2:$C$100)-ROW('Master Stock'!$C$2)+1)/(('Master Stock'!$H$2:$H$100="OCCUPIED")*('Master Stock'!$J$2:$J$100<>"")*('Master Stock'!$K$2:$K$100="")*('Master Stock'!$J$2:$J$100<TODAY()-30)),16)),"") | N24: =IFERROR(INDEX('Master Stock'!$J$2:$J$100,AGGREGATE(15,6,(ROW('Master Stock'!$C$2:$C$100)-ROW('Master Stock'!$C$2)+1)/(('Master Stock'!$H$2:$H$100="OCCUPIED")*('Master Stock'!$J$2:$J$100<>"")*('Master Stock'!$K$2:$K$100="")*('Master Stock'!$J$2:$J$100<TODAY()-30)),16)),"") | O24: =IF(N24="","",MAX(0,TODAY()-(IF(ISNUMBER(N24),N24,IFERROR(DATE(2000+VALUE(RIGHT(N24,2)),VALUE(MID(N24,4,2)),VALUE(LEFT(N24,2))),"")))))
A25: =IFERROR(INDEX('Master Stock'!$C$2:$C$100,MATCH(ROWS($A$9:A25),'Master Stock'!$N$2:$N$100,0)),"") | B25: =IFERROR(INDEX('Master Stock'!$D$2:$D$100,MATCH(ROWS($A$9:A25),'Master Stock'!$N$2:$N$100,0)),"") | C25: =IFERROR(INDEX('Master Stock'!$B$2:$B$100,MATCH(ROWS($A$9:A25),'Master Stock'!$N$2:$N$100,0)),"") | D25: =IFERROR(INDEX('Master Stock'!$J$2:$J$100,MATCH(ROWS($A$9:A25),'Master Stock'!$N$2:$N$100,0)),"") | E25: =IF(D25="","",MAX(0,TODAY()-(IF(ISNUMBER(D25),D25,IFERROR(DATE(2000+VALUE(RIGHT(D25,2)),VALUE(MID(D25,4,2)),VALUE(LEFT(D25,2))),""))))) | G25: =IFERROR(INDEX('Master Stock'!$C$2:$C$100,MATCH(ROWS($G$9:G25),'Master Stock'!$P$2:$P$100,0)),"") | H25: =IFERROR(INDEX('Master Stock'!$D$2:$D$100,MATCH(ROWS($G$9:G25),'Master Stock'!$P$2:$P$100,0)),"") | I25: =IFERROR(INDEX('Master Stock'!$J$2:$J$100,MATCH(ROWS($G$9:G25),'Master Stock'!$P$2:$P$100,0)),"") | J25: =IF(I25="","",MAX(0,TODAY()-(IF(ISNUMBER(I25),I25,IFERROR(DATE(2000+VALUE(RIGHT(I25,2)),VALUE(MID(I25,4,2)),VALUE(LEFT(I25,2))),""))))) | L25: =IFERROR(INDEX('Master Stock'!$C$2:$C$100,AGGREGATE(15,6,(ROW('Master Stock'!$C$2:$C$100)-ROW('Master Stock'!$C$2)+1)/(('Master Stock'!$H$2:$H$100="OCCUPIED")*('Master Stock'!$J$2:$J$100<>"")*('Master Stock'!$K$2:$K$100="")*('Master Stock'!$J$2:$J$100<TODAY()-30)),17)),"") | M25: =IFERROR(INDEX('Master Stock'!$D$2:$D$100,AGGREGATE(15,6,(ROW('Master Stock'!$C$2:$C$100)-ROW('Master Stock'!$C$2)+1)/(('Master Stock'!$H$2:$H$100="OCCUPIED")*('Master Stock'!$J$2:$J$100<>"")*('Master Stock'!$K$2:$K$100="")*('Master Stock'!$J$2:$J$100<TODAY()-30)),17)),"") | N25: =IFERROR(INDEX('Master Stock'!$J$2:$J$100,AGGREGATE(15,6,(ROW('Master Stock'!$C$2:$C$100)-ROW('Master Stock'!$C$2)+1)/(('Master Stock'!$H$2:$H$100="OCCUPIED")*('Master Stock'!$J$2:$J$100<>"")*('Master Stock'!$K$2:$K$100="")*('Master Stock'!$J$2:$J$100<TODAY()-30)),17)),"") | O25: =IF(N25="","",MAX(0,TODAY()-(IF(ISNUMBER(N25),N25,IFERROR(DATE(2000+VALUE(RIGHT(N25,2)),VALUE(MID(N25,4,2)),VALUE(LEFT(N25,2))),"")))))
A26: =IFERROR(INDEX('Master Stock'!$C$2:$C$100,MATCH(ROWS($A$9:A26),'Master Stock'!$N$2:$N$100,0)),"") | B26: =IFERROR(INDEX('Master Stock'!$D$2:$D$100,MATCH(ROWS($A$9:A26),'Master Stock'!$N$2:$N$100,0)),"") | C26: =IFERROR(INDEX('Master Stock'!$B$2:$B$100,MATCH(ROWS($A$9:A26),'Master Stock'!$N$2:$N$100,0)),"") | D26: =IFERROR(INDEX('Master Stock'!$J$2:$J$100,MATCH(ROWS($A$9:A26),'Master Stock'!$N$2:$N$100,0)),"") | E26: =IF(D26="","",MAX(0,TODAY()-(IF(ISNUMBER(D26),D26,IFERROR(DATE(2000+VALUE(RIGHT(D26,2)),VALUE(MID(D26,4,2)),VALUE(LEFT(D26,2))),""))))) | G26: =IFERROR(INDEX('Master Stock'!$C$2:$C$100,MATCH(ROWS($G$9:G26),'Master Stock'!$P$2:$P$100,0)),"") | H26: =IFERROR(INDEX('Master Stock'!$D$2:$D$100,MATCH(ROWS($G$9:G26),'Master Stock'!$P$2:$P$100,0)),"") | I26: =IFERROR(INDEX('Master Stock'!$J$2:$J$100,MATCH(ROWS($G$9:G26),'Master Stock'!$P$2:$P$100,0)),"") | J26: =IF(I26="","",MAX(0,TODAY()-(IF(ISNUMBER(I26),I26,IFERROR(DATE(2000+VALUE(RIGHT(I26,2)),VALUE(MID(I26,4,2)),VALUE(LEFT(I26,2))),""))))) | L26: =IFERROR(INDEX('Master Stock'!$C$2:$C$100,AGGREGATE(15,6,(ROW('Master Stock'!$C$2:$C$100)-ROW('Master Stock'!$C$2)+1)/(('Master Stock'!$H$2:$H$100="OCCUPIED")*('Master Stock'!$J$2:$J$100<>"")*('Master Stock'!$K$2:$K$100="")*('Master Stock'!$J$2:$J$100<TODAY()-30)),18)),"") | M26: =IFERROR(INDEX('Master Stock'!$D$2:$D$100,AGGREGATE(15,6,(ROW('Master Stock'!$C$2:$C$100)-ROW('Master Stock'!$C$2)+1)/(('Master Stock'!$H$2:$H$100="OCCUPIED")*('Master Stock'!$J$2:$J$100<>"")*('Master Stock'!$K$2:$K$100="")*('Master Stock'!$J$2:$J$100<TODAY()-30)),18)),"") | N26: =IFERROR(INDEX('Master Stock'!$J$2:$J$100,AGGREGATE(15,6,(ROW('Master Stock'!$C$2:$C$100)-ROW('Master Stock'!$C$2)+1)/(('Master Stock'!$H$2:$H$100="OCCUPIED")*('Master Stock'!$J$2:$J$100<>"")*('Master Stock'!$K$2:$K$100="")*('Master Stock'!$J$2:$J$100<TODAY()-30)),18)),"") | O26: =IF(N26="","",MAX(0,TODAY()-(IF(ISNUMBER(N26),N26,IFERROR(DATE(2000+VALUE(RIGHT(N26,2)),VALUE(MID(N26,4,2)),VALUE(LEFT(N26,2))),"")))))
A27: =IFERROR(INDEX('Master Stock'!$C$2:$C$100,MATCH(ROWS($A$9:A27),'Master Stock'!$N$2:$N$100,0)),"") | B27: =IFERROR(INDEX('Master Stock'!$D$2:$D$100,MATCH(ROWS($A$9:A27),'Master Stock'!$N$2:$N$100,0)),"") | C27: =IFERROR(INDEX('Master Stock'!$B$2:$B$100,MATCH(ROWS($A$9:A27),'Master Stock'!$N$2:$N$100,0)),"") | D27: =IFERROR(INDEX('Master Stock'!$J$2:$J$100,MATCH(ROWS($A$9:A27),'Master Stock'!$N$2:$N$100,0)),"") | E27: =IF(D27="","",MAX(0,TODAY()-(IF(ISNUMBER(D27),D27,IFERROR(DATE(2000+VALUE(RIGHT(D27,2)),VALUE(MID(D27,4,2)),VALUE(LEFT(D27,2))),""))))) | G27: =IFERROR(INDEX('Master Stock'!$C$2:$C$100,MATCH(ROWS($G$9:G27),'Master Stock'!$P$2:$P$100,0)),"") | H27: =IFERROR(INDEX('Master Stock'!$D$2:$D$100,MATCH(ROWS($G$9:G27),'Master Stock'!$P$2:$P$100,0)),"") | I27: =IFERROR(INDEX('Master Stock'!$J$2:$J$100,MATCH(ROWS($G$9:G27),'Master Stock'!$P$2:$P$100,0)),"") | J27: =IF(I27="","",MAX(0,TODAY()-(IF(ISNUMBER(I27),I27,IFERROR(DATE(2000+VALUE(RIGHT(I27,2)),VALUE(MID(I27,4,2)),VALUE(LEFT(I27,2))),""))))) | L27: =IFERROR(INDEX('Master Stock'!$C$2:$C$100,AGGREGATE(15,6,(ROW('Master Stock'!$C$2:$C$100)-ROW('Master Stock'!$C$2)+1)/(('Master Stock'!$H$2:$H$100="OCCUPIED")*('Master Stock'!$J$2:$J$100<>"")*('Master Stock'!$K$2:$K$100="")*('Master Stock'!$J$2:$J$100<TODAY()-30)),19)),"") | M27: =IFERROR(INDEX('Master Stock'!$D$2:$D$100,AGGREGATE(15,6,(ROW('Master Stock'!$C$2:$C$100)-ROW('Master Stock'!$C$2)+1)/(('Master Stock'!$H$2:$H$100="OCCUPIED")*('Master Stock'!$J$2:$J$100<>"")*('Master Stock'!$K$2:$K$100="")*('Master Stock'!$J$2:$J$100<TODAY()-30)),19)),"") | N27: =IFERROR(INDEX('Master Stock'!$J$2:$J$100,AGGREGATE(15,6,(ROW('Master Stock'!$C$2:$C$100)-ROW('Master Stock'!$C$2)+1)/(('Master Stock'!$H$2:$H$100="OCCUPIED")*('Master Stock'!$J$2:$J$100<>"")*('Master Stock'!$K$2:$K$100="")*('Master Stock'!$J$2:$J$100<TODAY()-30)),19)),"") | O27: =IF(N27="","",MAX(0,TODAY()-(IF(ISNUMBER(N27),N27,IFERROR(DATE(2000+VALUE(RIGHT(N27,2)),VALUE(MID(N27,4,2)),VALUE(LEFT(N27,2))),"")))))
A28: =IFERROR(INDEX('Master Stock'!$C$2:$C$100,MATCH(ROWS($A$9:A28),'Master Stock'!$N$2:$N$100,0)),"") | B28: =IFERROR(INDEX('Master Stock'!$D$2:$D$100,MATCH(ROWS($A$9:A28),'Master Stock'!$N$2:$N$100,0)),"") | C28: =IFERROR(INDEX('Master Stock'!$B$2:$B$100,MATCH(ROWS($A$9:A28),'Master Stock'!$N$2:$N$100,0)),"") | D28: =IFERROR(INDEX('Master Stock'!$J$2:$J$100,MATCH(ROWS($A$9:A28),'Master Stock'!$N$2:$N$100,0)),"") | E28: =IF(D28="","",MAX(0,TODAY()-(IF(ISNUMBER(D28),D28,IFERROR(DATE(2000+VALUE(RIGHT(D28,2)),VALUE(MID(D28,4,2)),VALUE(LEFT(D28,2))),""))))) | G28: =IFERROR(INDEX('Master Stock'!$C$2:$C$100,MATCH(ROWS($G$9:G28),'Master Stock'!$P$2:$P$100,0)),"") | H28: =IFERROR(INDEX('Master Stock'!$D$2:$D$100,MATCH(ROWS($G$9:G28),'Master Stock'!$P$2:$P$100,0)),"") | I28: =IFERROR(INDEX('Master Stock'!$J$2:$J$100,MATCH(ROWS($G$9:G28),'Master Stock'!$P$2:$P$100,0)),"") | J28: =IF(I28="","",MAX(0,TODAY()-(IF(ISNUMBER(I28),I28,IFERROR(DATE(2000+VALUE(RIGHT(I28,2)),VALUE(MID(I28,4,2)),VALUE(LEFT(I28,2))),""))))) | L28: =IFERROR(INDEX('Master Stock'!$C$2:$C$100,AGGREGATE(15,6,(ROW('Master Stock'!$C$2:$C$100)-ROW('Master Stock'!$C$2)+1)/(('Master Stock'!$H$2:$H$100="OCCUPIED")*('Master Stock'!$J$2:$J$100<>"")*('Master Stock'!$K$2:$K$100="")*('Master Stock'!$J$2:$J$100<TODAY()-30)),20)),"") | M28: =IFERROR(INDEX('Master Stock'!$D$2:$D$100,AGGREGATE(15,6,(ROW('Master Stock'!$C$2:$C$100)-ROW('Master Stock'!$C$2)+1)/(('Master Stock'!$H$2:$H$100="OCCUPIED")*('Master Stock'!$J$2:$J$100<>"")*('Master Stock'!$K$2:$K$100="")*('Master Stock'!$J$2:$J$100<TODAY()-30)),20)),"") | N28: =IFERROR(INDEX('Master Stock'!$J$2:$J$100,AGGREGATE(15,6,(ROW('Master Stock'!$C$2:$C$100)-ROW('Master Stock'!$C$2)+1)/(('Master Stock'!$H$2:$H$100="OCCUPIED")*('Master Stock'!$J$2:$J$100<>"")*('Master Stock'!$K$2:$K$100="")*('Master Stock'!$J$2:$J$100<TODAY()-30)),20)),"") | O28: =IF(N28="","",MAX(0,TODAY()-(IF(ISNUMBER(N28),N28,IFERROR(DATE(2000+VALUE(RIGHT(N28,2)),VALUE(MID(N28,4,2)),VALUE(LEFT(N28,2))),"")))))
A29: =IFERROR(INDEX('Master Stock'!$C$2:$C$100,MATCH(ROWS($A$9:A29),'Master Stock'!$N$2:$N$100,0)),"") | B29: =IFERROR(INDEX('Master Stock'!$D$2:$D$100,MATCH(ROWS($A$9:A29),'Master Stock'!$N$2:$N$100,0)),"") | C29: =IFERROR(INDEX('Master Stock'!$B$2:$B$100,MATCH(ROWS($A$9:A29),'Master Stock'!$N$2:$N$100,0)),"") | D29: =IFERROR(INDEX('Master Stock'!$J$2:$J$100,MATCH(ROWS($A$9:A29),'Master Stock'!$N$2:$N$100,0)),"") | E29: =IF(D29="","",MAX(0,TODAY()-(IF(ISNUMBER(D29),D29,IFERROR(DATE(2000+VALUE(RIGHT(D29,2)),VALUE(MID(D29,4,2)),VALUE(LEFT(D29,2))),""))))) | G29: =IFERROR(INDEX('Master Stock'!$C$2:$C$100,MATCH(ROWS($G$9:G29),'Master Stock'!$P$2:$P$100,0)),"") | H29: =IFERROR(INDEX('Master Stock'!$D$2:$D$100,MATCH(ROWS($G$9:G29),'Master Stock'!$P$2:$P$100,0)),"") | I29: =IFERROR(INDEX('Master Stock'!$J$2:$J$100,MATCH(ROWS($G$9:G29),'Master Stock'!$P$2:$P$100,0)),"") | J29: =IF(I29="","",MAX(0,TODAY()-(IF(ISNUMBER(I29),I29,IFERROR(DATE(2000+VALUE(RIGHT(I29,2)),VALUE(MID(I29,4,2)),VALUE(LEFT(I29,2))),""))))) | L29: =IFERROR(INDEX('Master Stock'!$C$2:$C$100,AGGREGATE(15,6,(ROW('Master Stock'!$C$2:$C$100)-ROW('Master Stock'!$C$2)+1)/(('Master Stock'!$H$2:$H$100="OCCUPIED")*('Master Stock'!$J$2:$J$100<>"")*('Master Stock'!$K$2:$K$100="")*('Master Stock'!$J$2:$J$100<TODAY()-30)),21)),"") | M29: =IFERROR(INDEX('Master Stock'!$D$2:$D$100,AGGREGATE(15,6,(ROW('Master Stock'!$C$2:$C$100)-ROW('Master Stock'!$C$2)+1)/(('Master Stock'!$H$2:$H$100="OCCUPIED")*('Master Stock'!$J$2:$J$100<>"")*('Master Stock'!$K$2:$K$100="")*('Master Stock'!$J$2:$J$100<TODAY()-30)),21)),"") | N29: =IFERROR(INDEX('Master Stock'!$J$2:$J$100,AGGREGATE(15,6,(ROW('Master Stock'!$C$2:$C$100)-ROW('Master Stock'!$C$2)+1)/(('Master Stock'!$H$2:$H$100="OCCUPIED")*('Master Stock'!$J$2:$J$100<>"")*('Master Stock'!$K$2:$K$100="")*('Master Stock'!$J$2:$J$100<TODAY()-30)),21)),"") | O29: =IF(N29="","",MAX(0,TODAY()-(IF(ISNUMBER(N29),N29,IFERROR(DATE(2000+VALUE(RIGHT(N29,2)),VALUE(MID(N29,4,2)),VALUE(LEFT(N29,2))),"")))))
A30: =IFERROR(INDEX('Master Stock'!$C$2:$C$100,MATCH(ROWS($A$9:A30),'Master Stock'!$N$2:$N$100,0)),"") | B30: =IFERROR(INDEX('Master Stock'!$D$2:$D$100,MATCH(ROWS($A$9:A30),'Master Stock'!$N$2:$N$100,0)),"") | C30: =IFERROR(INDEX('Master Stock'!$B$2:$B$100,MATCH(ROWS($A$9:A30),'Master Stock'!$N$2:$N$100,0)),"") | D30: =IFERROR(INDEX('Master Stock'!$J$2:$J$100,MATCH(ROWS($A$9:A30),'Master Stock'!$N$2:$N$100,0)),"") | E30: =IF(D30="","",MAX(0,TODAY()-(IF(ISNUMBER(D30),D30,IFERROR(DATE(2000+VALUE(RIGHT(D30,2)),VALUE(MID(D30,4,2)),VALUE(LEFT(D30,2))),""))))) | G30: =IFERROR(INDEX('Master Stock'!$C$2:$C$100,MATCH(ROWS($G$9:G30),'Master Stock'!$P$2:$P$100,0)),"") | H30: =IFERROR(INDEX('Master Stock'!$D$2:$D$100,MATCH(ROWS($G$9:G30),'Master Stock'!$P$2:$P$100,0)),"") | I30: =IFERROR(INDEX('Master Stock'!$J$2:$J$100,MATCH(ROWS($G$9:G30),'Master Stock'!$P$2:$P$100,0)),"") | J30: =IF(I30="","",MAX(0,TODAY()-(IF(ISNUMBER(I30),I30,IFERROR(DATE(2000+VALUE(RIGHT(I30,2)),VALUE(MID(I30,4,2)),VALUE(LEFT(I30,2))),""))))) | L30: =IFERROR(INDEX('Master Stock'!$C$2:$C$100,AGGREGATE(15,6,(ROW('Master Stock'!$C$2:$C$100)-ROW('Master Stock'!$C$2)+1)/(('Master Stock'!$H$2:$H$100="OCCUPIED")*('Master Stock'!$J$2:$J$100<>"")*('Master Stock'!$K$2:$K$100="")*('Master Stock'!$J$2:$J$100<TODAY()-30)),22)),"") | M30: =IFERROR(INDEX('Master Stock'!$D$2:$D$100,AGGREGATE(15,6,(ROW('Master Stock'!$C$2:$C$100)-ROW('Master Stock'!$C$2)+1)/(('Master Stock'!$H$2:$H$100="OCCUPIED")*('Master Stock'!$J$2:$J$100<>"")*('Master Stock'!$K$2:$K$100="")*('Master Stock'!$J$2:$J$100<TODAY()-30)),22)),"") | N30: =IFERROR(INDEX('Master Stock'!$J$2:$J$100,AGGREGATE(15,6,(ROW('Master Stock'!$C$2:$C$100)-ROW('Master Stock'!$C$2)+1)/(('Master Stock'!$H$2:$H$100="OCCUPIED")*('Master Stock'!$J$2:$J$100<>"")*('Master Stock'!$K$2:$K$100="")*('Master Stock'!$J$2:$J$100<TODAY()-30)),22)),"") | O30: =IF(N30="","",MAX(0,TODAY()-(IF(ISNUMBER(N30),N30,IFERROR(DATE(2000+VALUE(RIGHT(N30,2)),VALUE(MID(N30,4,2)),VALUE(LEFT(N30,2))),"")))))
A31: =IFERROR(INDEX('Master Stock'!$C$2:$C$100,MATCH(ROWS($A$9:A31),'Master Stock'!$N$2:$N$100,0)),"") | B31: =IFERROR(INDEX('Master Stock'!$D$2:$D$100,MATCH(ROWS($A$9:A31),'Master Stock'!$N$2:$N$100,0)),"") | C31: =IFERROR(INDEX('Master Stock'!$B$2:$B$100,MATCH(ROWS($A$9:A31),'Master Stock'!$N$2:$N$100,0)),"") | D31: =IFERROR(INDEX('Master Stock'!$J$2:$J$100,MATCH(ROWS($A$9:A31),'Master Stock'!$N$2:$N$100,0)),"") | E31: =IF(D31="","",MAX(0,TODAY()-(IF(ISNUMBER(D31),D31,IFERROR(DATE(2000+VALUE(RIGHT(D31,2)),VALUE(MID(D31,4,2)),VALUE(LEFT(D31,2))),""))))) | G31: =IFERROR(INDEX('Master Stock'!$C$2:$C$100,MATCH(ROWS($G$9:G31),'Master Stock'!$P$2:$P$100,0)),"") | H31: =IFERROR(INDEX('Master Stock'!$D$2:$D$100,MATCH(ROWS($G$9:G31),'Master Stock'!$P$2:$P$100,0)),"") | I31: =IFERROR(INDEX('Master Stock'!$J$2:$J$100,MATCH(ROWS($G$9:G31),'Master Stock'!$P$2:$P$100,0)),"") | J31: =IF(I31="","",MAX(0,TODAY()-(IF(ISNUMBER(I31),I31,IFERROR(DATE(2000+VALUE(RIGHT(I31,2)),VALUE(MID(I31,4,2)),VALUE(LEFT(I31,2))),""))))) | L31: =IFERROR(INDEX('Master Stock'!$C$2:$C$100,AGGREGATE(15,6,(ROW('Master Stock'!$C$2:$C$100)-ROW('Master Stock'!$C$2)+1)/(('Master Stock'!$H$2:$H$100="OCCUPIED")*('Master Stock'!$J$2:$J$100<>"")*('Master Stock'!$K$2:$K$100="")*('Master Stock'!$J$2:$J$100<TODAY()-30)),23)),"") | M31: =IFERROR(INDEX('Master Stock'!$D$2:$D$100,AGGREGATE(15,6,(ROW('Master Stock'!$C$2:$C$100)-ROW('Master Stock'!$C$2)+1)/(('Master Stock'!$H$2:$H$100="OCCUPIED")*('Master Stock'!$J$2:$J$100<>"")*('Master Stock'!$K$2:$K$100="")*('Master Stock'!$J$2:$J$100<TODAY()-30)),23)),"") | N31: =IFERROR(INDEX('Master Stock'!$J$2:$J$100,AGGREGATE(15,6,(ROW('Master Stock'!$C$2:$C$100)-ROW('Master Stock'!$C$2)+1)/(('Master Stock'!$H$2:$H$100="OCCUPIED")*('Master Stock'!$J$2:$J$100<>"")*('Master Stock'!$K$2:$K$100="")*('Master Stock'!$J$2:$J$100<TODAY()-30)),23)),"") | O31: =IF(N31="","",MAX(0,TODAY()-(IF(ISNUMBER(N31),N31,IFERROR(DATE(2000+VALUE(RIGHT(N31,2)),VALUE(MID(N31,4,2)),VALUE(LEFT(N31,2))),"")))))
A32: =IFERROR(INDEX('Master Stock'!$C$2:$C$100,MATCH(ROWS($A$9:A32),'Master Stock'!$N$2:$N$100,0)),"") | B32: =IFERROR(INDEX('Master Stock'!$D$2:$D$100,MATCH(ROWS($A$9:A32),'Master Stock'!$N$2:$N$100,0)),"") | C32: =IFERROR(INDEX('Master Stock'!$B$2:$B$100,MATCH(ROWS($A$9:A32),'Master Stock'!$N$2:$N$100,0)),"") | D32: =IFERROR(INDEX('Master Stock'!$J$2:$J$100,MATCH(ROWS($A$9:A32),'Master Stock'!$N$2:$N$100,0)),"") | E32: =IF(D32="","",MAX(0,TODAY()-(IF(ISNUMBER(D32),D32,IFERROR(DATE(2000+VALUE(RIGHT(D32,2)),VALUE(MID(D32,4,2)),VALUE(LEFT(D32,2))),""))))) | G32: =IFERROR(INDEX('Master Stock'!$C$2:$C$100,MATCH(ROWS($G$9:G32),'Master Stock'!$P$2:$P$100,0)),"") | H32: =IFERROR(INDEX('Master Stock'!$D$2:$D$100,MATCH(ROWS($G$9:G32),'Master Stock'!$P$2:$P$100,0)),"") | I32: =IFERROR(INDEX('Master Stock'!$J$2:$J$100,MATCH(ROWS($G$9:G32),'Master Stock'!$P$2:$P$100,0)),"") | J32: =IF(I32="","",MAX(0,TODAY()-(IF(ISNUMBER(I32),I32,IFERROR(DATE(2000+VALUE(RIGHT(I32,2)),VALUE(MID(I32,4,2)),VALUE(LEFT(I32,2))),""))))) | L32: =IFERROR(INDEX('Master Stock'!$C$2:$C$100,AGGREGATE(15,6,(ROW('Master Stock'!$C$2:$C$100)-ROW('Master Stock'!$C$2)+1)/(('Master Stock'!$H$2:$H$100="OCCUPIED")*('Master Stock'!$J$2:$J$100<>"")*('Master Stock'!$K$2:$K$100="")*('Master Stock'!$J$2:$J$100<TODAY()-30)),24)),"") | M32: =IFERROR(INDEX('Master Stock'!$D$2:$D$100,AGGREGATE(15,6,(ROW('Master Stock'!$C$2:$C$100)-ROW('Master Stock'!$C$2)+1)/(('Master Stock'!$H$2:$H$100="OCCUPIED")*('Master Stock'!$J$2:$J$100<>"")*('Master Stock'!$K$2:$K$100="")*('Master Stock'!$J$2:$J$100<TODAY()-30)),24)),"") | N32: =IFERROR(INDEX('Master Stock'!$J$2:$J$100,AGGREGATE(15,6,(ROW('Master Stock'!$C$2:$C$100)-ROW('Master Stock'!$C$2)+1)/(('Master Stock'!$H$2:$H$100="OCCUPIED")*('Master Stock'!$J$2:$J$100<>"")*('Master Stock'!$K$2:$K$100="")*('Master Stock'!$J$2:$J$100<TODAY()-30)),24)),"") | O32: =IF(N32="","",MAX(0,TODAY()-(IF(ISNUMBER(N32),N32,IFERROR(DATE(2000+VALUE(RIGHT(N32,2)),VALUE(MID(N32,4,2)),VALUE(LEFT(N32,2))),"")))))
A33: =IFERROR(INDEX('Master Stock'!$C$2:$C$100,MATCH(ROWS($A$9:A33),'Master Stock'!$N$2:$N$100,0)),"") | B33: =IFERROR(INDEX('Master Stock'!$D$2:$D$100,MATCH(ROWS($A$9:A33),'Master Stock'!$N$2:$N$100,0)),"") | C33: =IFERROR(INDEX('Master Stock'!$B$2:$B$100,MATCH(ROWS($A$9:A33),'Master Stock'!$N$2:$N$100,0)),"") | D33: =IFERROR(INDEX('Master Stock'!$J$2:$J$100,MATCH(ROWS($A$9:A33),'Master Stock'!$N$2:$N$100,0)),"") | E33: =IF(D33="","",MAX(0,TODAY()-(IF(ISNUMBER(D33),D33,IFERROR(DATE(2000+VALUE(RIGHT(D33,2)),VALUE(MID(D33,4,2)),VALUE(LEFT(D33,2))),""))))) | G33: =IFERROR(INDEX('Master Stock'!$C$2:$C$100,MATCH(ROWS($G$9:G33),'Master Stock'!$P$2:$P$100,0)),"") | H33: =IFERROR(INDEX('Master Stock'!$D$2:$D$100,MATCH(ROWS($G$9:G33),'Master Stock'!$P$2:$P$100,0)),"") | I33: =IFERROR(INDEX('Master Stock'!$J$2:$J$100,MATCH(ROWS($G$9:G33),'Master Stock'!$P$2:$P$100,0)),"") | J33: =IF(I33="","",MAX(0,TODAY()-(IF(ISNUMBER(I33),I33,IFERROR(DATE(2000+VALUE(RIGHT(I33,2)),VALUE(MID(I33,4,2)),VALUE(LEFT(I33,2))),""))))) | L33: =IFERROR(INDEX('Master Stock'!$C$2:$C$100,AGGREGATE(15,6,(ROW('Master Stock'!$C$2:$C$100)-ROW('Master Stock'!$C$2)+1)/(('Master Stock'!$H$2:$H$100="OCCUPIED")*('Master Stock'!$J$2:$J$100<>"")*('Master Stock'!$K$2:$K$100="")*('Master Stock'!$J$2:$J$100<TODAY()-30)),25)),"") | M33: =IFERROR(INDEX('Master Stock'!$D$2:$D$100,AGGREGATE(15,6,(ROW('Master Stock'!$C$2:$C$100)-ROW('Master Stock'!$C$2)+1)/(('Master Stock'!$H$2:$H$100="OCCUPIED")*('Master Stock'!$J$2:$J$100<>"")*('Master Stock'!$K$2:$K$100="")*('Master Stock'!$J$2:$J$100<TODAY()-30)),25)),"") | N33: =IFERROR(INDEX('Master Stock'!$J$2:$J$100,AGGREGATE(15,6,(ROW('Master Stock'!$C$2:$C$100)-ROW('Master Stock'!$C$2)+1)/(('Master Stock'!$H$2:$H$100="OCCUPIED")*('Master Stock'!$J$2:$J$100<>"")*('Master Stock'!$K$2:$K$100="")*('Master Stock'!$J$2:$J$100<TODAY()-30)),25)),"") | O33: =IF(N33="","",MAX(0,TODAY()-(IF(ISNUMBER(N33),N33,IFERROR(DATE(2000+VALUE(RIGHT(N33,2)),VALUE(MID(N33,4,2)),VALUE(LEFT(N33,2))),"")))))
A34: =IFERROR(INDEX('Master Stock'!$C$2:$C$100,MATCH(ROWS($A$9:A34),'Master Stock'!$N$2:$N$100,0)),"") | B34: =IFERROR(INDEX('Master Stock'!$D$2:$D$100,MATCH(ROWS($A$9:A34),'Master Stock'!$N$2:$N$100,0)),"") | C34: =IFERROR(INDEX('Master Stock'!$B$2:$B$100,MATCH(ROWS($A$9:A34),'Master Stock'!$N$2:$N$100,0)),"") | D34: =IFERROR(INDEX('Master Stock'!$J$2:$J$100,MATCH(ROWS($A$9:A34),'Master Stock'!$N$2:$N$100,0)),"") | E34: =IF(D34="","",MAX(0,TODAY()-(IF(ISNUMBER(D34),D34,IFERROR(DATE(2000+VALUE(RIGHT(D34,2)),VALUE(MID(D34,4,2)),VALUE(LEFT(D34,2))),""))))) | G34: =IFERROR(INDEX('Master Stock'!$C$2:$C$100,MATCH(ROWS($G$9:G34),'Master Stock'!$P$2:$P$100,0)),"") | H34: =IFERROR(INDEX('Master Stock'!$D$2:$D$100,MATCH(ROWS($G$9:G34),'Master Stock'!$P$2:$P$100,0)),"") | I34: =IFERROR(INDEX('Master Stock'!$J$2:$J$100,MATCH(ROWS($G$9:G34),'Master Stock'!$P$2:$P$100,0)),"") | J34: =IF(I34="","",MAX(0,TODAY()-(IF(ISNUMBER(I34),I34,IFERROR(DATE(2000+VALUE(RIGHT(I34,2)),VALUE(MID(I34,4,2)),VALUE(LEFT(I34,2))),""))))) | L34: =IFERROR(INDEX('Master Stock'!$C$2:$C$100,AGGREGATE(15,6,(ROW('Master Stock'!$C$2:$C$100)-ROW('Master Stock'!$C$2)+1)/(('Master Stock'!$H$2:$H$100="OCCUPIED")*('Master Stock'!$J$2:$J$100<>"")*('Master Stock'!$K$2:$K$100="")*('Master Stock'!$J$2:$J$100<TODAY()-30)),26)),"") | M34: =IFERROR(INDEX('Master Stock'!$D$2:$D$100,AGGREGATE(15,6,(ROW('Master Stock'!$C$2:$C$100)-ROW('Master Stock'!$C$2)+1)/(('Master Stock'!$H$2:$H$100="OCCUPIED")*('Master Stock'!$J$2:$J$100<>"")*('Master Stock'!$K$2:$K$100="")*('Master Stock'!$J$2:$J$100<TODAY()-30)),26)),"") | N34: =IFERROR(INDEX('Master Stock'!$J$2:$J$100,AGGREGATE(15,6,(ROW('Master Stock'!$C$2:$C$100)-ROW('Master Stock'!$C$2)+1)/(('Master Stock'!$H$2:$H$100="OCCUPIED")*('Master Stock'!$J$2:$J$100<>"")*('Master Stock'!$K$2:$K$100="")*('Master Stock'!$J$2:$J$100<TODAY()-30)),26)),"") | O34: =IF(N34="","",MAX(0,TODAY()-(IF(ISNUMBER(N34),N34,IFERROR(DATE(2000+VALUE(RIGHT(N34,2)),VALUE(MID(N34,4,2)),VALUE(LEFT(N34,2))),"")))))
A35: =IFERROR(INDEX('Master Stock'!$C$2:$C$100,MATCH(ROWS($A$9:A35),'Master Stock'!$N$2:$N$100,0)),"") | B35: =IFERROR(INDEX('Master Stock'!$D$2:$D$100,MATCH(ROWS($A$9:A35),'Master Stock'!$N$2:$N$100,0)),"") | C35: =IFERROR(INDEX('Master Stock'!$B$2:$B$100,MATCH(ROWS($A$9:A35),'Master Stock'!$N$2:$N$100,0)),"") | D35: =IFERROR(INDEX('Master Stock'!$J$2:$J$100,MATCH(ROWS($A$9:A35),'Master Stock'!$N$2:$N$100,0)),"") | E35: =IF(D35="","",MAX(0,TODAY()-(IF(ISNUMBER(D35),D35,IFERROR(DATE(2000+VALUE(RIGHT(D35,2)),VALUE(MID(D35,4,2)),VALUE(LEFT(D35,2))),""))))) | G35: =IFERROR(INDEX('Master Stock'!$C$2:$C$100,MATCH(ROWS($G$9:G35),'Master Stock'!$P$2:$P$100,0)),"") | H35: =IFERROR(INDEX('Master Stock'!$D$2:$D$100,MATCH(ROWS($G$9:G35),'Master Stock'!$P$2:$P$100,0)),"") | I35: =IFERROR(INDEX('Master Stock'!$J$2:$J$100,MATCH(ROWS($G$9:G35),'Master Stock'!$P$2:$P$100,0)),"") | J35: =IF(I35="","",MAX(0,TODAY()-(IF(ISNUMBER(I35),I35,IFERROR(DATE(2000+VALUE(RIGHT(I35,2)),VALUE(MID(I35,4,2)),VALUE(LEFT(I35,2))),""))))) | L35: =IFERROR(INDEX('Master Stock'!$C$2:$C$100,AGGREGATE(15,6,(ROW('Master Stock'!$C$2:$C$100)-ROW('Master Stock'!$C$2)+1)/(('Master Stock'!$H$2:$H$100="OCCUPIED")*('Master Stock'!$J$2:$J$100<>"")*('Master Stock'!$K$2:$K$100="")*('Master Stock'!$J$2:$J$100<TODAY()-30)),27)),"") | M35: =IFERROR(INDEX('Master Stock'!$D$2:$D$100,AGGREGATE(15,6,(ROW('Master Stock'!$C$2:$C$100)-ROW('Master Stock'!$C$2)+1)/(('Master Stock'!$H$2:$H$100="OCCUPIED")*('Master Stock'!$J$2:$J$100<>"")*('Master Stock'!$K$2:$K$100="")*('Master Stock'!$J$2:$J$100<TODAY()-30)),27)),"") | N35: =IFERROR(INDEX('Master Stock'!$J$2:$J$100,AGGREGATE(15,6,(ROW('Master Stock'!$C$2:$C$100)-ROW('Master Stock'!$C$2)+1)/(('Master Stock'!$H$2:$H$100="OCCUPIED")*('Master Stock'!$J$2:$J$100<>"")*('Master Stock'!$K$2:$K$100="")*('Master Stock'!$J$2:$J$100<TODAY()-30)),27)),"") | O35: =IF(N35="","",MAX(0,TODAY()-(IF(ISNUMBER(N35),N35,IFERROR(DATE(2000+VALUE(RIGHT(N35,2)),VALUE(MID(N35,4,2)),VALUE(LEFT(N35,2))),"")))))
A36: =IFERROR(INDEX('Master Stock'!$C$2:$C$100,MATCH(ROWS($A$9:A36),'Master Stock'!$N$2:$N$100,0)),"") | B36: =IFERROR(INDEX('Master Stock'!$D$2:$D$100,MATCH(ROWS($A$9:A36),'Master Stock'!$N$2:$N$100,0)),"") | C36: =IFERROR(INDEX('Master Stock'!$B$2:$B$100,MATCH(ROWS($A$9:A36),'Master Stock'!$N$2:$N$100,0)),"") | D36: =IFERROR(INDEX('Master Stock'!$J$2:$J$100,MATCH(ROWS($A$9:A36),'Master Stock'!$N$2:$N$100,0)),"") | E36: =IF(D36="","",MAX(0,TODAY()-(IF(ISNUMBER(D36),D36,IFERROR(DATE(2000+VALUE(RIGHT(D36,2)),VALUE(MID(D36,4,2)),VALUE(LEFT(D36,2))),""))))) | G36: =IFERROR(INDEX('Master Stock'!$C$2:$C$100,MATCH(ROWS($G$9:G36),'Master Stock'!$P$2:$P$100,0)),"") | H36: =IFERROR(INDEX('Master Stock'!$D$2:$D$100,MATCH(ROWS($G$9:G36),'Master Stock'!$P$2:$P$100,0)),"") | I36: =IFERROR(INDEX('Master Stock'!$J$2:$J$100,MATCH(ROWS($G$9:G36),'Master Stock'!$P$2:$P$100,0)),"") | J36: =IF(I36="","",MAX(0,TODAY()-(IF(ISNUMBER(I36),I36,IFERROR(DATE(2000+VALUE(RIGHT(I36,2)),VALUE(MID(I36,4,2)),VALUE(LEFT(I36,2))),""))))) | L36: =IFERROR(INDEX('Master Stock'!$C$2:$C$100,AGGREGATE(15,6,(ROW('Master Stock'!$C$2:$C$100)-ROW('Master Stock'!$C$2)+1)/(('Master Stock'!$H$2:$H$100="OCCUPIED")*('Master Stock'!$J$2:$J$100<>"")*('Master Stock'!$K$2:$K$100="")*('Master Stock'!$J$2:$J$100<TODAY()-30)),28)),"") | M36: =IFERROR(INDEX('Master Stock'!$D$2:$D$100,AGGREGATE(15,6,(ROW('Master Stock'!$C$2:$C$100)-ROW('Master Stock'!$C$2)+1)/(('Master Stock'!$H$2:$H$100="OCCUPIED")*('Master Stock'!$J$2:$J$100<>"")*('Master Stock'!$K$2:$K$100="")*('Master Stock'!$J$2:$J$100<TODAY()-30)),28)),"") | N36: =IFERROR(INDEX('Master Stock'!$J$2:$J$100,AGGREGATE(15,6,(ROW('Master Stock'!$C$2:$C$100)-ROW('Master Stock'!$C$2)+1)/(('Master Stock'!$H$2:$H$100="OCCUPIED")*('Master Stock'!$J$2:$J$100<>"")*('Master Stock'!$K$2:$K$100="")*('Master Stock'!$J$2:$J$100<TODAY()-30)),28)),"") | O36: =IF(N36="","",MAX(0,TODAY()-(IF(ISNUMBER(N36),N36,IFERROR(DATE(2000+VALUE(RIGHT(N36,2)),VALUE(MID(N36,4,2)),VALUE(LEFT(N36,2))),"")))))
A37: =IFERROR(INDEX('Master Stock'!$C$2:$C$100,MATCH(ROWS($A$9:A37),'Master Stock'!$N$2:$N$100,0)),"") | B37: =IFERROR(INDEX('Master Stock'!$D$2:$D$100,MATCH(ROWS($A$9:A37),'Master Stock'!$N$2:$N$100,0)),"") | C37: =IFERROR(INDEX('Master Stock'!$B$2:$B$100,MATCH(ROWS($A$9:A37),'Master Stock'!$N$2:$N$100,0)),"") | D37: =IFERROR(INDEX('Master Stock'!$J$2:$J$100,MATCH(ROWS($A$9:A37),'Master Stock'!$N$2:$N$100,0)),"") | E37: =IF(D37="","",MAX(0,TODAY()-(IF(ISNUMBER(D37),D37,IFERROR(DATE(2000+VALUE(RIGHT(D37,2)),VALUE(MID(D37,4,2)),VALUE(LEFT(D37,2))),""))))) | G37: =IFERROR(INDEX('Master Stock'!$C$2:$C$100,MATCH(ROWS($G$9:G37),'Master Stock'!$P$2:$P$100,0)),"") | H37: =IFERROR(INDEX('Master Stock'!$D$2:$D$100,MATCH(ROWS($G$9:G37),'Master Stock'!$P$2:$P$100,0)),"") | I37: =IFERROR(INDEX('Master Stock'!$J$2:$J$100,MATCH(ROWS($G$9:G37),'Master Stock'!$P$2:$P$100,0)),"") | J37: =IF(I37="","",MAX(0,TODAY()-(IF(ISNUMBER(I37),I37,IFERROR(DATE(2000+VALUE(RIGHT(I37,2)),VALUE(MID(I37,4,2)),VALUE(LEFT(I37,2))),""))))) | L37: =IFERROR(INDEX('Master Stock'!$C$2:$C$100,AGGREGATE(15,6,(ROW('Master Stock'!$C$2:$C$100)-ROW('Master Stock'!$C$2)+1)/(('Master Stock'!$H$2:$H$100="OCCUPIED")*('Master Stock'!$J$2:$J$100<>"")*('Master Stock'!$K$2:$K$100="")*('Master Stock'!$J$2:$J$100<TODAY()-30)),29)),"") | M37: =IFERROR(INDEX('Master Stock'!$D$2:$D$100,AGGREGATE(15,6,(ROW('Master Stock'!$C$2:$C$100)-ROW('Master Stock'!$C$2)+1)/(('Master Stock'!$H$2:$H$100="OCCUPIED")*('Master Stock'!$J$2:$J$100<>"")*('Master Stock'!$K$2:$K$100="")*('Master Stock'!$J$2:$J$100<TODAY()-30)),29)),"") | N37: =IFERROR(INDEX('Master Stock'!$J$2:$J$100,AGGREGATE(15,6,(ROW('Master Stock'!$C$2:$C$100)-ROW('Master Stock'!$C$2)+1)/(('Master Stock'!$H$2:$H$100="OCCUPIED")*('Master Stock'!$J$2:$J$100<>"")*('Master Stock'!$K$2:$K$100="")*('Master Stock'!$J$2:$J$100<TODAY()-30)),29)),"") | O37: =IF(N37="","",MAX(0,TODAY()-(IF(ISNUMBER(N37),N37,IFERROR(DATE(2000+VALUE(RIGHT(N37,2)),VALUE(MID(N37,4,2)),VALUE(LEFT(N37,2))),"")))))
A38: =IFERROR(INDEX('Master Stock'!$C$2:$C$100,MATCH(ROWS($A$9:A38),'Master Stock'!$N$2:$N$100,0)),"") | B38: =IFERROR(INDEX('Master Stock'!$D$2:$D$100,MATCH(ROWS($A$9:A38),'Master Stock'!$N$2:$N$100,0)),"") | C38: =IFERROR(INDEX('Master Stock'!$B$2:$B$100,MATCH(ROWS($A$9:A38),'Master Stock'!$N$2:$N$100,0)),"") | D38: =IFERROR(INDEX('Master Stock'!$J$2:$J$100,MATCH(ROWS($A$9:A38),'Master Stock'!$N$2:$N$100,0)),"") | E38: =IF(D38="","",MAX(0,TODAY()-(IF(ISNUMBER(D38),D38,IFERROR(DATE(2000+VALUE(RIGHT(D38,2)),VALUE(MID(D38,4,2)),VALUE(LEFT(D38,2))),""))))) | G38: =IFERROR(INDEX('Master Stock'!$C$2:$C$100,MATCH(ROWS($G$9:G38),'Master Stock'!$P$2:$P$100,0)),"") | H38: =IFERROR(INDEX('Master Stock'!$D$2:$D$100,MATCH(ROWS($G$9:G38),'Master Stock'!$P$2:$P$100,0)),"") | I38: =IFERROR(INDEX('Master Stock'!$J$2:$J$100,MATCH(ROWS($G$9:G38),'Master Stock'!$P$2:$P$100,0)),"") | J38: =IF(I38="","",MAX(0,TODAY()-(IF(ISNUMBER(I38),I38,IFERROR(DATE(2000+VALUE(RIGHT(I38,2)),VALUE(MID(I38,4,2)),VALUE(LEFT(I38,2))),""))))) | L38: =IFERROR(INDEX('Master Stock'!$C$2:$C$100,AGGREGATE(15,6,(ROW('Master Stock'!$C$2:$C$100)-ROW('Master Stock'!$C$2)+1)/(('Master Stock'!$H$2:$H$100="OCCUPIED")*('Master Stock'!$J$2:$J$100<>"")*('Master Stock'!$K$2:$K$100="")*('Master Stock'!$J$2:$J$100<TODAY()-30)),30)),"") | M38: =IFERROR(INDEX('Master Stock'!$D$2:$D$100,AGGREGATE(15,6,(ROW('Master Stock'!$C$2:$C$100)-ROW('Master Stock'!$C$2)+1)/(('Master Stock'!$H$2:$H$100="OCCUPIED")*('Master Stock'!$J$2:$J$100<>"")*('Master Stock'!$K$2:$K$100="")*('Master Stock'!$J$2:$J$100<TODAY()-30)),30)),"") | N38: =IFERROR(INDEX('Master Stock'!$J$2:$J$100,AGGREGATE(15,6,(ROW('Master Stock'!$C$2:$C$100)-ROW('Master Stock'!$C$2)+1)/(('Master Stock'!$H$2:$H$100="OCCUPIED")*('Master Stock'!$J$2:$J$100<>"")*('Master Stock'!$K$2:$K$100="")*('Master Stock'!$J$2:$J$100<TODAY()-30)),30)),"") | O38: =IF(N38="","",MAX(0,TODAY()-(IF(ISNUMBER(N38),N38,IFERROR(DATE(2000+VALUE(RIGHT(N38,2)),VALUE(MID(N38,4,2)),VALUE(LEFT(N38,2))),"")))))
A39: =IFERROR(INDEX('Master Stock'!$C$2:$C$100,MATCH(ROWS($A$9:A39),'Master Stock'!$N$2:$N$100,0)),"") | B39: =IFERROR(INDEX('Master Stock'!$D$2:$D$100,MATCH(ROWS($A$9:A39),'Master Stock'!$N$2:$N$100,0)),"") | C39: =IFERROR(INDEX('Master Stock'!$B$2:$B$100,MATCH(ROWS($A$9:A39),'Master Stock'!$N$2:$N$100,0)),"") | D39: =IFERROR(INDEX('Master Stock'!$J$2:$J$100,MATCH(ROWS($A$9:A39),'Master Stock'!$N$2:$N$100,0)),"") | E39: =IF(D39="","",MAX(0,TODAY()-(IF(ISNUMBER(D39),D39,IFERROR(DATE(2000+VALUE(RIGHT(D39,2)),VALUE(MID(D39,4,2)),VALUE(LEFT(D39,2))),""))))) | G39: =IFERROR(INDEX('Master Stock'!$C$2:$C$100,MATCH(ROWS($G$9:G39),'Master Stock'!$P$2:$P$100,0)),"") | H39: =IFERROR(INDEX('Master Stock'!$D$2:$D$100,MATCH(ROWS($G$9:G39),'Master Stock'!$P$2:$P$100,0)),"") | I39: =IFERROR(INDEX('Master Stock'!$J$2:$J$100,MATCH(ROWS($G$9:G39),'Master Stock'!$P$2:$P$100,0)),"") | J39: =IF(I39="","",MAX(0,TODAY()-(IF(ISNUMBER(I39),I39,IFERROR(DATE(2000+VALUE(RIGHT(I39,2)),VALUE(MID(I39,4,2)),VALUE(LEFT(I39,2))),""))))) | L39: =IFERROR(INDEX('Master Stock'!$C$2:$C$100,AGGREGATE(15,6,(ROW('Master Stock'!$C$2:$C$100)-ROW('Master Stock'!$C$2)+1)/(('Master Stock'!$H$2:$H$100="OCCUPIED")*('Master Stock'!$J$2:$J$100<>"")*('Master Stock'!$K$2:$K$100="")*('Master Stock'!$J$2:$J$100<TODAY()-30)),31)),"") | M39: =IFERROR(INDEX('Master Stock'!$D$2:$D$100,AGGREGATE(15,6,(ROW('Master Stock'!$C$2:$C$100)-ROW('Master Stock'!$C$2)+1)/(('Master Stock'!$H$2:$H$100="OCCUPIED")*('Master Stock'!$J$2:$J$100<>"")*('Master Stock'!$K$2:$K$100="")*('Master Stock'!$J$2:$J$100<TODAY()-30)),31)),"") | N39: =IFERROR(INDEX('Master Stock'!$J$2:$J$100,AGGREGATE(15,6,(ROW('Master Stock'!$C$2:$C$100)-ROW('Master Stock'!$C$2)+1)/(('Master Stock'!$H$2:$H$100="OCCUPIED")*('Master Stock'!$J$2:$J$100<>"")*('Master Stock'!$K$2:$K$100="")*('Master Stock'!$J$2:$J$100<TODAY()-30)),31)),"") | O39: =IF(N39="","",MAX(0,TODAY()-(IF(ISNUMBER(N39),N39,IFERROR(DATE(2000+VALUE(RIGHT(N39,2)),VALUE(MID(N39,4,2)),VALUE(LEFT(N39,2))),"")))))
A40: =IFERROR(INDEX('Master Stock'!$C$2:$C$100,MATCH(ROWS($A$9:A40),'Master Stock'!$N$2:$N$100,0)),"") | B40: =IFERROR(INDEX('Master Stock'!$D$2:$D$100,MATCH(ROWS($A$9:A40),'Master Stock'!$N$2:$N$100,0)),"") | C40: =IFERROR(INDEX('Master Stock'!$B$2:$B$100,MATCH(ROWS($A$9:A40),'Master Stock'!$N$2:$N$100,0)),"") | D40: =IFERROR(INDEX('Master Stock'!$J$2:$J$100,MATCH(ROWS($A$9:A40),'Master Stock'!$N$2:$N$100,0)),"") | E40: =IF(D40="","",MAX(0,TODAY()-(IF(ISNUMBER(D40),D40,IFERROR(DATE(2000+VALUE(RIGHT(D40,2)),VALUE(MID(D40,4,2)),VALUE(LEFT(D40,2))),""))))) | G40: =IFERROR(INDEX('Master Stock'!$C$2:$C$100,MATCH(ROWS($G$9:G40),'Master Stock'!$P$2:$P$100,0)),"") | H40: =IFERROR(INDEX('Master Stock'!$D$2:$D$100,MATCH(ROWS($G$9:G40),'Master Stock'!$P$2:$P$100,0)),"") | I40: =IFERROR(INDEX('Master Stock'!$J$2:$J$100,MATCH(ROWS($G$9:G40),'Master Stock'!$P$2:$P$100,0)),"") | J40: =IF(I40="","",MAX(0,TODAY()-(IF(ISNUMBER(I40),I40,IFERROR(DATE(2000+VALUE(RIGHT(I40,2)),VALUE(MID(I40,4,2)),VALUE(LEFT(I40,2))),""))))) | L40: =IFERROR(INDEX('Master Stock'!$C$2:$C$100,AGGREGATE(15,6,(ROW('Master Stock'!$C$2:$C$100)-ROW('Master Stock'!$C$2)+1)/(('Master Stock'!$H$2:$H$100="OCCUPIED")*('Master Stock'!$J$2:$J$100<>"")*('Master Stock'!$K$2:$K$100="")*('Master Stock'!$J$2:$J$100<TODAY()-30)),32)),"") | M40: =IFERROR(INDEX('Master Stock'!$D$2:$D$100,AGGREGATE(15,6,(ROW('Master Stock'!$C$2:$C$100)-ROW('Master Stock'!$C$2)+1)/(('Master Stock'!$H$2:$H$100="OCCUPIED")*('Master Stock'!$J$2:$J$100<>"")*('Master Stock'!$K$2:$K$100="")*('Master Stock'!$J$2:$J$100<TODAY()-30)),32)),"") | N40: =IFERROR(INDEX('Master Stock'!$J$2:$J$100,AGGREGATE(15,6,(ROW('Master Stock'!$C$2:$C$100)-ROW('Master Stock'!$C$2)+1)/(('Master Stock'!$H$2:$H$100="OCCUPIED")*('Master Stock'!$J$2:$J$100<>"")*('Master Stock'!$K$2:$K$100="")*('Master Stock'!$J$2:$J$100<TODAY()-30)),32)),"") | O40: =IF(N40="","",MAX(0,TODAY()-(IF(ISNUMBER(N40),N40,IFERROR(DATE(2000+VALUE(RIGHT(N40,2)),VALUE(MID(N40,4,2)),VALUE(LEFT(N40,2))),"")))))
A41: =IFERROR(INDEX('Master Stock'!$C$2:$C$100,MATCH(ROWS($A$9:A41),'Master Stock'!$N$2:$N$100,0)),"") | B41: =IFERROR(INDEX('Master Stock'!$D$2:$D$100,MATCH(ROWS($A$9:A41),'Master Stock'!$N$2:$N$100,0)),"") | C41: =IFERROR(INDEX('Master Stock'!$B$2:$B$100,MATCH(ROWS($A$9:A41),'Master Stock'!$N$2:$N$100,0)),"") | D41: =IFERROR(INDEX('Master Stock'!$J$2:$J$100,MATCH(ROWS($A$9:A41),'Master Stock'!$N$2:$N$100,0)),"") | E41: =IF(D41="","",MAX(0,TODAY()-(IF(ISNUMBER(D41),D41,IFERROR(DATE(2000+VALUE(RIGHT(D41,2)),VALUE(MID(D41,4,2)),VALUE(LEFT(D41,2))),""))))) | G41: =IFERROR(INDEX('Master Stock'!$C$2:$C$100,MATCH(ROWS($G$9:G41),'Master Stock'!$P$2:$P$100,0)),"") | H41: =IFERROR(INDEX('Master Stock'!$D$2:$D$100,MATCH(ROWS($G$9:G41),'Master Stock'!$P$2:$P$100,0)),"") | I41: =IFERROR(INDEX('Master Stock'!$J$2:$J$100,MATCH(ROWS($G$9:G41),'Master Stock'!$P$2:$P$100,0)),"") | J41: =IF(I41="","",MAX(0,TODAY()-(IF(ISNUMBER(I41),I41,IFERROR(DATE(2000+VALUE(RIGHT(I41,2)),VALUE(MID(I41,4,2)),VALUE(LEFT(I41,2))),""))))) | L41: =IFERROR(INDEX('Master Stock'!$C$2:$C$100,AGGREGATE(15,6,(ROW('Master Stock'!$C$2:$C$100)-ROW('Master Stock'!$C$2)+1)/(('Master Stock'!$H$2:$H$100="OCCUPIED")*('Master Stock'!$J$2:$J$100<>"")*('Master Stock'!$K$2:$K$100="")*('Master Stock'!$J$2:$J$100<TODAY()-30)),33)),"") | M41: =IFERROR(INDEX('Master Stock'!$D$2:$D$100,AGGREGATE(15,6,(ROW('Master Stock'!$C$2:$C$100)-ROW('Master Stock'!$C$2)+1)/(('Master Stock'!$H$2:$H$100="OCCUPIED")*('Master Stock'!$J$2:$J$100<>"")*('Master Stock'!$K$2:$K$100="")*('Master Stock'!$J$2:$J$100<TODAY()-30)),33)),"") | N41: =IFERROR(INDEX('Master Stock'!$J$2:$J$100,AGGREGATE(15,6,(ROW('Master Stock'!$C$2:$C$100)-ROW('Master Stock'!$C$2)+1)/(('Master Stock'!$H$2:$H$100="OCCUPIED")*('Master Stock'!$J$2:$J$100<>"")*('Master Stock'!$K$2:$K$100="")*('Master Stock'!$J$2:$J$100<TODAY()-30)),33)),"") | O41: =IF(N41="","",MAX(0,TODAY()-(IF(ISNUMBER(N41),N41,IFERROR(DATE(2000+VALUE(RIGHT(N41,2)),VALUE(MID(N41,4,2)),VALUE(LEFT(N41,2))),"")))))
A42: =IFERROR(INDEX('Master Stock'!$C$2:$C$100,MATCH(ROWS($A$9:A42),'Master Stock'!$N$2:$N$100,0)),"") | B42: =IFERROR(INDEX('Master Stock'!$D$2:$D$100,MATCH(ROWS($A$9:A42),'Master Stock'!$N$2:$N$100,0)),"") | C42: =IFERROR(INDEX('Master Stock'!$B$2:$B$100,MATCH(ROWS($A$9:A42),'Master Stock'!$N$2:$N$100,0)),"") | D42: =IFERROR(INDEX('Master Stock'!$J$2:$J$100,MATCH(ROWS($A$9:A42),'Master Stock'!$N$2:$N$100,0)),"") | E42: =IF(D42="","",MAX(0,TODAY()-(IF(ISNUMBER(D42),D42,IFERROR(DATE(2000+VALUE(RIGHT(D42,2)),VALUE(MID(D42,4,2)),VALUE(LEFT(D42,2))),""))))) | G42: =IFERROR(INDEX('Master Stock'!$C$2:$C$100,MATCH(ROWS($G$9:G42),'Master Stock'!$P$2:$P$100,0)),"") | H42: =IFERROR(INDEX('Master Stock'!$D$2:$D$100,MATCH(ROWS($G$9:G42),'Master Stock'!$P$2:$P$100,0)),"") | I42: =IFERROR(INDEX('Master Stock'!$J$2:$J$100,MATCH(ROWS($G$9:G42),'Master Stock'!$P$2:$P$100,0)),"") | J42: =IF(I42="","",MAX(0,TODAY()-(IF(ISNUMBER(I42),I42,IFERROR(DATE(2000+VALUE(RIGHT(I42,2)),VALUE(MID(I42,4,2)),VALUE(LEFT(I42,2))),""))))) | L42: =IFERROR(INDEX('Master Stock'!$C$2:$C$100,AGGREGATE(15,6,(ROW('Master Stock'!$C$2:$C$100)-ROW('Master Stock'!$C$2)+1)/(('Master Stock'!$H$2:$H$100="OCCUPIED")*('Master Stock'!$J$2:$J$100<>"")*('Master Stock'!$K$2:$K$100="")*('Master Stock'!$J$2:$J$100<TODAY()-30)),34)),"") | M42: =IFERROR(INDEX('Master Stock'!$D$2:$D$100,AGGREGATE(15,6,(ROW('Master Stock'!$C$2:$C$100)-ROW('Master Stock'!$C$2)+1)/(('Master Stock'!$H$2:$H$100="OCCUPIED")*('Master Stock'!$J$2:$J$100<>"")*('Master Stock'!$K$2:$K$100="")*('Master Stock'!$J$2:$J$100<TODAY()-30)),34)),"") | N42: =IFERROR(INDEX('Master Stock'!$J$2:$J$100,AGGREGATE(15,6,(ROW('Master Stock'!$C$2:$C$100)-ROW('Master Stock'!$C$2)+1)/(('Master Stock'!$H$2:$H$100="OCCUPIED")*('Master Stock'!$J$2:$J$100<>"")*('Master Stock'!$K$2:$K$100="")*('Master Stock'!$J$2:$J$100<TODAY()-30)),34)),"") | O42: =IF(N42="","",MAX(0,TODAY()-(IF(ISNUMBER(N42),N42,IFERROR(DATE(2000+VALUE(RIGHT(N42,2)),VALUE(MID(N42,4,2)),VALUE(LEFT(N42,2))),"")))))
A43: =IFERROR(INDEX('Master Stock'!$C$2:$C$100,MATCH(ROWS($A$9:A43),'Master Stock'!$N$2:$N$100,0)),"") | B43: =IFERROR(INDEX('Master Stock'!$D$2:$D$100,MATCH(ROWS($A$9:A43),'Master Stock'!$N$2:$N$100,0)),"") | C43: =IFERROR(INDEX('Master Stock'!$B$2:$B$100,MATCH(ROWS($A$9:A43),'Master Stock'!$N$2:$N$100,0)),"") | D43: =IFERROR(INDEX('Master Stock'!$J$2:$J$100,MATCH(ROWS($A$9:A43),'Master Stock'!$N$2:$N$100,0)),"") | E43: =IF(D43="","",MAX(0,TODAY()-(IF(ISNUMBER(D43),D43,IFERROR(DATE(2000+VALUE(RIGHT(D43,2)),VALUE(MID(D43,4,2)),VALUE(LEFT(D43,2))),""))))) | G43: =IFERROR(INDEX('Master Stock'!$C$2:$C$100,MATCH(ROWS($G$9:G43),'Master Stock'!$P$2:$P$100,0)),"") | H43: =IFERROR(INDEX('Master Stock'!$D$2:$D$100,MATCH(ROWS($G$9:G43),'Master Stock'!$P$2:$P$100,0)),"") | I43: =IFERROR(INDEX('Master Stock'!$J$2:$J$100,MATCH(ROWS($G$9:G43),'Master Stock'!$P$2:$P$100,0)),"") | J43: =IF(I43="","",MAX(0,TODAY()-(IF(ISNUMBER(I43),I43,IFERROR(DATE(2000+VALUE(RIGHT(I43,2)),VALUE(MID(I43,4,2)),VALUE(LEFT(I43,2))),""))))) | L43: =IFERROR(INDEX('Master Stock'!$C$2:$C$100,AGGREGATE(15,6,(ROW('Master Stock'!$C$2:$C$100)-ROW('Master Stock'!$C$2)+1)/(('Master Stock'!$H$2:$H$100="OCCUPIED")*('Master Stock'!$J$2:$J$100<>"")*('Master Stock'!$K$2:$K$100="")*('Master Stock'!$J$2:$J$100<TODAY()-30)),35)),"") | M43: =IFERROR(INDEX('Master Stock'!$D$2:$D$100,AGGREGATE(15,6,(ROW('Master Stock'!$C$2:$C$100)-ROW('Master Stock'!$C$2)+1)/(('Master Stock'!$H$2:$H$100="OCCUPIED")*('Master Stock'!$J$2:$J$100<>"")*('Master Stock'!$K$2:$K$100="")*('Master Stock'!$J$2:$J$100<TODAY()-30)),35)),"") | N43: =IFERROR(INDEX('Master Stock'!$J$2:$J$100,AGGREGATE(15,6,(ROW('Master Stock'!$C$2:$C$100)-ROW('Master Stock'!$C$2)+1)/(('Master Stock'!$H$2:$H$100="OCCUPIED")*('Master Stock'!$J$2:$J$100<>"")*('Master Stock'!$K$2:$K$100="")*('Master Stock'!$J$2:$J$100<TODAY()-30)),35)),"") | O43: =IF(N43="","",MAX(0,TODAY()-(IF(ISNUMBER(N43),N43,IFERROR(DATE(2000+VALUE(RIGHT(N43,2)),VALUE(MID(N43,4,2)),VALUE(LEFT(N43,2))),"")))))
A44: =IFERROR(INDEX('Master Stock'!$C$2:$C$100,MATCH(ROWS($A$9:A44),'Master Stock'!$N$2:$N$100,0)),"") | B44: =IFERROR(INDEX('Master Stock'!$D$2:$D$100,MATCH(ROWS($A$9:A44),'Master Stock'!$N$2:$N$100,0)),"") | C44: =IFERROR(INDEX('Master Stock'!$B$2:$B$100,MATCH(ROWS($A$9:A44),'Master Stock'!$N$2:$N$100,0)),"") | D44: =IFERROR(INDEX('Master Stock'!$J$2:$J$100,MATCH(ROWS($A$9:A44),'Master Stock'!$N$2:$N$100,0)),"") | E44: =IF(D44="","",MAX(0,TODAY()-(IF(ISNUMBER(D44),D44,IFERROR(DATE(2000+VALUE(RIGHT(D44,2)),VALUE(MID(D44,4,2)),VALUE(LEFT(D44,2))),""))))) | G44: =IFERROR(INDEX('Master Stock'!$C$2:$C$100,MATCH(ROWS($G$9:G44),'Master Stock'!$P$2:$P$100,0)),"") | H44: =IFERROR(INDEX('Master Stock'!$D$2:$D$100,MATCH(ROWS($G$9:G44),'Master Stock'!$P$2:$P$100,0)),"") | I44: =IFERROR(INDEX('Master Stock'!$J$2:$J$100,MATCH(ROWS($G$9:G44),'Master Stock'!$P$2:$P$100,0)),"") | J44: =IF(I44="","",MAX(0,TODAY()-(IF(ISNUMBER(I44),I44,IFERROR(DATE(2000+VALUE(RIGHT(I44,2)),VALUE(MID(I44,4,2)),VALUE(LEFT(I44,2))),""))))) | L44: =IFERROR(INDEX('Master Stock'!$C$2:$C$100,AGGREGATE(15,6,(ROW('Master Stock'!$C$2:$C$100)-ROW('Master Stock'!$C$2)+1)/(('Master Stock'!$H$2:$H$100="OCCUPIED")*('Master Stock'!$J$2:$J$100<>"")*('Master Stock'!$K$2:$K$100="")*('Master Stock'!$J$2:$J$100<TODAY()-30)),36)),"") | M44: =IFERROR(INDEX('Master Stock'!$D$2:$D$100,AGGREGATE(15,6,(ROW('Master Stock'!$C$2:$C$100)-ROW('Master Stock'!$C$2)+1)/(('Master Stock'!$H$2:$H$100="OCCUPIED")*('Master Stock'!$J$2:$J$100<>"")*('Master Stock'!$K$2:$K$100="")*('Master Stock'!$J$2:$J$100<TODAY()-30)),36)),"") | N44: =IFERROR(INDEX('Master Stock'!$J$2:$J$100,AGGREGATE(15,6,(ROW('Master Stock'!$C$2:$C$100)-ROW('Master Stock'!$C$2)+1)/(('Master Stock'!$H$2:$H$100="OCCUPIED")*('Master Stock'!$J$2:$J$100<>"")*('Master Stock'!$K$2:$K$100="")*('Master Stock'!$J$2:$J$100<TODAY()-30)),36)),"") | O44: =IF(N44="","",MAX(0,TODAY()-(IF(ISNUMBER(N44),N44,IFERROR(DATE(2000+VALUE(RIGHT(N44,2)),VALUE(MID(N44,4,2)),VALUE(LEFT(N44,2))),"")))))
A45: =IFERROR(INDEX('Master Stock'!$C$2:$C$100,MATCH(ROWS($A$9:A45),'Master Stock'!$N$2:$N$100,0)),"") | B45: =IFERROR(INDEX('Master Stock'!$D$2:$D$100,MATCH(ROWS($A$9:A45),'Master Stock'!$N$2:$N$100,0)),"") | C45: =IFERROR(INDEX('Master Stock'!$B$2:$B$100,MATCH(ROWS($A$9:A45),'Master Stock'!$N$2:$N$100,0)),"") | D45: =IFERROR(INDEX('Master Stock'!$J$2:$J$100,MATCH(ROWS($A$9:A45),'Master Stock'!$N$2:$N$100,0)),"") | E45: =IF(D45="","",MAX(0,TODAY()-(IF(ISNUMBER(D45),D45,IFERROR(DATE(2000+VALUE(RIGHT(D45,2)),VALUE(MID(D45,4,2)),VALUE(LEFT(D45,2))),""))))) | G45: =IFERROR(INDEX('Master Stock'!$C$2:$C$100,MATCH(ROWS($G$9:G45),'Master Stock'!$P$2:$P$100,0)),"") | H45: =IFERROR(INDEX('Master Stock'!$D$2:$D$100,MATCH(ROWS($G$9:G45),'Master Stock'!$P$2:$P$100,0)),"") | I45: =IFERROR(INDEX('Master Stock'!$J$2:$J$100,MATCH(ROWS($G$9:G45),'Master Stock'!$P$2:$P$100,0)),"") | J45: =IF(I45="","",MAX(0,TODAY()-(IF(ISNUMBER(I45),I45,IFERROR(DATE(2000+VALUE(RIGHT(I45,2)),VALUE(MID(I45,4,2)),VALUE(LEFT(I45,2))),""))))) | L45: =IFERROR(INDEX('Master Stock'!$C$2:$C$100,AGGREGATE(15,6,(ROW('Master Stock'!$C$2:$C$100)-ROW('Master Stock'!$C$2)+1)/(('Master Stock'!$H$2:$H$100="OCCUPIED")*('Master Stock'!$J$2:$J$100<>"")*('Master Stock'!$K$2:$K$100="")*('Master Stock'!$J$2:$J$100<TODAY()-30)),37)),"") | M45: =IFERROR(INDEX('Master Stock'!$D$2:$D$100,AGGREGATE(15,6,(ROW('Master Stock'!$C$2:$C$100)-ROW('Master Stock'!$C$2)+1)/(('Master Stock'!$H$2:$H$100="OCCUPIED")*('Master Stock'!$J$2:$J$100<>"")*('Master Stock'!$K$2:$K$100="")*('Master Stock'!$J$2:$J$100<TODAY()-30)),37)),"") | N45: =IFERROR(INDEX('Master Stock'!$J$2:$J$100,AGGREGATE(15,6,(ROW('Master Stock'!$C$2:$C$100)-ROW('Master Stock'!$C$2)+1)/(('Master Stock'!$H$2:$H$100="OCCUPIED")*('Master Stock'!$J$2:$J$100<>"")*('Master Stock'!$K$2:$K$100="")*('Master Stock'!$J$2:$J$100<TODAY()-30)),37)),"") | O45: =IF(N45="","",MAX(0,TODAY()-(IF(ISNUMBER(N45),N45,IFERROR(DATE(2000+VALUE(RIGHT(N45,2)),VALUE(MID(N45,4,2)),VALUE(LEFT(N45,2))),"")))))
A46: =IFERROR(INDEX('Master Stock'!$C$2:$C$100,MATCH(ROWS($A$9:A46),'Master Stock'!$N$2:$N$100,0)),"") | B46: =IFERROR(INDEX('Master Stock'!$D$2:$D$100,MATCH(ROWS($A$9:A46),'Master Stock'!$N$2:$N$100,0)),"") | C46: =IFERROR(INDEX('Master Stock'!$B$2:$B$100,MATCH(ROWS($A$9:A46),'Master Stock'!$N$2:$N$100,0)),"") | D46: =IFERROR(INDEX('Master Stock'!$J$2:$J$100,MATCH(ROWS($A$9:A46),'Master Stock'!$N$2:$N$100,0)),"") | E46: =IF(D46="","",MAX(0,TODAY()-(IF(ISNUMBER(D46),D46,IFERROR(DATE(2000+VALUE(RIGHT(D46,2)),VALUE(MID(D46,4,2)),VALUE(LEFT(D46,2))),""))))) | G46: =IFERROR(INDEX('Master Stock'!$C$2:$C$100,MATCH(ROWS($G$9:G46),'Master Stock'!$P$2:$P$100,0)),"") | H46: =IFERROR(INDEX('Master Stock'!$D$2:$D$100,MATCH(ROWS($G$9:G46),'Master Stock'!$P$2:$P$100,0)),"") | I46: =IFERROR(INDEX('Master Stock'!$J$2:$J$100,MATCH(ROWS($G$9:G46),'Master Stock'!$P$2:$P$100,0)),"") | J46: =IF(I46="","",MAX(0,TODAY()-(IF(ISNUMBER(I46),I46,IFERROR(DATE(2000+VALUE(RIGHT(I46,2)),VALUE(MID(I46,4,2)),VALUE(LEFT(I46,2))),""))))) | L46: =IFERROR(INDEX('Master Stock'!$C$2:$C$100,AGGREGATE(15,6,(ROW('Master Stock'!$C$2:$C$100)-ROW('Master Stock'!$C$2)+1)/(('Master Stock'!$H$2:$H$100="OCCUPIED")*('Master Stock'!$J$2:$J$100<>"")*('Master Stock'!$K$2:$K$100="")*('Master Stock'!$J$2:$J$100<TODAY()-30)),38)),"") | M46: =IFERROR(INDEX('Master Stock'!$D$2:$D$100,AGGREGATE(15,6,(ROW('Master Stock'!$C$2:$C$100)-ROW('Master Stock'!$C$2)+1)/(('Master Stock'!$H$2:$H$100="OCCUPIED")*('Master Stock'!$J$2:$J$100<>"")*('Master Stock'!$K$2:$K$100="")*('Master Stock'!$J$2:$J$100<TODAY()-30)),38)),"") | N46: =IFERROR(INDEX('Master Stock'!$J$2:$J$100,AGGREGATE(15,6,(ROW('Master Stock'!$C$2:$C$100)-ROW('Master Stock'!$C$2)+1)/(('Master Stock'!$H$2:$H$100="OCCUPIED")*('Master Stock'!$J$2:$J$100<>"")*('Master Stock'!$K$2:$K$100="")*('Master Stock'!$J$2:$J$100<TODAY()-30)),38)),"") | O46: =IF(N46="","",MAX(0,TODAY()-(IF(ISNUMBER(N46),N46,IFERROR(DATE(2000+VALUE(RIGHT(N46,2)),VALUE(MID(N46,4,2)),VALUE(LEFT(N46,2))),"")))))
A47: =IFERROR(INDEX('Master Stock'!$C$2:$C$100,MATCH(ROWS($A$9:A47),'Master Stock'!$N$2:$N$100,0)),"") | B47: =IFERROR(INDEX('Master Stock'!$D$2:$D$100,MATCH(ROWS($A$9:A47),'Master Stock'!$N$2:$N$100,0)),"") | C47: =IFERROR(INDEX('Master Stock'!$B$2:$B$100,MATCH(ROWS($A$9:A47),'Master Stock'!$N$2:$N$100,0)),"") | D47: =IFERROR(INDEX('Master Stock'!$J$2:$J$100,MATCH(ROWS($A$9:A47),'Master Stock'!$N$2:$N$100,0)),"") | E47: =IF(D47="","",MAX(0,TODAY()-(IF(ISNUMBER(D47),D47,IFERROR(DATE(2000+VALUE(RIGHT(D47,2)),VALUE(MID(D47,4,2)),VALUE(LEFT(D47,2))),""))))) | G47: =IFERROR(INDEX('Master Stock'!$C$2:$C$100,MATCH(ROWS($G$9:G47),'Master Stock'!$P$2:$P$100,0)),"") | H47: =IFERROR(INDEX('Master Stock'!$D$2:$D$100,MATCH(ROWS($G$9:G47),'Master Stock'!$P$2:$P$100,0)),"") | I47: =IFERROR(INDEX('Master Stock'!$J$2:$J$100,MATCH(ROWS($G$9:G47),'Master Stock'!$P$2:$P$100,0)),"") | J47: =IF(I47="","",MAX(0,TODAY()-(IF(ISNUMBER(I47),I47,IFERROR(DATE(2000+VALUE(RIGHT(I47,2)),VALUE(MID(I47,4,2)),VALUE(LEFT(I47,2))),""))))) | L47: =IFERROR(INDEX('Master Stock'!$C$2:$C$100,AGGREGATE(15,6,(ROW('Master Stock'!$C$2:$C$100)-ROW('Master Stock'!$C$2)+1)/(('Master Stock'!$H$2:$H$100="OCCUPIED")*('Master Stock'!$J$2:$J$100<>"")*('Master Stock'!$K$2:$K$100="")*('Master Stock'!$J$2:$J$100<TODAY()-30)),39)),"") | M47: =IFERROR(INDEX('Master Stock'!$D$2:$D$100,AGGREGATE(15,6,(ROW('Master Stock'!$C$2:$C$100)-ROW('Master Stock'!$C$2)+1)/(('Master Stock'!$H$2:$H$100="OCCUPIED")*('Master Stock'!$J$2:$J$100<>"")*('Master Stock'!$K$2:$K$100="")*('Master Stock'!$J$2:$J$100<TODAY()-30)),39)),"") | N47: =IFERROR(INDEX('Master Stock'!$J$2:$J$100,AGGREGATE(15,6,(ROW('Master Stock'!$C$2:$C$100)-ROW('Master Stock'!$C$2)+1)/(('Master Stock'!$H$2:$H$100="OCCUPIED")*('Master Stock'!$J$2:$J$100<>"")*('Master Stock'!$K$2:$K$100="")*('Master Stock'!$J$2:$J$100<TODAY()-30)),39)),"") | O47: =IF(N47="","",MAX(0,TODAY()-(IF(ISNUMBER(N47),N47,IFERROR(DATE(2000+VALUE(RIGHT(N47,2)),VALUE(MID(N47,4,2)),VALUE(LEFT(N47,2))),"")))))
A48: =IFERROR(INDEX('Master Stock'!$C$2:$C$100,MATCH(ROWS($A$9:A48),'Master Stock'!$N$2:$N$100,0)),"") | B48: =IFERROR(INDEX('Master Stock'!$D$2:$D$100,MATCH(ROWS($A$9:A48),'Master Stock'!$N$2:$N$100,0)),"") | C48: =IFERROR(INDEX('Master Stock'!$B$2:$B$100,MATCH(ROWS($A$9:A48),'Master Stock'!$N$2:$N$100,0)),"") | D48: =IFERROR(INDEX('Master Stock'!$J$2:$J$100,MATCH(ROWS($A$9:A48),'Master Stock'!$N$2:$N$100,0)),"") | E48: =IF(D48="","",MAX(0,TODAY()-(IF(ISNUMBER(D48),D48,IFERROR(DATE(2000+VALUE(RIGHT(D48,2)),VALUE(MID(D48,4,2)),VALUE(LEFT(D48,2))),""))))) | G48: =IFERROR(INDEX('Master Stock'!$C$2:$C$100,MATCH(ROWS($G$9:G48),'Master Stock'!$P$2:$P$100,0)),"") | H48: =IFERROR(INDEX('Master Stock'!$D$2:$D$100,MATCH(ROWS($G$9:G48),'Master Stock'!$P$2:$P$100,0)),"") | I48: =IFERROR(INDEX('Master Stock'!$J$2:$J$100,MATCH(ROWS($G$9:G48),'Master Stock'!$P$2:$P$100,0)),"") | J48: =IF(I48="","",MAX(0,TODAY()-(IF(ISNUMBER(I48),I48,IFERROR(DATE(2000+VALUE(RIGHT(I48,2)),VALUE(MID(I48,4,2)),VALUE(LEFT(I48,2))),""))))) | L48: =IFERROR(INDEX('Master Stock'!$C$2:$C$100,AGGREGATE(15,6,(ROW('Master Stock'!$C$2:$C$100)-ROW('Master Stock'!$C$2)+1)/(('Master Stock'!$H$2:$H$100="OCCUPIED")*('Master Stock'!$J$2:$J$100<>"")*('Master Stock'!$K$2:$K$100="")*('Master Stock'!$J$2:$J$100<TODAY()-30)),40)),"") | M48: =IFERROR(INDEX('Master Stock'!$D$2:$D$100,AGGREGATE(15,6,(ROW('Master Stock'!$C$2:$C$100)-ROW('Master Stock'!$C$2)+1)/(('Master Stock'!$H$2:$H$100="OCCUPIED")*('Master Stock'!$J$2:$J$100<>"")*('Master Stock'!$K$2:$K$100="")*('Master Stock'!$J$2:$J$100<TODAY()-30)),40)),"") | N48: =IFERROR(INDEX('Master Stock'!$J$2:$J$100,AGGREGATE(15,6,(ROW('Master Stock'!$C$2:$C$100)-ROW('Master Stock'!$C$2)+1)/(('Master Stock'!$H$2:$H$100="OCCUPIED")*('Master Stock'!$J$2:$J$100<>"")*('Master Stock'!$K$2:$K$100="")*('Master Stock'!$J$2:$J$100<TODAY()-30)),40)),"") | O48: =IF(N48="","",MAX(0,TODAY()-(IF(ISNUMBER(N48),N48,IFERROR(DATE(2000+VALUE(RIGHT(N48,2)),VALUE(MID(N48,4,2)),VALUE(LEFT(N48,2))),"")))))
A49: =IFERROR(INDEX('Master Stock'!$C$2:$C$100,MATCH(ROWS($A$9:A49),'Master Stock'!$N$2:$N$100,0)),"") | B49: =IFERROR(INDEX('Master Stock'!$D$2:$D$100,MATCH(ROWS($A$9:A49),'Master Stock'!$N$2:$N$100,0)),"") | C49: =IFERROR(INDEX('Master Stock'!$B$2:$B$100,MATCH(ROWS($A$9:A49),'Master Stock'!$N$2:$N$100,0)),"") | D49: =IFERROR(INDEX('Master Stock'!$J$2:$J$100,MATCH(ROWS($A$9:A49),'Master Stock'!$N$2:$N$100,0)),"") | E49: =IF(D49="","",MAX(0,TODAY()-(IF(ISNUMBER(D49),D49,IFERROR(DATE(2000+VALUE(RIGHT(D49,2)),VALUE(MID(D49,4,2)),VALUE(LEFT(D49,2))),""))))) | G49: =IFERROR(INDEX('Master Stock'!$C$2:$C$100,MATCH(ROWS($G$9:G49),'Master Stock'!$P$2:$P$100,0)),"") | H49: =IFERROR(INDEX('Master Stock'!$D$2:$D$100,MATCH(ROWS($G$9:G49),'Master Stock'!$P$2:$P$100,0)),"") | I49: =IFERROR(INDEX('Master Stock'!$J$2:$J$100,MATCH(ROWS($G$9:G49),'Master Stock'!$P$2:$P$100,0)),"") | J49: =IF(I49="","",MAX(0,TODAY()-(IF(ISNUMBER(I49),I49,IFERROR(DATE(2000+VALUE(RIGHT(I49,2)),VALUE(MID(I49,4,2)),VALUE(LEFT(I49,2))),""))))) | L49: =IFERROR(INDEX('Master Stock'!$C$2:$C$100,AGGREGATE(15,6,(ROW('Master Stock'!$C$2:$C$100)-ROW('Master Stock'!$C$2)+1)/(('Master Stock'!$H$2:$H$100="OCCUPIED")*('Master Stock'!$J$2:$J$100<>"")*('Master Stock'!$K$2:$K$100="")*('Master Stock'!$J$2:$J$100<TODAY()-30)),41)),"") | M49: =IFERROR(INDEX('Master Stock'!$D$2:$D$100,AGGREGATE(15,6,(ROW('Master Stock'!$C$2:$C$100)-ROW('Master Stock'!$C$2)+1)/(('Master Stock'!$H$2:$H$100="OCCUPIED")*('Master Stock'!$J$2:$J$100<>"")*('Master Stock'!$K$2:$K$100="")*('Master Stock'!$J$2:$J$100<TODAY()-30)),41)),"") | N49: =IFERROR(INDEX('Master Stock'!$J$2:$J$100,AGGREGATE(15,6,(ROW('Master Stock'!$C$2:$C$100)-ROW('Master Stock'!$C$2)+1)/(('Master Stock'!$H$2:$H$100="OCCUPIED")*('Master Stock'!$J$2:$J$100<>"")*('Master Stock'!$K$2:$K$100="")*('Master Stock'!$J$2:$J$100<TODAY()-30)),41)),"") | O49: =IF(N49="","",MAX(0,TODAY()-(IF(ISNUMBER(N49),N49,IFERROR(DATE(2000+VALUE(RIGHT(N49,2)),VALUE(MID(N49,4,2)),VALUE(LEFT(N49,2))),"")))))
A50: =IFERROR(INDEX('Master Stock'!$C$2:$C$100,MATCH(ROWS($A$9:A50),'Master Stock'!$N$2:$N$100,0)),"") | B50: =IFERROR(INDEX('Master Stock'!$D$2:$D$100,MATCH(ROWS($A$9:A50),'Master Stock'!$N$2:$N$100,0)),"") | C50: =IFERROR(INDEX('Master Stock'!$B$2:$B$100,MATCH(ROWS($A$9:A50),'Master Stock'!$N$2:$N$100,0)),"") | D50: =IFERROR(INDEX('Master Stock'!$J$2:$J$100,MATCH(ROWS($A$9:A50),'Master Stock'!$N$2:$N$100,0)),"") | E50: =IF(D50="","",MAX(0,TODAY()-(IF(ISNUMBER(D50),D50,IFERROR(DATE(2000+VALUE(RIGHT(D50,2)),VALUE(MID(D50,4,2)),VALUE(LEFT(D50,2))),""))))) | G50: =IFERROR(INDEX('Master Stock'!$C$2:$C$100,MATCH(ROWS($G$9:G50),'Master Stock'!$P$2:$P$100,0)),"") | H50: =IFERROR(INDEX('Master Stock'!$D$2:$D$100,MATCH(ROWS($G$9:G50),'Master Stock'!$P$2:$P$100,0)),"") | I50: =IFERROR(INDEX('Master Stock'!$J$2:$J$100,MATCH(ROWS($G$9:G50),'Master Stock'!$P$2:$P$100,0)),"") | J50: =IF(I50="","",MAX(0,TODAY()-(IF(ISNUMBER(I50),I50,IFERROR(DATE(2000+VALUE(RIGHT(I50,2)),VALUE(MID(I50,4,2)),VALUE(LEFT(I50,2))),""))))) | L50: =IFERROR(INDEX('Master Stock'!$C$2:$C$100,AGGREGATE(15,6,(ROW('Master Stock'!$C$2:$C$100)-ROW('Master Stock'!$C$2)+1)/(('Master Stock'!$H$2:$H$100="OCCUPIED")*('Master Stock'!$J$2:$J$100<>"")*('Master Stock'!$K$2:$K$100="")*('Master Stock'!$J$2:$J$100<TODAY()-30)),42)),"") | M50: =IFERROR(INDEX('Master Stock'!$D$2:$D$100,AGGREGATE(15,6,(ROW('Master Stock'!$C$2:$C$100)-ROW('Master Stock'!$C$2)+1)/(('Master Stock'!$H$2:$H$100="OCCUPIED")*('Master Stock'!$J$2:$J$100<>"")*('Master Stock'!$K$2:$K$100="")*('Master Stock'!$J$2:$J$100<TODAY()-30)),42)),"") | N50: =IFERROR(INDEX('Master Stock'!$J$2:$J$100,AGGREGATE(15,6,(ROW('Master Stock'!$C$2:$C$100)-ROW('Master Stock'!$C$2)+1)/(('Master Stock'!$H$2:$H$100="OCCUPIED")*('Master Stock'!$J$2:$J$100<>"")*('Master Stock'!$K$2:$K$100="")*('Master Stock'!$J$2:$J$100<TODAY()-30)),42)),"") | O50: =IF(N50="","",MAX(0,TODAY()-(IF(ISNUMBER(N50),N50,IFERROR(DATE(2000+VALUE(RIGHT(N50,2)),VALUE(MID(N50,4,2)),VALUE(LEFT(N50,2))),"")))))
A51: =IFERROR(INDEX('Master Stock'!$C$2:$C$100,MATCH(ROWS($A$9:A51),'Master Stock'!$N$2:$N$100,0)),"") | B51: =IFERROR(INDEX('Master Stock'!$D$2:$D$100,MATCH(ROWS($A$9:A51),'Master Stock'!$N$2:$N$100,0)),"") | C51: =IFERROR(INDEX('Master Stock'!$B$2:$B$100,MATCH(ROWS($A$9:A51),'Master Stock'!$N$2:$N$100,0)),"") | D51: =IFERROR(INDEX('Master Stock'!$J$2:$J$100,MATCH(ROWS($A$9:A51),'Master Stock'!$N$2:$N$100,0)),"") | E51: =IF(D51="","",MAX(0,TODAY()-(IF(ISNUMBER(D51),D51,IFERROR(DATE(2000+VALUE(RIGHT(D51,2)),VALUE(MID(D51,4,2)),VALUE(LEFT(D51,2))),""))))) | G51: =IFERROR(INDEX('Master Stock'!$C$2:$C$100,MATCH(ROWS($G$9:G51),'Master Stock'!$P$2:$P$100,0)),"") | H51: =IFERROR(INDEX('Master Stock'!$D$2:$D$100,MATCH(ROWS($G$9:G51),'Master Stock'!$P$2:$P$100,0)),"") | I51: =IFERROR(INDEX('Master Stock'!$J$2:$J$100,MATCH(ROWS($G$9:G51),'Master Stock'!$P$2:$P$100,0)),"") | J51: =IF(I51="","",MAX(0,TODAY()-(IF(ISNUMBER(I51),I51,IFERROR(DATE(2000+VALUE(RIGHT(I51,2)),VALUE(MID(I51,4,2)),VALUE(LEFT(I51,2))),""))))) | L51: =IFERROR(INDEX('Master Stock'!$C$2:$C$100,AGGREGATE(15,6,(ROW('Master Stock'!$C$2:$C$100)-ROW('Master Stock'!$C$2)+1)/(('Master Stock'!$H$2:$H$100="OCCUPIED")*('Master Stock'!$J$2:$J$100<>"")*('Master Stock'!$K$2:$K$100="")*('Master Stock'!$J$2:$J$100<TODAY()-30)),43)),"") | M51: =IFERROR(INDEX('Master Stock'!$D$2:$D$100,AGGREGATE(15,6,(ROW('Master Stock'!$C$2:$C$100)-ROW('Master Stock'!$C$2)+1)/(('Master Stock'!$H$2:$H$100="OCCUPIED")*('Master Stock'!$J$2:$J$100<>"")*('Master Stock'!$K$2:$K$100="")*('Master Stock'!$J$2:$J$100<TODAY()-30)),43)),"") | N51: =IFERROR(INDEX('Master Stock'!$J$2:$J$100,AGGREGATE(15,6,(ROW('Master Stock'!$C$2:$C$100)-ROW('Master Stock'!$C$2)+1)/(('Master Stock'!$H$2:$H$100="OCCUPIED")*('Master Stock'!$J$2:$J$100<>"")*('Master Stock'!$K$2:$K$100="")*('Master Stock'!$J$2:$J$100<TODAY()-30)),43)),"") | O51: =IF(N51="","",MAX(0,TODAY()-(IF(ISNUMBER(N51),N51,IFERROR(DATE(2000+VALUE(RIGHT(N51,2)),VALUE(MID(N51,4,2)),VALUE(LEFT(N51,2))),"")))))
A52: =IFERROR(INDEX('Master Stock'!$C$2:$C$100,MATCH(ROWS($A$9:A52),'Master Stock'!$N$2:$N$100,0)),"") | B52: =IFERROR(INDEX('Master Stock'!$D$2:$D$100,MATCH(ROWS($A$9:A52),'Master Stock'!$N$2:$N$100,0)),"") | C52: =IFERROR(INDEX('Master Stock'!$B$2:$B$100,MATCH(ROWS($A$9:A52),'Master Stock'!$N$2:$N$100,0)),"") | D52: =IFERROR(INDEX('Master Stock'!$J$2:$J$100,MATCH(ROWS($A$9:A52),'Master Stock'!$N$2:$N$100,0)),"") | E52: =IF(D52="","",MAX(0,TODAY()-(IF(ISNUMBER(D52),D52,IFERROR(DATE(2000+VALUE(RIGHT(D52,2)),VALUE(MID(D52,4,2)),VALUE(LEFT(D52,2))),""))))) | G52: =IFERROR(INDEX('Master Stock'!$C$2:$C$100,MATCH(ROWS($G$9:G52),'Master Stock'!$P$2:$P$100,0)),"") | H52: =IFERROR(INDEX('Master Stock'!$D$2:$D$100,MATCH(ROWS($G$9:G52),'Master Stock'!$P$2:$P$100,0)),"") | I52: =IFERROR(INDEX('Master Stock'!$J$2:$J$100,MATCH(ROWS($G$9:G52),'Master Stock'!$P$2:$P$100,0)),"") | J52: =IF(I52="","",MAX(0,TODAY()-(IF(ISNUMBER(I52),I52,IFERROR(DATE(2000+VALUE(RIGHT(I52,2)),VALUE(MID(I52,4,2)),VALUE(LEFT(I52,2))),""))))) | L52: =IFERROR(INDEX('Master Stock'!$C$2:$C$100,AGGREGATE(15,6,(ROW('Master Stock'!$C$2:$C$100)-ROW('Master Stock'!$C$2)+1)/(('Master Stock'!$H$2:$H$100="OCCUPIED")*('Master Stock'!$J$2:$J$100<>"")*('Master Stock'!$K$2:$K$100="")*('Master Stock'!$J$2:$J$100<TODAY()-30)),44)),"") | M52: =IFERROR(INDEX('Master Stock'!$D$2:$D$100,AGGREGATE(15,6,(ROW('Master Stock'!$C$2:$C$100)-ROW('Master Stock'!$C$2)+1)/(('Master Stock'!$H$2:$H$100="OCCUPIED")*('Master Stock'!$J$2:$J$100<>"")*('Master Stock'!$K$2:$K$100="")*('Master Stock'!$J$2:$J$100<TODAY()-30)),44)),"") | N52: =IFERROR(INDEX('Master Stock'!$J$2:$J$100,AGGREGATE(15,6,(ROW('Master Stock'!$C$2:$C$100)-ROW('Master Stock'!$C$2)+1)/(('Master Stock'!$H$2:$H$100="OCCUPIED")*('Master Stock'!$J$2:$J$100<>"")*('Master Stock'!$K$2:$K$100="")*('Master Stock'!$J$2:$J$100<TODAY()-30)),44)),"") | O52: =IF(N52="","",MAX(0,TODAY()-(IF(ISNUMBER(N52),N52,IFERROR(DATE(2000+VALUE(RIGHT(N52,2)),VALUE(MID(N52,4,2)),VALUE(LEFT(N52,2))),"")))))
A53: =IFERROR(INDEX('Master Stock'!$C$2:$C$100,MATCH(ROWS($A$9:A53),'Master Stock'!$N$2:$N$100,0)),"") | B53: =IFERROR(INDEX('Master Stock'!$D$2:$D$100,MATCH(ROWS($A$9:A53),'Master Stock'!$N$2:$N$100,0)),"") | C53: =IFERROR(INDEX('Master Stock'!$B$2:$B$100,MATCH(ROWS($A$9:A53),'Master Stock'!$N$2:$N$100,0)),"") | D53: =IFERROR(INDEX('Master Stock'!$J$2:$J$100,MATCH(ROWS($A$9:A53),'Master Stock'!$N$2:$N$100,0)),"") | E53: =IF(D53="","",MAX(0,TODAY()-(IF(ISNUMBER(D53),D53,IFERROR(DATE(2000+VALUE(RIGHT(D53,2)),VALUE(MID(D53,4,2)),VALUE(LEFT(D53,2))),""))))) | G53: =IFERROR(INDEX('Master Stock'!$C$2:$C$100,MATCH(ROWS($G$9:G53),'Master Stock'!$P$2:$P$100,0)),"") | H53: =IFERROR(INDEX('Master Stock'!$D$2:$D$100,MATCH(ROWS($G$9:G53),'Master Stock'!$P$2:$P$100,0)),"") | I53: =IFERROR(INDEX('Master Stock'!$J$2:$J$100,MATCH(ROWS($G$9:G53),'Master Stock'!$P$2:$P$100,0)),"") | J53: =IF(I53="","",MAX(0,TODAY()-(IF(ISNUMBER(I53),I53,IFERROR(DATE(2000+VALUE(RIGHT(I53,2)),VALUE(MID(I53,4,2)),VALUE(LEFT(I53,2))),""))))) | L53: =IFERROR(INDEX('Master Stock'!$C$2:$C$100,AGGREGATE(15,6,(ROW('Master Stock'!$C$2:$C$100)-ROW('Master Stock'!$C$2)+1)/(('Master Stock'!$H$2:$H$100="OCCUPIED")*('Master Stock'!$J$2:$J$100<>"")*('Master Stock'!$K$2:$K$100="")*('Master Stock'!$J$2:$J$100<TODAY()-30)),45)),"") | M53: =IFERROR(INDEX('Master Stock'!$D$2:$D$100,AGGREGATE(15,6,(ROW('Master Stock'!$C$2:$C$100)-ROW('Master Stock'!$C$2)+1)/(('Master Stock'!$H$2:$H$100="OCCUPIED")*('Master Stock'!$J$2:$J$100<>"")*('Master Stock'!$K$2:$K$100="")*('Master Stock'!$J$2:$J$100<TODAY()-30)),45)),"") | N53: =IFERROR(INDEX('Master Stock'!$J$2:$J$100,AGGREGATE(15,6,(ROW('Master Stock'!$C$2:$C$100)-ROW('Master Stock'!$C$2)+1)/(('Master Stock'!$H$2:$H$100="OCCUPIED")*('Master Stock'!$J$2:$J$100<>"")*('Master Stock'!$K$2:$K$100="")*('Master Stock'!$J$2:$J$100<TODAY()-30)),45)),"") | O53: =IF(N53="","",MAX(0,TODAY()-(IF(ISNUMBER(N53),N53,IFERROR(DATE(2000+VALUE(RIGHT(N53,2)),VALUE(MID(N53,4,2)),VALUE(LEFT(N53,2))),"")))))
A54: =IFERROR(INDEX('Master Stock'!$C$2:$C$100,MATCH(ROWS($A$9:A54),'Master Stock'!$N$2:$N$100,0)),"") | B54: =IFERROR(INDEX('Master Stock'!$D$2:$D$100,MATCH(ROWS($A$9:A54),'Master Stock'!$N$2:$N$100,0)),"") | C54: =IFERROR(INDEX('Master Stock'!$B$2:$B$100,MATCH(ROWS($A$9:A54),'Master Stock'!$N$2:$N$100,0)),"") | D54: =IFERROR(INDEX('Master Stock'!$J$2:$J$100,MATCH(ROWS($A$9:A54),'Master Stock'!$N$2:$N$100,0)),"") | E54: =IF(D54="","",MAX(0,TODAY()-(IF(ISNUMBER(D54),D54,IFERROR(DATE(2000+VALUE(RIGHT(D54,2)),VALUE(MID(D54,4,2)),VALUE(LEFT(D54,2))),""))))) | G54: =IFERROR(INDEX('Master Stock'!$C$2:$C$100,MATCH(ROWS($G$9:G54),'Master Stock'!$P$2:$P$100,0)),"") | H54: =IFERROR(INDEX('Master Stock'!$D$2:$D$100,MATCH(ROWS($G$9:G54),'Master Stock'!$P$2:$P$100,0)),"") | I54: =IFERROR(INDEX('Master Stock'!$J$2:$J$100,MATCH(ROWS($G$9:G54),'Master Stock'!$P$2:$P$100,0)),"") | J54: =IF(I54="","",MAX(0,TODAY()-(IF(ISNUMBER(I54),I54,IFERROR(DATE(2000+VALUE(RIGHT(I54,2)),VALUE(MID(I54,4,2)),VALUE(LEFT(I54,2))),""))))) | L54: =IFERROR(INDEX('Master Stock'!$C$2:$C$100,AGGREGATE(15,6,(ROW('Master Stock'!$C$2:$C$100)-ROW('Master Stock'!$C$2)+1)/(('Master Stock'!$H$2:$H$100="OCCUPIED")*('Master Stock'!$J$2:$J$100<>"")*('Master Stock'!$K$2:$K$100="")*('Master Stock'!$J$2:$J$100<TODAY()-30)),46)),"") | M54: =IFERROR(INDEX('Master Stock'!$D$2:$D$100,AGGREGATE(15,6,(ROW('Master Stock'!$C$2:$C$100)-ROW('Master Stock'!$C$2)+1)/(('Master Stock'!$H$2:$H$100="OCCUPIED")*('Master Stock'!$J$2:$J$100<>"")*('Master Stock'!$K$2:$K$100="")*('Master Stock'!$J$2:$J$100<TODAY()-30)),46)),"") | N54: =IFERROR(INDEX('Master Stock'!$J$2:$J$100,AGGREGATE(15,6,(ROW('Master Stock'!$C$2:$C$100)-ROW('Master Stock'!$C$2)+1)/(('Master Stock'!$H$2:$H$100="OCCUPIED")*('Master Stock'!$J$2:$J$100<>"")*('Master Stock'!$K$2:$K$100="")*('Master Stock'!$J$2:$J$100<TODAY()-30)),46)),"") | O54: =IF(N54="","",MAX(0,TODAY()-(IF(ISNUMBER(N54),N54,IFERROR(DATE(2000+VALUE(RIGHT(N54,2)),VALUE(MID(N54,4,2)),VALUE(LEFT(N54,2))),"")))))
A55: =IFERROR(INDEX('Master Stock'!$C$2:$C$100,MATCH(ROWS($A$9:A55),'Master Stock'!$N$2:$N$100,0)),"") | B55: =IFERROR(INDEX('Master Stock'!$D$2:$D$100,MATCH(ROWS($A$9:A55),'Master Stock'!$N$2:$N$100,0)),"") | C55: =IFERROR(INDEX('Master Stock'!$B$2:$B$100,MATCH(ROWS($A$9:A55),'Master Stock'!$N$2:$N$100,0)),"") | D55: =IFERROR(INDEX('Master Stock'!$J$2:$J$100,MATCH(ROWS($A$9:A55),'Master Stock'!$N$2:$N$100,0)),"") | E55: =IF(D55="","",MAX(0,TODAY()-(IF(ISNUMBER(D55),D55,IFERROR(DATE(2000+VALUE(RIGHT(D55,2)),VALUE(MID(D55,4,2)),VALUE(LEFT(D55,2))),""))))) | G55: =IFERROR(INDEX('Master Stock'!$C$2:$C$100,MATCH(ROWS($G$9:G55),'Master Stock'!$P$2:$P$100,0)),"") | H55: =IFERROR(INDEX('Master Stock'!$D$2:$D$100,MATCH(ROWS($G$9:G55),'Master Stock'!$P$2:$P$100,0)),"") | I55: =IFERROR(INDEX('Master Stock'!$J$2:$J$100,MATCH(ROWS($G$9:G55),'Master Stock'!$P$2:$P$100,0)),"") | J55: =IF(I55="","",MAX(0,TODAY()-(IF(ISNUMBER(I55),I55,IFERROR(DATE(2000+VALUE(RIGHT(I55,2)),VALUE(MID(I55,4,2)),VALUE(LEFT(I55,2))),""))))) | L55: =IFERROR(INDEX('Master Stock'!$C$2:$C$100,AGGREGATE(15,6,(ROW('Master Stock'!$C$2:$C$100)-ROW('Master Stock'!$C$2)+1)/(('Master Stock'!$H$2:$H$100="OCCUPIED")*('Master Stock'!$J$2:$J$100<>"")*('Master Stock'!$K$2:$K$100="")*('Master Stock'!$J$2:$J$100<TODAY()-30)),47)),"") | M55: =IFERROR(INDEX('Master Stock'!$D$2:$D$100,AGGREGATE(15,6,(ROW('Master Stock'!$C$2:$C$100)-ROW('Master Stock'!$C$2)+1)/(('Master Stock'!$H$2:$H$100="OCCUPIED")*('Master Stock'!$J$2:$J$100<>"")*('Master Stock'!$K$2:$K$100="")*('Master Stock'!$J$2:$J$100<TODAY()-30)),47)),"") | N55: =IFERROR(INDEX('Master Stock'!$J$2:$J$100,AGGREGATE(15,6,(ROW('Master Stock'!$C$2:$C$100)-ROW('Master Stock'!$C$2)+1)/(('Master Stock'!$H$2:$H$100="OCCUPIED")*('Master Stock'!$J$2:$J$100<>"")*('Master Stock'!$K$2:$K$100="")*('Master Stock'!$J$2:$J$100<TODAY()-30)),47)),"") | O55: =IF(N55="","",MAX(0,TODAY()-(IF(ISNUMBER(N55),N55,IFERROR(DATE(2000+VALUE(RIGHT(N55,2)),VALUE(MID(N55,4,2)),VALUE(LEFT(N55,2))),"")))))
A56: =IFERROR(INDEX('Master Stock'!$C$2:$C$100,MATCH(ROWS($A$9:A56),'Master Stock'!$N$2:$N$100,0)),"") | B56: =IFERROR(INDEX('Master Stock'!$D$2:$D$100,MATCH(ROWS($A$9:A56),'Master Stock'!$N$2:$N$100,0)),"") | C56: =IFERROR(INDEX('Master Stock'!$B$2:$B$100,MATCH(ROWS($A$9:A56),'Master Stock'!$N$2:$N$100,0)),"") | D56: =IFERROR(INDEX('Master Stock'!$J$2:$J$100,MATCH(ROWS($A$9:A56),'Master Stock'!$N$2:$N$100,0)),"") | E56: =IF(D56="","",MAX(0,TODAY()-(IF(ISNUMBER(D56),D56,IFERROR(DATE(2000+VALUE(RIGHT(D56,2)),VALUE(MID(D56,4,2)),VALUE(LEFT(D56,2))),""))))) | G56: =IFERROR(INDEX('Master Stock'!$C$2:$C$100,MATCH(ROWS($G$9:G56),'Master Stock'!$P$2:$P$100,0)),"") | H56: =IFERROR(INDEX('Master Stock'!$D$2:$D$100,MATCH(ROWS($G$9:G56),'Master Stock'!$P$2:$P$100,0)),"") | I56: =IFERROR(INDEX('Master Stock'!$J$2:$J$100,MATCH(ROWS($G$9:G56),'Master Stock'!$P$2:$P$100,0)),"") | J56: =IF(I56="","",MAX(0,TODAY()-(IF(ISNUMBER(I56),I56,IFERROR(DATE(2000+VALUE(RIGHT(I56,2)),VALUE(MID(I56,4,2)),VALUE(LEFT(I56,2))),""))))) | L56: =IFERROR(INDEX('Master Stock'!$C$2:$C$100,AGGREGATE(15,6,(ROW('Master Stock'!$C$2:$C$100)-ROW('Master Stock'!$C$2)+1)/(('Master Stock'!$H$2:$H$100="OCCUPIED")*('Master Stock'!$J$2:$J$100<>"")*('Master Stock'!$K$2:$K$100="")*('Master Stock'!$J$2:$J$100<TODAY()-30)),48)),"") | M56: =IFERROR(INDEX('Master Stock'!$D$2:$D$100,AGGREGATE(15,6,(ROW('Master Stock'!$C$2:$C$100)-ROW('Master Stock'!$C$2)+1)/(('Master Stock'!$H$2:$H$100="OCCUPIED")*('Master Stock'!$J$2:$J$100<>"")*('Master Stock'!$K$2:$K$100="")*('Master Stock'!$J$2:$J$100<TODAY()-30)),48)),"") | N56: =IFERROR(INDEX('Master Stock'!$J$2:$J$100,AGGREGATE(15,6,(ROW('Master Stock'!$C$2:$C$100)-ROW('Master Stock'!$C$2)+1)/(('Master Stock'!$H$2:$H$100="OCCUPIED")*('Master Stock'!$J$2:$J$100<>"")*('Master Stock'!$K$2:$K$100="")*('Master Stock'!$J$2:$J$100<TODAY()-30)),48)),"") | O56: =IF(N56="","",MAX(0,TODAY()-(IF(ISNUMBER(N56),N56,IFERROR(DATE(2000+VALUE(RIGHT(N56,2)),VALUE(MID(N56,4,2)),VALUE(LEFT(N56,2))),"")))))
A57: =IFERROR(INDEX('Master Stock'!$C$2:$C$100,MATCH(ROWS($A$9:A57),'Master Stock'!$N$2:$N$100,0)),"") | B57: =IFERROR(INDEX('Master Stock'!$D$2:$D$100,MATCH(ROWS($A$9:A57),'Master Stock'!$N$2:$N$100,0)),"") | C57: =IFERROR(INDEX('Master Stock'!$B$2:$B$100,MATCH(ROWS($A$9:A57),'Master Stock'!$N$2:$N$100,0)),"") | D57: =IFERROR(INDEX('Master Stock'!$J$2:$J$100,MATCH(ROWS($A$9:A57),'Master Stock'!$N$2:$N$100,0)),"") | E57: =IF(D57="","",MAX(0,TODAY()-(IF(ISNUMBER(D57),D57,IFERROR(DATE(2000+VALUE(RIGHT(D57,2)),VALUE(MID(D57,4,2)),VALUE(LEFT(D57,2))),""))))) | G57: =IFERROR(INDEX('Master Stock'!$C$2:$C$100,MATCH(ROWS($G$9:G57),'Master Stock'!$P$2:$P$100,0)),"") | H57: =IFERROR(INDEX('Master Stock'!$D$2:$D$100,MATCH(ROWS($G$9:G57),'Master Stock'!$P$2:$P$100,0)),"") | I57: =IFERROR(INDEX('Master Stock'!$J$2:$J$100,MATCH(ROWS($G$9:G57),'Master Stock'!$P$2:$P$100,0)),"") | J57: =IF(I57="","",MAX(0,TODAY()-(IF(ISNUMBER(I57),I57,IFERROR(DATE(2000+VALUE(RIGHT(I57,2)),VALUE(MID(I57,4,2)),VALUE(LEFT(I57,2))),""))))) | L57: =IFERROR(INDEX('Master Stock'!$C$2:$C$100,AGGREGATE(15,6,(ROW('Master Stock'!$C$2:$C$100)-ROW('Master Stock'!$C$2)+1)/(('Master Stock'!$H$2:$H$100="OCCUPIED")*('Master Stock'!$J$2:$J$100<>"")*('Master Stock'!$K$2:$K$100="")*('Master Stock'!$J$2:$J$100<TODAY()-30)),49)),"") | M57: =IFERROR(INDEX('Master Stock'!$D$2:$D$100,AGGREGATE(15,6,(ROW('Master Stock'!$C$2:$C$100)-ROW('Master Stock'!$C$2)+1)/(('Master Stock'!$H$2:$H$100="OCCUPIED")*('Master Stock'!$J$2:$J$100<>"")*('Master Stock'!$K$2:$K$100="")*('Master Stock'!$J$2:$J$100<TODAY()-30)),49)),"") | N57: =IFERROR(INDEX('Master Stock'!$J$2:$J$100,AGGREGATE(15,6,(ROW('Master Stock'!$C$2:$C$100)-ROW('Master Stock'!$C$2)+1)/(('Master Stock'!$H$2:$H$100="OCCUPIED")*('Master Stock'!$J$2:$J$100<>"")*('Master Stock'!$K$2:$K$100="")*('Master Stock'!$J$2:$J$100<TODAY()-30)),49)),"") | O57: =IF(N57="","",MAX(0,TODAY()-(IF(ISNUMBER(N57),N57,IFERROR(DATE(2000+VALUE(RIGHT(N57,2)),VALUE(MID(N57,4,2)),VALUE(LEFT(N57,2))),"")))))
A58: =IFERROR(INDEX('Master Stock'!$C$2:$C$100,MATCH(ROWS($A$9:A58),'Master Stock'!$N$2:$N$100,0)),"") | B58: =IFERROR(INDEX('Master Stock'!$D$2:$D$100,MATCH(ROWS($A$9:A58),'Master Stock'!$N$2:$N$100,0)),"") | C58: =IFERROR(INDEX('Master Stock'!$B$2:$B$100,MATCH(ROWS($A$9:A58),'Master Stock'!$N$2:$N$100,0)),"") | D58: =IFERROR(INDEX('Master Stock'!$J$2:$J$100,MATCH(ROWS($A$9:A58),'Master Stock'!$N$2:$N$100,0)),"") | E58: =IF(D58="","",MAX(0,TODAY()-(IF(ISNUMBER(D58),D58,IFERROR(DATE(2000+VALUE(RIGHT(D58,2)),VALUE(MID(D58,4,2)),VALUE(LEFT(D58,2))),""))))) | G58: =IFERROR(INDEX('Master Stock'!$C$2:$C$100,MATCH(ROWS($G$9:G58),'Master Stock'!$P$2:$P$100,0)),"") | H58: =IFERROR(INDEX('Master Stock'!$D$2:$D$100,MATCH(ROWS($G$9:G58),'Master Stock'!$P$2:$P$100,0)),"") | I58: =IFERROR(INDEX('Master Stock'!$J$2:$J$100,MATCH(ROWS($G$9:G58),'Master Stock'!$P$2:$P$100,0)),"") | J58: =IF(I58="","",MAX(0,TODAY()-(IF(ISNUMBER(I58),I58,IFERROR(DATE(2000+VALUE(RIGHT(I58,2)),VALUE(MID(I58,4,2)),VALUE(LEFT(I58,2))),""))))) | L58: =IFERROR(INDEX('Master Stock'!$C$2:$C$100,AGGREGATE(15,6,(ROW('Master Stock'!$C$2:$C$100)-ROW('Master Stock'!$C$2)+1)/(('Master Stock'!$H$2:$H$100="OCCUPIED")*('Master Stock'!$J$2:$J$100<>"")*('Master Stock'!$K$2:$K$100="")*('Master Stock'!$J$2:$J$100<TODAY()-30)),50)),"") | M58: =IFERROR(INDEX('Master Stock'!$D$2:$D$100,AGGREGATE(15,6,(ROW('Master Stock'!$C$2:$C$100)-ROW('Master Stock'!$C$2)+1)/(('Master Stock'!$H$2:$H$100="OCCUPIED")*('Master Stock'!$J$2:$J$100<>"")*('Master Stock'!$K$2:$K$100="")*('Master Stock'!$J$2:$J$100<TODAY()-30)),50)),"") | N58: =IFERROR(INDEX('Master Stock'!$J$2:$J$100,AGGREGATE(15,6,(ROW('Master Stock'!$C$2:$C$100)-ROW('Master Stock'!$C$2)+1)/(('Master Stock'!$H$2:$H$100="OCCUPIED")*('Master Stock'!$J$2:$J$100<>"")*('Master Stock'!$K$2:$K$100="")*('Master Stock'!$J$2:$J$100<TODAY()-30)),50)),"") | O58: =IF(N58="","",MAX(0,TODAY()-(IF(ISNUMBER(N58),N58,IFERROR(DATE(2000+VALUE(RIGHT(N58,2)),VALUE(MID(N58,4,2)),VALUE(LEFT(N58,2))),"")))))
A59: =IFERROR(INDEX('Master Stock'!$C$2:$C$100,MATCH(ROWS($A$9:A59),'Master Stock'!$N$2:$N$100,0)),"") | B59: =IFERROR(INDEX('Master Stock'!$D$2:$D$100,MATCH(ROWS($A$9:A59),'Master Stock'!$N$2:$N$100,0)),"") | C59: =IFERROR(INDEX('Master Stock'!$B$2:$B$100,MATCH(ROWS($A$9:A59),'Master Stock'!$N$2:$N$100,0)),"") | D59: =IFERROR(INDEX('Master Stock'!$J$2:$J$100,MATCH(ROWS($A$9:A59),'Master Stock'!$N$2:$N$100,0)),"") | E59: =IF(D59="","",MAX(0,TODAY()-(IF(ISNUMBER(D59),D59,IFERROR(DATE(2000+VALUE(RIGHT(D59,2)),VALUE(MID(D59,4,2)),VALUE(LEFT(D59,2))),""))))) | G59: =IFERROR(INDEX('Master Stock'!$C$2:$C$100,MATCH(ROWS($G$9:G59),'Master Stock'!$P$2:$P$100,0)),"") | H59: =IFERROR(INDEX('Master Stock'!$D$2:$D$100,MATCH(ROWS($G$9:G59),'Master Stock'!$P$2:$P$100,0)),"") | I59: =IFERROR(INDEX('Master Stock'!$J$2:$J$100,MATCH(ROWS($G$9:G59),'Master Stock'!$P$2:$P$100,0)),"") | J59: =IF(I59="","",MAX(0,TODAY()-(IF(ISNUMBER(I59),I59,IFERROR(DATE(2000+VALUE(RIGHT(I59,2)),VALUE(MID(I59,4,2)),VALUE(LEFT(I59,2))),""))))) | L59: =IFERROR(INDEX('Master Stock'!$C$2:$C$100,AGGREGATE(15,6,(ROW('Master Stock'!$C$2:$C$100)-ROW('Master Stock'!$C$2)+1)/(('Master Stock'!$H$2:$H$100="OCCUPIED")*('Master Stock'!$J$2:$J$100<>"")*('Master Stock'!$K$2:$K$100="")*('Master Stock'!$J$2:$J$100<TODAY()-30)),51)),"") | M59: =IFERROR(INDEX('Master Stock'!$D$2:$D$100,AGGREGATE(15,6,(ROW('Master Stock'!$C$2:$C$100)-ROW('Master Stock'!$C$2)+1)/(('Master Stock'!$H$2:$H$100="OCCUPIED")*('Master Stock'!$J$2:$J$100<>"")*('Master Stock'!$K$2:$K$100="")*('Master Stock'!$J$2:$J$100<TODAY()-30)),51)),"") | N59: =IFERROR(INDEX('Master Stock'!$J$2:$J$100,AGGREGATE(15,6,(ROW('Master Stock'!$C$2:$C$100)-ROW('Master Stock'!$C$2)+1)/(('Master Stock'!$H$2:$H$100="OCCUPIED")*('Master Stock'!$J$2:$J$100<>"")*('Master Stock'!$K$2:$K$100="")*('Master Stock'!$J$2:$J$100<TODAY()-30)),51)),"") | O59: =IF(N59="","",MAX(0,TODAY()-(IF(ISNUMBER(N59),N59,IFERROR(DATE(2000+VALUE(RIGHT(N59,2)),VALUE(MID(N59,4,2)),VALUE(LEFT(N59,2))),"")))))
A60: =IFERROR(INDEX('Master Stock'!$C$2:$C$100,MATCH(ROWS($A$9:A60),'Master Stock'!$N$2:$N$100,0)),"") | B60: =IFERROR(INDEX('Master Stock'!$D$2:$D$100,MATCH(ROWS($A$9:A60),'Master Stock'!$N$2:$N$100,0)),"") | C60: =IFERROR(INDEX('Master Stock'!$B$2:$B$100,MATCH(ROWS($A$9:A60),'Master Stock'!$N$2:$N$100,0)),"") | D60: =IFERROR(INDEX('Master Stock'!$J$2:$J$100,MATCH(ROWS($A$9:A60),'Master Stock'!$N$2:$N$100,0)),"") | E60: =IF(D60="","",MAX(0,TODAY()-(IF(ISNUMBER(D60),D60,IFERROR(DATE(2000+VALUE(RIGHT(D60,2)),VALUE(MID(D60,4,2)),VALUE(LEFT(D60,2))),""))))) | G60: =IFERROR(INDEX('Master Stock'!$C$2:$C$100,MATCH(ROWS($G$9:G60),'Master Stock'!$P$2:$P$100,0)),"") | H60: =IFERROR(INDEX('Master Stock'!$D$2:$D$100,MATCH(ROWS($G$9:G60),'Master Stock'!$P$2:$P$100,0)),"") | I60: =IFERROR(INDEX('Master Stock'!$J$2:$J$100,MATCH(ROWS($G$9:G60),'Master Stock'!$P$2:$P$100,0)),"") | J60: =IF(I60="","",MAX(0,TODAY()-(IF(ISNUMBER(I60),I60,IFERROR(DATE(2000+VALUE(RIGHT(I60,2)),VALUE(MID(I60,4,2)),VALUE(LEFT(I60,2))),""))))) | L60: =IFERROR(INDEX('Master Stock'!$C$2:$C$100,AGGREGATE(15,6,(ROW('Master Stock'!$C$2:$C$100)-ROW('Master Stock'!$C$2)+1)/(('Master Stock'!$H$2:$H$100="OCCUPIED")*('Master Stock'!$J$2:$J$100<>"")*('Master Stock'!$K$2:$K$100="")*('Master Stock'!$J$2:$J$100<TODAY()-30)),52)),"") | M60: =IFERROR(INDEX('Master Stock'!$D$2:$D$100,AGGREGATE(15,6,(ROW('Master Stock'!$C$2:$C$100)-ROW('Master Stock'!$C$2)+1)/(('Master Stock'!$H$2:$H$100="OCCUPIED")*('Master Stock'!$J$2:$J$100<>"")*('Master Stock'!$K$2:$K$100="")*('Master Stock'!$J$2:$J$100<TODAY()-30)),52)),"") | N60: =IFERROR(INDEX('Master Stock'!$J$2:$J$100,AGGREGATE(15,6,(ROW('Master Stock'!$C$2:$C$100)-ROW('Master Stock'!$C$2)+1)/(('Master Stock'!$H$2:$H$100="OCCUPIED")*('Master Stock'!$J$2:$J$100<>"")*('Master Stock'!$K$2:$K$100="")*('Master Stock'!$J$2:$J$100<TODAY()-30)),52)),"") | O60: =IF(N60="","",MAX(0,TODAY()-(IF(ISNUMBER(N60),N60,IFERROR(DATE(2000+VALUE(RIGHT(N60,2)),VALUE(MID(N60,4,2)),VALUE(LEFT(N60,2))),"")))))
A61: =IFERROR(INDEX('Master Stock'!$C$2:$C$100,MATCH(ROWS($A$9:A61),'Master Stock'!$N$2:$N$100,0)),"") | B61: =IFERROR(INDEX('Master Stock'!$D$2:$D$100,MATCH(ROWS($A$9:A61),'Master Stock'!$N$2:$N$100,0)),"") | C61: =IFERROR(INDEX('Master Stock'!$B$2:$B$100,MATCH(ROWS($A$9:A61),'Master Stock'!$N$2:$N$100,0)),"") | D61: =IFERROR(INDEX('Master Stock'!$J$2:$J$100,MATCH(ROWS($A$9:A61),'Master Stock'!$N$2:$N$100,0)),"") | E61: =IF(D61="","",MAX(0,TODAY()-(IF(ISNUMBER(D61),D61,IFERROR(DATE(2000+VALUE(RIGHT(D61,2)),VALUE(MID(D61,4,2)),VALUE(LEFT(D61,2))),""))))) | G61: =IFERROR(INDEX('Master Stock'!$C$2:$C$100,MATCH(ROWS($G$9:G61),'Master Stock'!$P$2:$P$100,0)),"") | H61: =IFERROR(INDEX('Master Stock'!$D$2:$D$100,MATCH(ROWS($G$9:G61),'Master Stock'!$P$2:$P$100,0)),"") | I61: =IFERROR(INDEX('Master Stock'!$J$2:$J$100,MATCH(ROWS($G$9:G61),'Master Stock'!$P$2:$P$100,0)),"") | J61: =IF(I61="","",MAX(0,TODAY()-(IF(ISNUMBER(I61),I61,IFERROR(DATE(2000+VALUE(RIGHT(I61,2)),VALUE(MID(I61,4,2)),VALUE(LEFT(I61,2))),""))))) | L61: =IFERROR(INDEX('Master Stock'!$C$2:$C$100,AGGREGATE(15,6,(ROW('Master Stock'!$C$2:$C$100)-ROW('Master Stock'!$C$2)+1)/(('Master Stock'!$H$2:$H$100="OCCUPIED")*('Master Stock'!$J$2:$J$100<>"")*('Master Stock'!$K$2:$K$100="")*('Master Stock'!$J$2:$J$100<TODAY()-30)),53)),"") | M61: =IFERROR(INDEX('Master Stock'!$D$2:$D$100,AGGREGATE(15,6,(ROW('Master Stock'!$C$2:$C$100)-ROW('Master Stock'!$C$2)+1)/(('Master Stock'!$H$2:$H$100="OCCUPIED")*('Master Stock'!$J$2:$J$100<>"")*('Master Stock'!$K$2:$K$100="")*('Master Stock'!$J$2:$J$100<TODAY()-30)),53)),"") | N61: =IFERROR(INDEX('Master Stock'!$J$2:$J$100,AGGREGATE(15,6,(ROW('Master Stock'!$C$2:$C$100)-ROW('Master Stock'!$C$2)+1)/(('Master Stock'!$H$2:$H$100="OCCUPIED")*('Master Stock'!$J$2:$J$100<>"")*('Master Stock'!$K$2:$K$100="")*('Master Stock'!$J$2:$J$100<TODAY()-30)),53)),"") | O61: =IF(N61="","",MAX(0,TODAY()-(IF(ISNUMBER(N61),N61,IFERROR(DATE(2000+VALUE(RIGHT(N61,2)),VALUE(MID(N61,4,2)),VALUE(LEFT(N61,2))),"")))))
A62: =IFERROR(INDEX('Master Stock'!$C$2:$C$100,MATCH(ROWS($A$9:A62),'Master Stock'!$N$2:$N$100,0)),"") | B62: =IFERROR(INDEX('Master Stock'!$D$2:$D$100,MATCH(ROWS($A$9:A62),'Master Stock'!$N$2:$N$100,0)),"") | C62: =IFERROR(INDEX('Master Stock'!$B$2:$B$100,MATCH(ROWS($A$9:A62),'Master Stock'!$N$2:$N$100,0)),"") | D62: =IFERROR(INDEX('Master Stock'!$J$2:$J$100,MATCH(ROWS($A$9:A62),'Master Stock'!$N$2:$N$100,0)),"") | E62: =IF(D62="","",MAX(0,TODAY()-(IF(ISNUMBER(D62),D62,IFERROR(DATE(2000+VALUE(RIGHT(D62,2)),VALUE(MID(D62,4,2)),VALUE(LEFT(D62,2))),""))))) | G62: =IFERROR(INDEX('Master Stock'!$C$2:$C$100,MATCH(ROWS($G$9:G62),'Master Stock'!$P$2:$P$100,0)),"") | H62: =IFERROR(INDEX('Master Stock'!$D$2:$D$100,MATCH(ROWS($G$9:G62),'Master Stock'!$P$2:$P$100,0)),"") | I62: =IFERROR(INDEX('Master Stock'!$J$2:$J$100,MATCH(ROWS($G$9:G62),'Master Stock'!$P$2:$P$100,0)),"") | J62: =IF(I62="","",MAX(0,TODAY()-(IF(ISNUMBER(I62),I62,IFERROR(DATE(2000+VALUE(RIGHT(I62,2)),VALUE(MID(I62,4,2)),VALUE(LEFT(I62,2))),""))))) | L62: =IFERROR(INDEX('Master Stock'!$C$2:$C$100,AGGREGATE(15,6,(ROW('Master Stock'!$C$2:$C$100)-ROW('Master Stock'!$C$2)+1)/(('Master Stock'!$H$2:$H$100="OCCUPIED")*('Master Stock'!$J$2:$J$100<>"")*('Master Stock'!$K$2:$K$100="")*('Master Stock'!$J$2:$J$100<TODAY()-30)),54)),"") | M62: =IFERROR(INDEX('Master Stock'!$D$2:$D$100,AGGREGATE(15,6,(ROW('Master Stock'!$C$2:$C$100)-ROW('Master Stock'!$C$2)+1)/(('Master Stock'!$H$2:$H$100="OCCUPIED")*('Master Stock'!$J$2:$J$100<>"")*('Master Stock'!$K$2:$K$100="")*('Master Stock'!$J$2:$J$100<TODAY()-30)),54)),"") | N62: =IFERROR(INDEX('Master Stock'!$J$2:$J$100,AGGREGATE(15,6,(ROW('Master Stock'!$C$2:$C$100)-ROW('Master Stock'!$C$2)+1)/(('Master Stock'!$H$2:$H$100="OCCUPIED")*('Master Stock'!$J$2:$J$100<>"")*('Master Stock'!$K$2:$K$100="")*('Master Stock'!$J$2:$J$100<TODAY()-30)),54)),"") | O62: =IF(N62="","",MAX(0,TODAY()-(IF(ISNUMBER(N62),N62,IFERROR(DATE(2000+VALUE(RIGHT(N62,2)),VALUE(MID(N62,4,2)),VALUE(LEFT(N62,2))),"")))))
A63: =IFERROR(INDEX('Master Stock'!$C$2:$C$100,MATCH(ROWS($A$9:A63),'Master Stock'!$N$2:$N$100,0)),"") | B63: =IFERROR(INDEX('Master Stock'!$D$2:$D$100,MATCH(ROWS($A$9:A63),'Master Stock'!$N$2:$N$100,0)),"") | C63: =IFERROR(INDEX('Master Stock'!$B$2:$B$100,MATCH(ROWS($A$9:A63),'Master Stock'!$N$2:$N$100,0)),"") | D63: =IFERROR(INDEX('Master Stock'!$J$2:$J$100,MATCH(ROWS($A$9:A63),'Master Stock'!$N$2:$N$100,0)),"") | E63: =IF(D63="","",MAX(0,TODAY()-(IF(ISNUMBER(D63),D63,IFERROR(DATE(2000+VALUE(RIGHT(D63,2)),VALUE(MID(D63,4,2)),VALUE(LEFT(D63,2))),""))))) | G63: =IFERROR(INDEX('Master Stock'!$C$2:$C$100,MATCH(ROWS($G$9:G63),'Master Stock'!$P$2:$P$100,0)),"") | H63: =IFERROR(INDEX('Master Stock'!$D$2:$D$100,MATCH(ROWS($G$9:G63),'Master Stock'!$P$2:$P$100,0)),"") | I63: =IFERROR(INDEX('Master Stock'!$J$2:$J$100,MATCH(ROWS($G$9:G63),'Master Stock'!$P$2:$P$100,0)),"") | J63: =IF(I63="","",MAX(0,TODAY()-(IF(ISNUMBER(I63),I63,IFERROR(DATE(2000+VALUE(RIGHT(I63,2)),VALUE(MID(I63,4,2)),VALUE(LEFT(I63,2))),""))))) | L63: =IFERROR(INDEX('Master Stock'!$C$2:$C$100,AGGREGATE(15,6,(ROW('Master Stock'!$C$2:$C$100)-ROW('Master Stock'!$C$2)+1)/(('Master Stock'!$H$2:$H$100="OCCUPIED")*('Master Stock'!$J$2:$J$100<>"")*('Master Stock'!$K$2:$K$100="")*('Master Stock'!$J$2:$J$100<TODAY()-30)),55)),"") | M63: =IFERROR(INDEX('Master Stock'!$D$2:$D$100,AGGREGATE(15,6,(ROW('Master Stock'!$C$2:$C$100)-ROW('Master Stock'!$C$2)+1)/(('Master Stock'!$H$2:$H$100="OCCUPIED")*('Master Stock'!$J$2:$J$100<>"")*('Master Stock'!$K$2:$K$100="")*('Master Stock'!$J$2:$J$100<TODAY()-30)),55)),"") | N63: =IFERROR(INDEX('Master Stock'!$J$2:$J$100,AGGREGATE(15,6,(ROW('Master Stock'!$C$2:$C$100)-ROW('Master Stock'!$C$2)+1)/(('Master Stock'!$H$2:$H$100="OCCUPIED")*('Master Stock'!$J$2:$J$100<>"")*('Master Stock'!$K$2:$K$100="")*('Master Stock'!$J$2:$J$100<TODAY()-30)),55)),"") | O63: =IF(N63="","",MAX(0,TODAY()-(IF(ISNUMBER(N63),N63,IFERROR(DATE(2000+VALUE(RIGHT(N63,2)),VALUE(MID(N63,4,2)),VALUE(LEFT(N63,2))),"")))))
A64: =IFERROR(INDEX('Master Stock'!$C$2:$C$100,MATCH(ROWS($A$9:A64),'Master Stock'!$N$2:$N$100,0)),"") | B64: =IFERROR(INDEX('Master Stock'!$D$2:$D$100,MATCH(ROWS($A$9:A64),'Master Stock'!$N$2:$N$100,0)),"") | C64: =IFERROR(INDEX('Master Stock'!$B$2:$B$100,MATCH(ROWS($A$9:A64),'Master Stock'!$N$2:$N$100,0)),"") | D64: =IFERROR(INDEX('Master Stock'!$J$2:$J$100,MATCH(ROWS($A$9:A64),'Master Stock'!$N$2:$N$100,0)),"") | E64: =IF(D64="","",MAX(0,TODAY()-(IF(ISNUMBER(D64),D64,IFERROR(DATE(2000+VALUE(RIGHT(D64,2)),VALUE(MID(D64,4,2)),VALUE(LEFT(D64,2))),""))))) | G64: =IFERROR(INDEX('Master Stock'!$C$2:$C$100,MATCH(ROWS($G$9:G64),'Master Stock'!$P$2:$P$100,0)),"") | H64: =IFERROR(INDEX('Master Stock'!$D$2:$D$100,MATCH(ROWS($G$9:G64),'Master Stock'!$P$2:$P$100,0)),"") | I64: =IFERROR(INDEX('Master Stock'!$J$2:$J$100,MATCH(ROWS($G$9:G64),'Master Stock'!$P$2:$P$100,0)),"") | J64: =IF(I64="","",MAX(0,TODAY()-(IF(ISNUMBER(I64),I64,IFERROR(DATE(2000+VALUE(RIGHT(I64,2)),VALUE(MID(I64,4,2)),VALUE(LEFT(I64,2))),""))))) | L64: =IFERROR(INDEX('Master Stock'!$C$2:$C$100,AGGREGATE(15,6,(ROW('Master Stock'!$C$2:$C$100)-ROW('Master Stock'!$C$2)+1)/(('Master Stock'!$H$2:$H$100="OCCUPIED")*('Master Stock'!$J$2:$J$100<>"")*('Master Stock'!$K$2:$K$100="")*('Master Stock'!$J$2:$J$100<TODAY()-30)),56)),"") | M64: =IFERROR(INDEX('Master Stock'!$D$2:$D$100,AGGREGATE(15,6,(ROW('Master Stock'!$C$2:$C$100)-ROW('Master Stock'!$C$2)+1)/(('Master Stock'!$H$2:$H$100="OCCUPIED")*('Master Stock'!$J$2:$J$100<>"")*('Master Stock'!$K$2:$K$100="")*('Master Stock'!$J$2:$J$100<TODAY()-30)),56)),"") | N64: =IFERROR(INDEX('Master Stock'!$J$2:$J$100,AGGREGATE(15,6,(ROW('Master Stock'!$C$2:$C$100)-ROW('Master Stock'!$C$2)+1)/(('Master Stock'!$H$2:$H$100="OCCUPIED")*('Master Stock'!$J$2:$J$100<>"")*('Master Stock'!$K$2:$K$100="")*('Master Stock'!$J$2:$J$100<TODAY()-30)),56)),"") | O64: =IF(N64="","",MAX(0,TODAY()-(IF(ISNUMBER(N64),N64,IFERROR(DATE(2000+VALUE(RIGHT(N64,2)),VALUE(MID(N64,4,2)),VALUE(LEFT(N64,2))),"")))))
A65: =IFERROR(INDEX('Master Stock'!$C$2:$C$100,MATCH(ROWS($A$9:A65),'Master Stock'!$N$2:$N$100,0)),"") | B65: =IFERROR(INDEX('Master Stock'!$D$2:$D$100,MATCH(ROWS($A$9:A65),'Master Stock'!$N$2:$N$100,0)),"") | C65: =IFERROR(INDEX('Master Stock'!$B$2:$B$100,MATCH(ROWS($A$9:A65),'Master Stock'!$N$2:$N$100,0)),"") | D65: =IFERROR(INDEX('Master Stock'!$J$2:$J$100,MATCH(ROWS($A$9:A65),'Master Stock'!$N$2:$N$100,0)),"") | E65: =IF(D65="","",MAX(0,TODAY()-(IF(ISNUMBER(D65),D65,IFERROR(DATE(2000+VALUE(RIGHT(D65,2)),VALUE(MID(D65,4,2)),VALUE(LEFT(D65,2))),""))))) | G65: =IFERROR(INDEX('Master Stock'!$C$2:$C$100,MATCH(ROWS($G$9:G65),'Master Stock'!$P$2:$P$100,0)),"") | H65: =IFERROR(INDEX('Master Stock'!$D$2:$D$100,MATCH(ROWS($G$9:G65),'Master Stock'!$P$2:$P$100,0)),"") | I65: =IFERROR(INDEX('Master Stock'!$J$2:$J$100,MATCH(ROWS($G$9:G65),'Master Stock'!$P$2:$P$100,0)),"") | J65: =IF(I65="","",MAX(0,TODAY()-(IF(ISNUMBER(I65),I65,IFERROR(DATE(2000+VALUE(RIGHT(I65,2)),VALUE(MID(I65,4,2)),VALUE(LEFT(I65,2))),""))))) | L65: =IFERROR(INDEX('Master Stock'!$C$2:$C$100,AGGREGATE(15,6,(ROW('Master Stock'!$C$2:$C$100)-ROW('Master Stock'!$C$2)+1)/(('Master Stock'!$H$2:$H$100="OCCUPIED")*('Master Stock'!$J$2:$J$100<>"")*('Master Stock'!$K$2:$K$100="")*('Master Stock'!$J$2:$J$100<TODAY()-30)),57)),"") | M65: =IFERROR(INDEX('Master Stock'!$D$2:$D$100,AGGREGATE(15,6,(ROW('Master Stock'!$C$2:$C$100)-ROW('Master Stock'!$C$2)+1)/(('Master Stock'!$H$2:$H$100="OCCUPIED")*('Master Stock'!$J$2:$J$100<>"")*('Master Stock'!$K$2:$K$100="")*('Master Stock'!$J$2:$J$100<TODAY()-30)),57)),"") | N65: =IFERROR(INDEX('Master Stock'!$J$2:$J$100,AGGREGATE(15,6,(ROW('Master Stock'!$C$2:$C$100)-ROW('Master Stock'!$C$2)+1)/(('Master Stock'!$H$2:$H$100="OCCUPIED")*('Master Stock'!$J$2:$J$100<>"")*('Master Stock'!$K$2:$K$100="")*('Master Stock'!$J$2:$J$100<TODAY()-30)),57)),"") | O65: =IF(N65="","",MAX(0,TODAY()-(IF(ISNUMBER(N65),N65,IFERROR(DATE(2000+VALUE(RIGHT(N65,2)),VALUE(MID(N65,4,2)),VALUE(LEFT(N65,2))),"")))))
A66: =IFERROR(INDEX('Master Stock'!$C$2:$C$100,MATCH(ROWS($A$9:A66),'Master Stock'!$N$2:$N$100,0)),"") | B66: =IFERROR(INDEX('Master Stock'!$D$2:$D$100,MATCH(ROWS($A$9:A66),'Master Stock'!$N$2:$N$100,0)),"") | C66: =IFERROR(INDEX('Master Stock'!$B$2:$B$100,MATCH(ROWS($A$9:A66),'Master Stock'!$N$2:$N$100,0)),"") | D66: =IFERROR(INDEX('Master Stock'!$J$2:$J$100,MATCH(ROWS($A$9:A66),'Master Stock'!$N$2:$N$100,0)),"") | E66: =IF(D66="","",MAX(0,TODAY()-(IF(ISNUMBER(D66),D66,IFERROR(DATE(2000+VALUE(RIGHT(D66,2)),VALUE(MID(D66,4,2)),VALUE(LEFT(D66,2))),""))))) | G66: =IFERROR(INDEX('Master Stock'!$C$2:$C$100,MATCH(ROWS($G$9:G66),'Master Stock'!$P$2:$P$100,0)),"") | H66: =IFERROR(INDEX('Master Stock'!$D$2:$D$100,MATCH(ROWS($G$9:G66),'Master Stock'!$P$2:$P$100,0)),"") | I66: =IFERROR(INDEX('Master Stock'!$J$2:$J$100,MATCH(ROWS($G$9:G66),'Master Stock'!$P$2:$P$100,0)),"") | J66: =IF(I66="","",MAX(0,TODAY()-(IF(ISNUMBER(I66),I66,IFERROR(DATE(2000+VALUE(RIGHT(I66,2)),VALUE(MID(I66,4,2)),VALUE(LEFT(I66,2))),""))))) | L66: =IFERROR(INDEX('Master Stock'!$C$2:$C$100,AGGREGATE(15,6,(ROW('Master Stock'!$C$2:$C$100)-ROW('Master Stock'!$C$2)+1)/(('Master Stock'!$H$2:$H$100="OCCUPIED")*('Master Stock'!$J$2:$J$100<>"")*('Master Stock'!$K$2:$K$100="")*('Master Stock'!$J$2:$J$100<TODAY()-30)),58)),"") | M66: =IFERROR(INDEX('Master Stock'!$D$2:$D$100,AGGREGATE(15,6,(ROW('Master Stock'!$C$2:$C$100)-ROW('Master Stock'!$C$2)+1)/(('Master Stock'!$H$2:$H$100="OCCUPIED")*('Master Stock'!$J$2:$J$100<>"")*('Master Stock'!$K$2:$K$100="")*('Master Stock'!$J$2:$J$100<TODAY()-30)),58)),"") | N66: =IFERROR(INDEX('Master Stock'!$J$2:$J$100,AGGREGATE(15,6,(ROW('Master Stock'!$C$2:$C$100)-ROW('Master Stock'!$C$2)+1)/(('Master Stock'!$H$2:$H$100="OCCUPIED")*('Master Stock'!$J$2:$J$100<>"")*('Master Stock'!$K$2:$K$100="")*('Master Stock'!$J$2:$J$100<TODAY()-30)),58)),"") | O66: =IF(N66="","",MAX(0,TODAY()-(IF(ISNUMBER(N66),N66,IFERROR(DATE(2000+VALUE(RIGHT(N66,2)),VALUE(MID(N66,4,2)),VALUE(LEFT(N66,2))),"")))))
A67: =IFERROR(INDEX('Master Stock'!$C$2:$C$100,MATCH(ROWS($A$9:A67),'Master Stock'!$N$2:$N$100,0)),"") | B67: =IFERROR(INDEX('Master Stock'!$D$2:$D$100,MATCH(ROWS($A$9:A67),'Master Stock'!$N$2:$N$100,0)),"") | C67: =IFERROR(INDEX('Master Stock'!$B$2:$B$100,MATCH(ROWS($A$9:A67),'Master Stock'!$N$2:$N$100,0)),"") | D67: =IFERROR(INDEX('Master Stock'!$J$2:$J$100,MATCH(ROWS($A$9:A67),'Master Stock'!$N$2:$N$100,0)),"") | E67: =IF(D67="","",MAX(0,TODAY()-(IF(ISNUMBER(D67),D67,IFERROR(DATE(2000+VALUE(RIGHT(D67,2)),VALUE(MID(D67,4,2)),VALUE(LEFT(D67,2))),""))))) | G67: =IFERROR(INDEX('Master Stock'!$C$2:$C$100,MATCH(ROWS($G$9:G67),'Master Stock'!$P$2:$P$100,0)),"") | H67: =IFERROR(INDEX('Master Stock'!$D$2:$D$100,MATCH(ROWS($G$9:G67),'Master Stock'!$P$2:$P$100,0)),"") | I67: =IFERROR(INDEX('Master Stock'!$J$2:$J$100,MATCH(ROWS($G$9:G67),'Master Stock'!$P$2:$P$100,0)),"") | J67: =IF(I67="","",MAX(0,TODAY()-(IF(ISNUMBER(I67),I67,IFERROR(DATE(2000+VALUE(RIGHT(I67,2)),VALUE(MID(I67,4,2)),VALUE(LEFT(I67,2))),""))))) | L67: =IFERROR(INDEX('Master Stock'!$C$2:$C$100,AGGREGATE(15,6,(ROW('Master Stock'!$C$2:$C$100)-ROW('Master Stock'!$C$2)+1)/(('Master Stock'!$H$2:$H$100="OCCUPIED")*('Master Stock'!$J$2:$J$100<>"")*('Master Stock'!$K$2:$K$100="")*('Master Stock'!$J$2:$J$100<TODAY()-30)),59)),"") | M67: =IFERROR(INDEX('Master Stock'!$D$2:$D$100,AGGREGATE(15,6,(ROW('Master Stock'!$C$2:$C$100)-ROW('Master Stock'!$C$2)+1)/(('Master Stock'!$H$2:$H$100="OCCUPIED")*('Master Stock'!$J$2:$J$100<>"")*('Master Stock'!$K$2:$K$100="")*('Master Stock'!$J$2:$J$100<TODAY()-30)),59)),"") | N67: =IFERROR(INDEX('Master Stock'!$J$2:$J$100,AGGREGATE(15,6,(ROW('Master Stock'!$C$2:$C$100)-ROW('Master Stock'!$C$2)+1)/(('Master Stock'!$H$2:$H$100="OCCUPIED")*('Master Stock'!$J$2:$J$100<>"")*('Master Stock'!$K$2:$K$100="")*('Master Stock'!$J$2:$J$100<TODAY()-30)),59)),"") | O67: =IF(N67="","",MAX(0,TODAY()-(IF(ISNUMBER(N67),N67,IFERROR(DATE(2000+VALUE(RIGHT(N67,2)),VALUE(MID(N67,4,2)),VALUE(LEFT(N67,2))),"")))))
A68: =IFERROR(INDEX('Master Stock'!$C$2:$C$100,MATCH(ROWS($A$9:A68),'Master Stock'!$N$2:$N$100,0)),"") | B68: =IFERROR(INDEX('Master Stock'!$D$2:$D$100,MATCH(ROWS($A$9:A68),'Master Stock'!$N$2:$N$100,0)),"") | C68: =IFERROR(INDEX('Master Stock'!$B$2:$B$100,MATCH(ROWS($A$9:A68),'Master Stock'!$N$2:$N$100,0)),"") | D68: =IFERROR(INDEX('Master Stock'!$J$2:$J$100,MATCH(ROWS($A$9:A68),'Master Stock'!$N$2:$N$100,0)),"") | E68: =IF(D68="","",MAX(0,TODAY()-(IF(ISNUMBER(D68),D68,IFERROR(DATE(2000+VALUE(RIGHT(D68,2)),VALUE(MID(D68,4,2)),VALUE(LEFT(D68,2))),""))))) | G68: =IFERROR(INDEX('Master Stock'!$C$2:$C$100,MATCH(ROWS($G$9:G68),'Master Stock'!$P$2:$P$100,0)),"") | H68: =IFERROR(INDEX('Master Stock'!$D$2:$D$100,MATCH(ROWS($G$9:G68),'Master Stock'!$P$2:$P$100,0)),"") | I68: =IFERROR(INDEX('Master Stock'!$J$2:$J$100,MATCH(ROWS($G$9:G68),'Master Stock'!$P$2:$P$100,0)),"") | J68: =IF(I68="","",MAX(0,TODAY()-(IF(ISNUMBER(I68),I68,IFERROR(DATE(2000+VALUE(RIGHT(I68,2)),VALUE(MID(I68,4,2)),VALUE(LEFT(I68,2))),""))))) | L68: =IFERROR(INDEX('Master Stock'!$C$2:$C$100,AGGREGATE(15,6,(ROW('Master Stock'!$C$2:$C$100)-ROW('Master Stock'!$C$2)+1)/(('Master Stock'!$H$2:$H$100="OCCUPIED")*('Master Stock'!$J$2:$J$100<>"")*('Master Stock'!$K$2:$K$100="")*('Master Stock'!$J$2:$J$100<TODAY()-30)),60)),"") | M68: =IFERROR(INDEX('Master Stock'!$D$2:$D$100,AGGREGATE(15,6,(ROW('Master Stock'!$C$2:$C$100)-ROW('Master Stock'!$C$2)+1)/(('Master Stock'!$H$2:$H$100="OCCUPIED")*('Master Stock'!$J$2:$J$100<>"")*('Master Stock'!$K$2:$K$100="")*('Master Stock'!$J$2:$J$100<TODAY()-30)),60)),"") | N68: =IFERROR(INDEX('Master Stock'!$J$2:$J$100,AGGREGATE(15,6,(ROW('Master Stock'!$C$2:$C$100)-ROW('Master Stock'!$C$2)+1)/(('Master Stock'!$H$2:$H$100="OCCUPIED")*('Master Stock'!$J$2:$J$100<>"")*('Master Stock'!$K$2:$K$100="")*('Master Stock'!$J$2:$J$100<TODAY()-30)),60)),"") | O68: =IF(N68="","",MAX(0,TODAY()-(IF(ISNUMBER(N68),N68,IFERROR(DATE(2000+VALUE(RIGHT(N68,2)),VALUE(MID(N68,4,2)),VALUE(LEFT(N68,2))),"")))))
A69: =IFERROR(INDEX('Master Stock'!$C$2:$C$100,MATCH(ROWS($A$9:A69),'Master Stock'!$N$2:$N$100,0)),"") | B69: =IFERROR(INDEX('Master Stock'!$D$2:$D$100,MATCH(ROWS($A$9:A69),'Master Stock'!$N$2:$N$100,0)),"") | C69: =IFERROR(INDEX('Master Stock'!$B$2:$B$100,MATCH(ROWS($A$9:A69),'Master Stock'!$N$2:$N$100,0)),"") | D69: =IFERROR(INDEX('Master Stock'!$J$2:$J$100,MATCH(ROWS($A$9:A69),'Master Stock'!$N$2:$N$100,0)),"") | E69: =IF(D69="","",MAX(0,TODAY()-(IF(ISNUMBER(D69),D69,IFERROR(DATE(2000+VALUE(RIGHT(D69,2)),VALUE(MID(D69,4,2)),VALUE(LEFT(D69,2))),""))))) | G69: =IFERROR(INDEX('Master Stock'!$C$2:$C$100,MATCH(ROWS($G$9:G69),'Master Stock'!$P$2:$P$100,0)),"") | H69: =IFERROR(INDEX('Master Stock'!$D$2:$D$100,MATCH(ROWS($G$9:G69),'Master Stock'!$P$2:$P$100,0)),"") | I69: =IFERROR(INDEX('Master Stock'!$J$2:$J$100,MATCH(ROWS($G$9:G69),'Master Stock'!$P$2:$P$100,0)),"") | J69: =IF(I69="","",MAX(0,TODAY()-(IF(ISNUMBER(I69),I69,IFERROR(DATE(2000+VALUE(RIGHT(I69,2)),VALUE(MID(I69,4,2)),VALUE(LEFT(I69,2))),""))))) | L69: =IFERROR(INDEX('Master Stock'!$C$2:$C$100,AGGREGATE(15,6,(ROW('Master Stock'!$C$2:$C$100)-ROW('Master Stock'!$C$2)+1)/(('Master Stock'!$H$2:$H$100="OCCUPIED")*('Master Stock'!$J$2:$J$100<>"")*('Master Stock'!$K$2:$K$100="")*('Master Stock'!$J$2:$J$100<TODAY()-30)),61)),"") | M69: =IFERROR(INDEX('Master Stock'!$D$2:$D$100,AGGREGATE(15,6,(ROW('Master Stock'!$C$2:$C$100)-ROW('Master Stock'!$C$2)+1)/(('Master Stock'!$H$2:$H$100="OCCUPIED")*('Master Stock'!$J$2:$J$100<>"")*('Master Stock'!$K$2:$K$100="")*('Master Stock'!$J$2:$J$100<TODAY()-30)),61)),"") | N69: =IFERROR(INDEX('Master Stock'!$J$2:$J$100,AGGREGATE(15,6,(ROW('Master Stock'!$C$2:$C$100)-ROW('Master Stock'!$C$2)+1)/(('Master Stock'!$H$2:$H$100="OCCUPIED")*('Master Stock'!$J$2:$J$100<>"")*('Master Stock'!$K$2:$K$100="")*('Master Stock'!$J$2:$J$100<TODAY()-30)),61)),"") | O69: =IF(N69="","",MAX(0,TODAY()-(IF(ISNUMBER(N69),N69,IFERROR(DATE(2000+VALUE(RIGHT(N69,2)),VALUE(MID(N69,4,2)),VALUE(LEFT(N69,2))),"")))))
A70: =IFERROR(INDEX('Master Stock'!$C$2:$C$100,MATCH(ROWS($A$9:A70),'Master Stock'!$N$2:$N$100,0)),"") | B70: =IFERROR(INDEX('Master Stock'!$D$2:$D$100,MATCH(ROWS($A$9:A70),'Master Stock'!$N$2:$N$100,0)),"") | C70: =IFERROR(INDEX('Master Stock'!$B$2:$B$100,MATCH(ROWS($A$9:A70),'Master Stock'!$N$2:$N$100,0)),"") | D70: =IFERROR(INDEX('Master Stock'!$J$2:$J$100,MATCH(ROWS($A$9:A70),'Master Stock'!$N$2:$N$100,0)),"") | E70: =IF(D70="","",MAX(0,TODAY()-(IF(ISNUMBER(D70),D70,IFERROR(DATE(2000+VALUE(RIGHT(D70,2)),VALUE(MID(D70,4,2)),VALUE(LEFT(D70,2))),""))))) | G70: =IFERROR(INDEX('Master Stock'!$C$2:$C$100,MATCH(ROWS($G$9:G70),'Master Stock'!$P$2:$P$100,0)),"") | H70: =IFERROR(INDEX('Master Stock'!$D$2:$D$100,MATCH(ROWS($G$9:G70),'Master Stock'!$P$2:$P$100,0)),"") | I70: =IFERROR(INDEX('Master Stock'!$J$2:$J$100,MATCH(ROWS($G$9:G70),'Master Stock'!$P$2:$P$100,0)),"") | J70: =IF(I70="","",MAX(0,TODAY()-(IF(ISNUMBER(I70),I70,IFERROR(DATE(2000+VALUE(RIGHT(I70,2)),VALUE(MID(I70,4,2)),VALUE(LEFT(I70,2))),""))))) | L70: =IFERROR(INDEX('Master Stock'!$C$2:$C$100,AGGREGATE(15,6,(ROW('Master Stock'!$C$2:$C$100)-ROW('Master Stock'!$C$2)+1)/(('Master Stock'!$H$2:$H$100="OCCUPIED")*('Master Stock'!$J$2:$J$100<>"")*('Master Stock'!$K$2:$K$100="")*('Master Stock'!$J$2:$J$100<TODAY()-30)),62)),"") | M70: =IFERROR(INDEX('Master Stock'!$D$2:$D$100,AGGREGATE(15,6,(ROW('Master Stock'!$C$2:$C$100)-ROW('Master Stock'!$C$2)+1)/(('Master Stock'!$H$2:$H$100="OCCUPIED")*('Master Stock'!$J$2:$J$100<>"")*('Master Stock'!$K$2:$K$100="")*('Master Stock'!$J$2:$J$100<TODAY()-30)),62)),"") | N70: =IFERROR(INDEX('Master Stock'!$J$2:$J$100,AGGREGATE(15,6,(ROW('Master Stock'!$C$2:$C$100)-ROW('Master Stock'!$C$2)+1)/(('Master Stock'!$H$2:$H$100="OCCUPIED")*('Master Stock'!$J$2:$J$100<>"")*('Master Stock'!$K$2:$K$100="")*('Master Stock'!$J$2:$J$100<TODAY()-30)),62)),"") | O70: =IF(N70="","",MAX(0,TODAY()-(IF(ISNUMBER(N70),N70,IFERROR(DATE(2000+VALUE(RIGHT(N70,2)),VALUE(MID(N70,4,2)),VALUE(LEFT(N70,2))),"")))))
A71: =IFERROR(INDEX('Master Stock'!$C$2:$C$100,MATCH(ROWS($A$9:A71),'Master Stock'!$N$2:$N$100,0)),"") | B71: =IFERROR(INDEX('Master Stock'!$D$2:$D$100,MATCH(ROWS($A$9:A71),'Master Stock'!$N$2:$N$100,0)),"") | C71: =IFERROR(INDEX('Master Stock'!$B$2:$B$100,MATCH(ROWS($A$9:A71),'Master Stock'!$N$2:$N$100,0)),"") | D71: =IFERROR(INDEX('Master Stock'!$J$2:$J$100,MATCH(ROWS($A$9:A71),'Master Stock'!$N$2:$N$100,0)),"") | E71: =IF(D71="","",MAX(0,TODAY()-(IF(ISNUMBER(D71),D71,IFERROR(DATE(2000+VALUE(RIGHT(D71,2)),VALUE(MID(D71,4,2)),VALUE(LEFT(D71,2))),""))))) | G71: =IFERROR(INDEX('Master Stock'!$C$2:$C$100,MATCH(ROWS($G$9:G71),'Master Stock'!$P$2:$P$100,0)),"") | H71: =IFERROR(INDEX('Master Stock'!$D$2:$D$100,MATCH(ROWS($G$9:G71),'Master Stock'!$P$2:$P$100,0)),"") | I71: =IFERROR(INDEX('Master Stock'!$J$2:$J$100,MATCH(ROWS($G$9:G71),'Master Stock'!$P$2:$P$100,0)),"") | J71: =IF(I71="","",MAX(0,TODAY()-(IF(ISNUMBER(I71),I71,IFERROR(DATE(2000+VALUE(RIGHT(I71,2)),VALUE(MID(I71,4,2)),VALUE(LEFT(I71,2))),""))))) | L71: =IFERROR(INDEX('Master Stock'!$C$2:$C$100,AGGREGATE(15,6,(ROW('Master Stock'!$C$2:$C$100)-ROW('Master Stock'!$C$2)+1)/(('Master Stock'!$H$2:$H$100="OCCUPIED")*('Master Stock'!$J$2:$J$100<>"")*('Master Stock'!$K$2:$K$100="")*('Master Stock'!$J$2:$J$100<TODAY()-30)),63)),"") | M71: =IFERROR(INDEX('Master Stock'!$D$2:$D$100,AGGREGATE(15,6,(ROW('Master Stock'!$C$2:$C$100)-ROW('Master Stock'!$C$2)+1)/(('Master Stock'!$H$2:$H$100="OCCUPIED")*('Master Stock'!$J$2:$J$100<>"")*('Master Stock'!$K$2:$K$100="")*('Master Stock'!$J$2:$J$100<TODAY()-30)),63)),"") | N71: =IFERROR(INDEX('Master Stock'!$J$2:$J$100,AGGREGATE(15,6,(ROW('Master Stock'!$C$2:$C$100)-ROW('Master Stock'!$C$2)+1)/(('Master Stock'!$H$2:$H$100="OCCUPIED")*('Master Stock'!$J$2:$J$100<>"")*('Master Stock'!$K$2:$K$100="")*('Master Stock'!$J$2:$J$100<TODAY()-30)),63)),"") | O71: =IF(N71="","",MAX(0,TODAY()-(IF(ISNUMBER(N71),N71,IFERROR(DATE(2000+VALUE(RIGHT(N71,2)),VALUE(MID(N71,4,2)),VALUE(LEFT(N71,2))),"")))))
A72: =IFERROR(INDEX('Master Stock'!$C$2:$C$100,MATCH(ROWS($A$9:A72),'Master Stock'!$N$2:$N$100,0)),"") | B72: =IFERROR(INDEX('Master Stock'!$D$2:$D$100,MATCH(ROWS($A$9:A72),'Master Stock'!$N$2:$N$100,0)),"") | C72: =IFERROR(INDEX('Master Stock'!$B$2:$B$100,MATCH(ROWS($A$9:A72),'Master Stock'!$N$2:$N$100,0)),"") | D72: =IFERROR(INDEX('Master Stock'!$J$2:$J$100,MATCH(ROWS($A$9:A72),'Master Stock'!$N$2:$N$100,0)),"") | E72: =IF(D72="","",MAX(0,TODAY()-(IF(ISNUMBER(D72),D72,IFERROR(DATE(2000+VALUE(RIGHT(D72,2)),VALUE(MID(D72,4,2)),VALUE(LEFT(D72,2))),""))))) | G72: =IFERROR(INDEX('Master Stock'!$C$2:$C$100,MATCH(ROWS($G$9:G72),'Master Stock'!$P$2:$P$100,0)),"") | H72: =IFERROR(INDEX('Master Stock'!$D$2:$D$100,MATCH(ROWS($G$9:G72),'Master Stock'!$P$2:$P$100,0)),"") | I72: =IFERROR(INDEX('Master Stock'!$J$2:$J$100,MATCH(ROWS($G$9:G72),'Master Stock'!$P$2:$P$100,0)),"") | J72: =IF(I72="","",MAX(0,TODAY()-(IF(ISNUMBER(I72),I72,IFERROR(DATE(2000+VALUE(RIGHT(I72,2)),VALUE(MID(I72,4,2)),VALUE(LEFT(I72,2))),""))))) | L72: =IFERROR(INDEX('Master Stock'!$C$2:$C$100,AGGREGATE(15,6,(ROW('Master Stock'!$C$2:$C$100)-ROW('Master Stock'!$C$2)+1)/(('Master Stock'!$H$2:$H$100="OCCUPIED")*('Master Stock'!$J$2:$J$100<>"")*('Master Stock'!$K$2:$K$100="")*('Master Stock'!$J$2:$J$100<TODAY()-30)),64)),"") | M72: =IFERROR(INDEX('Master Stock'!$D$2:$D$100,AGGREGATE(15,6,(ROW('Master Stock'!$C$2:$C$100)-ROW('Master Stock'!$C$2)+1)/(('Master Stock'!$H$2:$H$100="OCCUPIED")*('Master Stock'!$J$2:$J$100<>"")*('Master Stock'!$K$2:$K$100="")*('Master Stock'!$J$2:$J$100<TODAY()-30)),64)),"") | N72: =IFERROR(INDEX('Master Stock'!$J$2:$J$100,AGGREGATE(15,6,(ROW('Master Stock'!$C$2:$C$100)-ROW('Master Stock'!$C$2)+1)/(('Master Stock'!$H$2:$H$100="OCCUPIED")*('Master Stock'!$J$2:$J$100<>"")*('Master Stock'!$K$2:$K$100="")*('Master Stock'!$J$2:$J$100<TODAY()-30)),64)),"") | O72: =IF(N72="","",MAX(0,TODAY()-(IF(ISNUMBER(N72),N72,IFERROR(DATE(2000+VALUE(RIGHT(N72,2)),VALUE(MID(N72,4,2)),VALUE(LEFT(N72,2))),"")))))
A73: =IFERROR(INDEX('Master Stock'!$C$2:$C$100,MATCH(ROWS($A$9:A73),'Master Stock'!$N$2:$N$100,0)),"") | B73: =IFERROR(INDEX('Master Stock'!$D$2:$D$100,MATCH(ROWS($A$9:A73),'Master Stock'!$N$2:$N$100,0)),"") | C73: =IFERROR(INDEX('Master Stock'!$B$2:$B$100,MATCH(ROWS($A$9:A73),'Master Stock'!$N$2:$N$100,0)),"") | D73: =IFERROR(INDEX('Master Stock'!$J$2:$J$100,MATCH(ROWS($A$9:A73),'Master Stock'!$N$2:$N$100,0)),"") | E73: =IF(D73="","",MAX(0,TODAY()-(IF(ISNUMBER(D73),D73,IFERROR(DATE(2000+VALUE(RIGHT(D73,2)),VALUE(MID(D73,4,2)),VALUE(LEFT(D73,2))),""))))) | G73: =IFERROR(INDEX('Master Stock'!$C$2:$C$100,MATCH(ROWS($G$9:G73),'Master Stock'!$P$2:$P$100,0)),"") | H73: =IFERROR(INDEX('Master Stock'!$D$2:$D$100,MATCH(ROWS($G$9:G73),'Master Stock'!$P$2:$P$100,0)),"") | I73: =IFERROR(INDEX('Master Stock'!$J$2:$J$100,MATCH(ROWS($G$9:G73),'Master Stock'!$P$2:$P$100,0)),"") | J73: =IF(I73="","",MAX(0,TODAY()-(IF(ISNUMBER(I73),I73,IFERROR(DATE(2000+VALUE(RIGHT(I73,2)),VALUE(MID(I73,4,2)),VALUE(LEFT(I73,2))),""))))) | L73: =IFERROR(INDEX('Master Stock'!$C$2:$C$100,AGGREGATE(15,6,(ROW('Master Stock'!$C$2:$C$100)-ROW('Master Stock'!$C$2)+1)/(('Master Stock'!$H$2:$H$100="OCCUPIED")*('Master Stock'!$J$2:$J$100<>"")*('Master Stock'!$K$2:$K$100="")*('Master Stock'!$J$2:$J$100<TODAY()-30)),65)),"") | M73: =IFERROR(INDEX('Master Stock'!$D$2:$D$100,AGGREGATE(15,6,(ROW('Master Stock'!$C$2:$C$100)-ROW('Master Stock'!$C$2)+1)/(('Master Stock'!$H$2:$H$100="OCCUPIED")*('Master Stock'!$J$2:$J$100<>"")*('Master Stock'!$K$2:$K$100="")*('Master Stock'!$J$2:$J$100<TODAY()-30)),65)),"") | N73: =IFERROR(INDEX('Master Stock'!$J$2:$J$100,AGGREGATE(15,6,(ROW('Master Stock'!$C$2:$C$100)-ROW('Master Stock'!$C$2)+1)/(('Master Stock'!$H$2:$H$100="OCCUPIED")*('Master Stock'!$J$2:$J$100<>"")*('Master Stock'!$K$2:$K$100="")*('Master Stock'!$J$2:$J$100<TODAY()-30)),65)),"") | O73: =IF(N73="","",MAX(0,TODAY()-(IF(ISNUMBER(N73),N73,IFERROR(DATE(2000+VALUE(RIGHT(N73,2)),VALUE(MID(N73,4,2)),VALUE(LEFT(N73,2))),"")))))
A74: =IFERROR(INDEX('Master Stock'!$C$2:$C$100,MATCH(ROWS($A$9:A74),'Master Stock'!$N$2:$N$100,0)),"") | B74: =IFERROR(INDEX('Master Stock'!$D$2:$D$100,MATCH(ROWS($A$9:A74),'Master Stock'!$N$2:$N$100,0)),"") | C74: =IFERROR(INDEX('Master Stock'!$B$2:$B$100,MATCH(ROWS($A$9:A74),'Master Stock'!$N$2:$N$100,0)),"") | D74: =IFERROR(INDEX('Master Stock'!$J$2:$J$100,MATCH(ROWS($A$9:A74),'Master Stock'!$N$2:$N$100,0)),"") | E74: =IF(D74="","",MAX(0,TODAY()-(IF(ISNUMBER(D74),D74,IFERROR(DATE(2000+VALUE(RIGHT(D74,2)),VALUE(MID(D74,4,2)),VALUE(LEFT(D74,2))),""))))) | G74: =IFERROR(INDEX('Master Stock'!$C$2:$C$100,MATCH(ROWS($G$9:G74),'Master Stock'!$P$2:$P$100,0)),"") | H74: =IFERROR(INDEX('Master Stock'!$D$2:$D$100,MATCH(ROWS($G$9:G74),'Master Stock'!$P$2:$P$100,0)),"") | I74: =IFERROR(INDEX('Master Stock'!$J$2:$J$100,MATCH(ROWS($G$9:G74),'Master Stock'!$P$2:$P$100,0)),"") | J74: =IF(I74="","",MAX(0,TODAY()-(IF(ISNUMBER(I74),I74,IFERROR(DATE(2000+VALUE(RIGHT(I74,2)),VALUE(MID(I74,4,2)),VALUE(LEFT(I74,2))),""))))) | L74: =IFERROR(INDEX('Master Stock'!$C$2:$C$100,AGGREGATE(15,6,(ROW('Master Stock'!$C$2:$C$100)-ROW('Master Stock'!$C$2)+1)/(('Master Stock'!$H$2:$H$100="OCCUPIED")*('Master Stock'!$J$2:$J$100<>"")*('Master Stock'!$K$2:$K$100="")*('Master Stock'!$J$2:$J$100<TODAY()-30)),66)),"") | M74: =IFERROR(INDEX('Master Stock'!$D$2:$D$100,AGGREGATE(15,6,(ROW('Master Stock'!$C$2:$C$100)-ROW('Master Stock'!$C$2)+1)/(('Master Stock'!$H$2:$H$100="OCCUPIED")*('Master Stock'!$J$2:$J$100<>"")*('Master Stock'!$K$2:$K$100="")*('Master Stock'!$J$2:$J$100<TODAY()-30)),66)),"") | N74: =IFERROR(INDEX('Master Stock'!$J$2:$J$100,AGGREGATE(15,6,(ROW('Master Stock'!$C$2:$C$100)-ROW('Master Stock'!$C$2)+1)/(('Master Stock'!$H$2:$H$100="OCCUPIED")*('Master Stock'!$J$2:$J$100<>"")*('Master Stock'!$K$2:$K$100="")*('Master Stock'!$J$2:$J$100<TODAY()-30)),66)),"") | O74: =IF(N74="","",MAX(0,TODAY()-(IF(ISNUMBER(N74),N74,IFERROR(DATE(2000+VALUE(RIGHT(N74,2)),VALUE(MID(N74,4,2)),VALUE(LEFT(N74,2))),"")))))
A75: =IFERROR(INDEX('Master Stock'!$C$2:$C$100,MATCH(ROWS($A$9:A75),'Master Stock'!$N$2:$N$100,0)),"") | B75: =IFERROR(INDEX('Master Stock'!$D$2:$D$100,MATCH(ROWS($A$9:A75),'Master Stock'!$N$2:$N$100,0)),"") | C75: =IFERROR(INDEX('Master Stock'!$B$2:$B$100,MATCH(ROWS($A$9:A75),'Master Stock'!$N$2:$N$100,0)),"") | D75: =IFERROR(INDEX('Master Stock'!$J$2:$J$100,MATCH(ROWS($A$9:A75),'Master Stock'!$N$2:$N$100,0)),"") | E75: =IF(D75="","",MAX(0,TODAY()-(IF(ISNUMBER(D75),D75,IFERROR(DATE(2000+VALUE(RIGHT(D75,2)),VALUE(MID(D75,4,2)),VALUE(LEFT(D75,2))),""))))) | G75: =IFERROR(INDEX('Master Stock'!$C$2:$C$100,MATCH(ROWS($G$9:G75),'Master Stock'!$P$2:$P$100,0)),"") | H75: =IFERROR(INDEX('Master Stock'!$D$2:$D$100,MATCH(ROWS($G$9:G75),'Master Stock'!$P$2:$P$100,0)),"") | I75: =IFERROR(INDEX('Master Stock'!$J$2:$J$100,MATCH(ROWS($G$9:G75),'Master Stock'!$P$2:$P$100,0)),"") | J75: =IF(I75="","",MAX(0,TODAY()-(IF(ISNUMBER(I75),I75,IFERROR(DATE(2000+VALUE(RIGHT(I75,2)),VALUE(MID(I75,4,2)),VALUE(LEFT(I75,2))),""))))) | L75: =IFERROR(INDEX('Master Stock'!$C$2:$C$100,AGGREGATE(15,6,(ROW('Master Stock'!$C$2:$C$100)-ROW('Master Stock'!$C$2)+1)/(('Master Stock'!$H$2:$H$100="OCCUPIED")*('Master Stock'!$J$2:$J$100<>"")*('Master Stock'!$K$2:$K$100="")*('Master Stock'!$J$2:$J$100<TODAY()-30)),67)),"") | M75: =IFERROR(INDEX('Master Stock'!$D$2:$D$100,AGGREGATE(15,6,(ROW('Master Stock'!$C$2:$C$100)-ROW('Master Stock'!$C$2)+1)/(('Master Stock'!$H$2:$H$100="OCCUPIED")*('Master Stock'!$J$2:$J$100<>"")*('Master Stock'!$K$2:$K$100="")*('Master Stock'!$J$2:$J$100<TODAY()-30)),67)),"") | N75: =IFERROR(INDEX('Master Stock'!$J$2:$J$100,AGGREGATE(15,6,(ROW('Master Stock'!$C$2:$C$100)-ROW('Master Stock'!$C$2)+1)/(('Master Stock'!$H$2:$H$100="OCCUPIED")*('Master Stock'!$J$2:$J$100<>"")*('Master Stock'!$K$2:$K$100="")*('Master Stock'!$J$2:$J$100<TODAY()-30)),67)),"") | O75: =IF(N75="","",MAX(0,TODAY()-(IF(ISNUMBER(N75),N75,IFERROR(DATE(2000+VALUE(RIGHT(N75,2)),VALUE(MID(N75,4,2)),VALUE(LEFT(N75,2))),"")))))
A76: =IFERROR(INDEX('Master Stock'!$C$2:$C$100,MATCH(ROWS($A$9:A76),'Master Stock'!$N$2:$N$100,0)),"") | B76: =IFERROR(INDEX('Master Stock'!$D$2:$D$100,MATCH(ROWS($A$9:A76),'Master Stock'!$N$2:$N$100,0)),"") | C76: =IFERROR(INDEX('Master Stock'!$B$2:$B$100,MATCH(ROWS($A$9:A76),'Master Stock'!$N$2:$N$100,0)),"") | D76: =IFERROR(INDEX('Master Stock'!$J$2:$J$100,MATCH(ROWS($A$9:A76),'Master Stock'!$N$2:$N$100,0)),"") | E76: =IF(D76="","",MAX(0,TODAY()-(IF(ISNUMBER(D76),D76,IFERROR(DATE(2000+VALUE(RIGHT(D76,2)),VALUE(MID(D76,4,2)),VALUE(LEFT(D76,2))),""))))) | G76: =IFERROR(INDEX('Master Stock'!$C$2:$C$100,MATCH(ROWS($G$9:G76),'Master Stock'!$P$2:$P$100,0)),"") | H76: =IFERROR(INDEX('Master Stock'!$D$2:$D$100,MATCH(ROWS($G$9:G76),'Master Stock'!$P$2:$P$100,0)),"") | I76: =IFERROR(INDEX('Master Stock'!$J$2:$J$100,MATCH(ROWS($G$9:G76),'Master Stock'!$P$2:$P$100,0)),"") | J76: =IF(I76="","",MAX(0,TODAY()-(IF(ISNUMBER(I76),I76,IFERROR(DATE(2000+VALUE(RIGHT(I76,2)),VALUE(MID(I76,4,2)),VALUE(LEFT(I76,2))),""))))) | L76: =IFERROR(INDEX('Master Stock'!$C$2:$C$100,AGGREGATE(15,6,(ROW('Master Stock'!$C$2:$C$100)-ROW('Master Stock'!$C$2)+1)/(('Master Stock'!$H$2:$H$100="OCCUPIED")*('Master Stock'!$J$2:$J$100<>"")*('Master Stock'!$K$2:$K$100="")*('Master Stock'!$J$2:$J$100<TODAY()-30)),68)),"") | M76: =IFERROR(INDEX('Master Stock'!$D$2:$D$100,AGGREGATE(15,6,(ROW('Master Stock'!$C$2:$C$100)-ROW('Master Stock'!$C$2)+1)/(('Master Stock'!$H$2:$H$100="OCCUPIED")*('Master Stock'!$J$2:$J$100<>"")*('Master Stock'!$K$2:$K$100="")*('Master Stock'!$J$2:$J$100<TODAY()-30)),68)),"") | N76: =IFERROR(INDEX('Master Stock'!$J$2:$J$100,AGGREGATE(15,6,(ROW('Master Stock'!$C$2:$C$100)-ROW('Master Stock'!$C$2)+1)/(('Master Stock'!$H$2:$H$100="OCCUPIED")*('Master Stock'!$J$2:$J$100<>"")*('Master Stock'!$K$2:$K$100="")*('Master Stock'!$J$2:$J$100<TODAY()-30)),68)),"") | O76: =IF(N76="","",MAX(0,TODAY()-(IF(ISNUMBER(N76),N76,IFERROR(DATE(2000+VALUE(RIGHT(N76,2)),VALUE(MID(N76,4,2)),VALUE(LEFT(N76,2))),"")))))
A77: =IFERROR(INDEX('Master Stock'!$C$2:$C$100,MATCH(ROWS($A$9:A77),'Master Stock'!$N$2:$N$100,0)),"") | B77: =IFERROR(INDEX('Master Stock'!$D$2:$D$100,MATCH(ROWS($A$9:A77),'Master Stock'!$N$2:$N$100,0)),"") | C77: =IFERROR(INDEX('Master Stock'!$B$2:$B$100,MATCH(ROWS($A$9:A77),'Master Stock'!$N$2:$N$100,0)),"") | D77: =IFERROR(INDEX('Master Stock'!$J$2:$J$100,MATCH(ROWS($A$9:A77),'Master Stock'!$N$2:$N$100,0)),"") | E77: =IF(D77="","",MAX(0,TODAY()-(IF(ISNUMBER(D77),D77,IFERROR(DATE(2000+VALUE(RIGHT(D77,2)),VALUE(MID(D77,4,2)),VALUE(LEFT(D77,2))),""))))) | G77: =IFERROR(INDEX('Master Stock'!$C$2:$C$100,MATCH(ROWS($G$9:G77),'Master Stock'!$P$2:$P$100,0)),"") | H77: =IFERROR(INDEX('Master Stock'!$D$2:$D$100,MATCH(ROWS($G$9:G77),'Master Stock'!$P$2:$P$100,0)),"") | I77: =IFERROR(INDEX('Master Stock'!$J$2:$J$100,MATCH(ROWS($G$9:G77),'Master Stock'!$P$2:$P$100,0)),"") | J77: =IF(I77="","",MAX(0,TODAY()-(IF(ISNUMBER(I77),I77,IFERROR(DATE(2000+VALUE(RIGHT(I77,2)),VALUE(MID(I77,4,2)),VALUE(LEFT(I77,2))),""))))) | L77: =IFERROR(INDEX('Master Stock'!$C$2:$C$100,AGGREGATE(15,6,(ROW('Master Stock'!$C$2:$C$100)-ROW('Master Stock'!$C$2)+1)/(('Master Stock'!$H$2:$H$100="OCCUPIED")*('Master Stock'!$J$2:$J$100<>"")*('Master Stock'!$K$2:$K$100="")*('Master Stock'!$J$2:$J$100<TODAY()-30)),69)),"") | M77: =IFERROR(INDEX('Master Stock'!$D$2:$D$100,AGGREGATE(15,6,(ROW('Master Stock'!$C$2:$C$100)-ROW('Master Stock'!$C$2)+1)/(('Master Stock'!$H$2:$H$100="OCCUPIED")*('Master Stock'!$J$2:$J$100<>"")*('Master Stock'!$K$2:$K$100="")*('Master Stock'!$J$2:$J$100<TODAY()-30)),69)),"") | N77: =IFERROR(INDEX('Master Stock'!$J$2:$J$100,AGGREGATE(15,6,(ROW('Master Stock'!$C$2:$C$100)-ROW('Master Stock'!$C$2)+1)/(('Master Stock'!$H$2:$H$100="OCCUPIED")*('Master Stock'!$J$2:$J$100<>"")*('Master Stock'!$K$2:$K$100="")*('Master Stock'!$J$2:$J$100<TODAY()-30)),69)),"") | O77: =IF(N77="","",MAX(0,TODAY()-(IF(ISNUMBER(N77),N77,IFERROR(DATE(2000+VALUE(RIGHT(N77,2)),VALUE(MID(N77,4,2)),VALUE(LEFT(N77,2))),"")))))
A78: =IFERROR(INDEX('Master Stock'!$C$2:$C$100,MATCH(ROWS($A$9:A78),'Master Stock'!$N$2:$N$100,0)),"") | B78: =IFERROR(INDEX('Master Stock'!$D$2:$D$100,MATCH(ROWS($A$9:A78),'Master Stock'!$N$2:$N$100,0)),"") | C78: =IFERROR(INDEX('Master Stock'!$B$2:$B$100,MATCH(ROWS($A$9:A78),'Master Stock'!$N$2:$N$100,0)),"") | D78: =IFERROR(INDEX('Master Stock'!$J$2:$J$100,MATCH(ROWS($A$9:A78),'Master Stock'!$N$2:$N$100,0)),"") | E78: =IF(D78="","",MAX(0,TODAY()-(IF(ISNUMBER(D78),D78,IFERROR(DATE(2000+VALUE(RIGHT(D78,2)),VALUE(MID(D78,4,2)),VALUE(LEFT(D78,2))),""))))) | G78: =IFERROR(INDEX('Master Stock'!$C$2:$C$100,MATCH(ROWS($G$9:G78),'Master Stock'!$P$2:$P$100,0)),"") | H78: =IFERROR(INDEX('Master Stock'!$D$2:$D$100,MATCH(ROWS($G$9:G78),'Master Stock'!$P$2:$P$100,0)),"") | I78: =IFERROR(INDEX('Master Stock'!$J$2:$J$100,MATCH(ROWS($G$9:G78),'Master Stock'!$P$2:$P$100,0)),"") | J78: =IF(I78="","",MAX(0,TODAY()-(IF(ISNUMBER(I78),I78,IFERROR(DATE(2000+VALUE(RIGHT(I78,2)),VALUE(MID(I78,4,2)),VALUE(LEFT(I78,2))),""))))) | L78: =IFERROR(INDEX('Master Stock'!$C$2:$C$100,AGGREGATE(15,6,(ROW('Master Stock'!$C$2:$C$100)-ROW('Master Stock'!$C$2)+1)/(('Master Stock'!$H$2:$H$100="OCCUPIED")*('Master Stock'!$J$2:$J$100<>"")*('Master Stock'!$K$2:$K$100="")*('Master Stock'!$J$2:$J$100<TODAY()-30)),70)),"") | M78: =IFERROR(INDEX('Master Stock'!$D$2:$D$100,AGGREGATE(15,6,(ROW('Master Stock'!$C$2:$C$100)-ROW('Master Stock'!$C$2)+1)/(('Master Stock'!$H$2:$H$100="OCCUPIED")*('Master Stock'!$J$2:$J$100<>"")*('Master Stock'!$K$2:$K$100="")*('Master Stock'!$J$2:$J$100<TODAY()-30)),70)),"") | N78: =IFERROR(INDEX('Master Stock'!$J$2:$J$100,AGGREGATE(15,6,(ROW('Master Stock'!$C$2:$C$100)-ROW('Master Stock'!$C$2)+1)/(('Master Stock'!$H$2:$H$100="OCCUPIED")*('Master Stock'!$J$2:$J$100<>"")*('Master Stock'!$K$2:$K$100="")*('Master Stock'!$J$2:$J$100<TODAY()-30)),70)),"") | O78: =IF(N78="","",MAX(0,TODAY()-(IF(ISNUMBER(N78),N78,IFERROR(DATE(2000+VALUE(RIGHT(N78,2)),VALUE(MID(N78,4,2)),VALUE(LEFT(N78,2))),"")))))
A79: =IFERROR(INDEX('Master Stock'!$C$2:$C$100,MATCH(ROWS($A$9:A79),'Master Stock'!$N$2:$N$100,0)),"") | B79: =IFERROR(INDEX('Master Stock'!$D$2:$D$100,MATCH(ROWS($A$9:A79),'Master Stock'!$N$2:$N$100,0)),"") | C79: =IFERROR(INDEX('Master Stock'!$B$2:$B$100,MATCH(ROWS($A$9:A79),'Master Stock'!$N$2:$N$100,0)),"") | D79: =IFERROR(INDEX('Master Stock'!$J$2:$J$100,MATCH(ROWS($A$9:A79),'Master Stock'!$N$2:$N$100,0)),"") | E79: =IF(D79="","",MAX(0,TODAY()-(IF(ISNUMBER(D79),D79,IFERROR(DATE(2000+VALUE(RIGHT(D79,2)),VALUE(MID(D79,4,2)),VALUE(LEFT(D79,2))),""))))) | G79: =IFERROR(INDEX('Master Stock'!$C$2:$C$100,MATCH(ROWS($G$9:G79),'Master Stock'!$P$2:$P$100,0)),"") | H79: =IFERROR(INDEX('Master Stock'!$D$2:$D$100,MATCH(ROWS($G$9:G79),'Master Stock'!$P$2:$P$100,0)),"") | I79: =IFERROR(INDEX('Master Stock'!$J$2:$J$100,MATCH(ROWS($G$9:G79),'Master Stock'!$P$2:$P$100,0)),"") | J79: =IF(I79="","",MAX(0,TODAY()-(IF(ISNUMBER(I79),I79,IFERROR(DATE(2000+VALUE(RIGHT(I79,2)),VALUE(MID(I79,4,2)),VALUE(LEFT(I79,2))),""))))) | L79: =IFERROR(INDEX('Master Stock'!$C$2:$C$100,AGGREGATE(15,6,(ROW('Master Stock'!$C$2:$C$100)-ROW('Master Stock'!$C$2)+1)/(('Master Stock'!$H$2:$H$100="OCCUPIED")*('Master Stock'!$J$2:$J$100<>"")*('Master Stock'!$K$2:$K$100="")*('Master Stock'!$J$2:$J$100<TODAY()-30)),71)),"") | M79: =IFERROR(INDEX('Master Stock'!$D$2:$D$100,AGGREGATE(15,6,(ROW('Master Stock'!$C$2:$C$100)-ROW('Master Stock'!$C$2)+1)/(('Master Stock'!$H$2:$H$100="OCCUPIED")*('Master Stock'!$J$2:$J$100<>"")*('Master Stock'!$K$2:$K$100="")*('Master Stock'!$J$2:$J$100<TODAY()-30)),71)),"") | N79: =IFERROR(INDEX('Master Stock'!$J$2:$J$100,AGGREGATE(15,6,(ROW('Master Stock'!$C$2:$C$100)-ROW('Master Stock'!$C$2)+1)/(('Master Stock'!$H$2:$H$100="OCCUPIED")*('Master Stock'!$J$2:$J$100<>"")*('Master Stock'!$K$2:$K$100="")*('Master Stock'!$J$2:$J$100<TODAY()-30)),71)),"") | O79: =IF(N79="","",MAX(0,TODAY()-(IF(ISNUMBER(N79),N79,IFERROR(DATE(2000+VALUE(RIGHT(N79,2)),VALUE(MID(N79,4,2)),VALUE(LEFT(N79,2))),"")))))
A80: =IFERROR(INDEX('Master Stock'!$C$2:$C$100,MATCH(ROWS($A$9:A80),'Master Stock'!$N$2:$N$100,0)),"") | B80: =IFERROR(INDEX('Master Stock'!$D$2:$D$100,MATCH(ROWS($A$9:A80),'Master Stock'!$N$2:$N$100,0)),"") | C80: =IFERROR(INDEX('Master Stock'!$B$2:$B$100,MATCH(ROWS($A$9:A80),'Master Stock'!$N$2:$N$100,0)),"") | D80: =IFERROR(INDEX('Master Stock'!$J$2:$J$100,MATCH(ROWS($A$9:A80),'Master Stock'!$N$2:$N$100,0)),"") | E80: =IF(D80="","",MAX(0,TODAY()-(IF(ISNUMBER(D80),D80,IFERROR(DATE(2000+VALUE(RIGHT(D80,2)),VALUE(MID(D80,4,2)),VALUE(LEFT(D80,2))),""))))) | G80: =IFERROR(INDEX('Master Stock'!$C$2:$C$100,MATCH(ROWS($G$9:G80),'Master Stock'!$P$2:$P$100,0)),"") | H80: =IFERROR(INDEX('Master Stock'!$D$2:$D$100,MATCH(ROWS($G$9:G80),'Master Stock'!$P$2:$P$100,0)),"") | I80: =IFERROR(INDEX('Master Stock'!$J$2:$J$100,MATCH(ROWS($G$9:G80),'Master Stock'!$P$2:$P$100,0)),"") | J80: =IF(I80="","",MAX(0,TODAY()-(IF(ISNUMBER(I80),I80,IFERROR(DATE(2000+VALUE(RIGHT(I80,2)),VALUE(MID(I80,4,2)),VALUE(LEFT(I80,2))),""))))) | L80: =IFERROR(INDEX('Master Stock'!$C$2:$C$100,AGGREGATE(15,6,(ROW('Master Stock'!$C$2:$C$100)-ROW('Master Stock'!$C$2)+1)/(('Master Stock'!$H$2:$H$100="OCCUPIED")*('Master Stock'!$J$2:$J$100<>"")*('Master Stock'!$K$2:$K$100="")*('Master Stock'!$J$2:$J$100<TODAY()-30)),72)),"") | M80: =IFERROR(INDEX('Master Stock'!$D$2:$D$100,AGGREGATE(15,6,(ROW('Master Stock'!$C$2:$C$100)-ROW('Master Stock'!$C$2)+1)/(('Master Stock'!$H$2:$H$100="OCCUPIED")*('Master Stock'!$J$2:$J$100<>"")*('Master Stock'!$K$2:$K$100="")*('Master Stock'!$J$2:$J$100<TODAY()-30)),72)),"") | N80: =IFERROR(INDEX('Master Stock'!$J$2:$J$100,AGGREGATE(15,6,(ROW('Master Stock'!$C$2:$C$100)-ROW('Master Stock'!$C$2)+1)/(('Master Stock'!$H$2:$H$100="OCCUPIED")*('Master Stock'!$J$2:$J$100<>"")*('Master Stock'!$K$2:$K$100="")*('Master Stock'!$J$2:$J$100<TODAY()-30)),72)),"") | O80: =IF(N80="","",MAX(0,TODAY()-(IF(ISNUMBER(N80),N80,IFERROR(DATE(2000+VALUE(RIGHT(N80,2)),VALUE(MID(N80,4,2)),VALUE(LEFT(N80,2))),"")))))
A81: =IFERROR(INDEX('Master Stock'!$C$2:$C$100,MATCH(ROWS($A$9:A81),'Master Stock'!$N$2:$N$100,0)),"") | B81: =IFERROR(INDEX('Master Stock'!$D$2:$D$100,MATCH(ROWS($A$9:A81),'Master Stock'!$N$2:$N$100,0)),"") | C81: =IFERROR(INDEX('Master Stock'!$B$2:$B$100,MATCH(ROWS($A$9:A81),'Master Stock'!$N$2:$N$100,0)),"") | D81: =IFERROR(INDEX('Master Stock'!$J$2:$J$100,MATCH(ROWS($A$9:A81),'Master Stock'!$N$2:$N$100,0)),"") | E81: =IF(D81="","",MAX(0,TODAY()-(IF(ISNUMBER(D81),D81,IFERROR(DATE(2000+VALUE(RIGHT(D81,2)),VALUE(MID(D81,4,2)),VALUE(LEFT(D81,2))),""))))) | G81: =IFERROR(INDEX('Master Stock'!$C$2:$C$100,MATCH(ROWS($G$9:G81),'Master Stock'!$P$2:$P$100,0)),"") | H81: =IFERROR(INDEX('Master Stock'!$D$2:$D$100,MATCH(ROWS($G$9:G81),'Master Stock'!$P$2:$P$100,0)),"") | I81: =IFERROR(INDEX('Master Stock'!$J$2:$J$100,MATCH(ROWS($G$9:G81),'Master Stock'!$P$2:$P$100,0)),"") | J81: =IF(I81="","",MAX(0,TODAY()-(IF(ISNUMBER(I81),I81,IFERROR(DATE(2000+VALUE(RIGHT(I81,2)),VALUE(MID(I81,4,2)),VALUE(LEFT(I81,2))),""))))) | L81: =IFERROR(INDEX('Master Stock'!$C$2:$C$100,AGGREGATE(15,6,(ROW('Master Stock'!$C$2:$C$100)-ROW('Master Stock'!$C$2)+1)/(('Master Stock'!$H$2:$H$100="OCCUPIED")*('Master Stock'!$J$2:$J$100<>"")*('Master Stock'!$K$2:$K$100="")*('Master Stock'!$J$2:$J$100<TODAY()-30)),73)),"") | M81: =IFERROR(INDEX('Master Stock'!$D$2:$D$100,AGGREGATE(15,6,(ROW('Master Stock'!$C$2:$C$100)-ROW('Master Stock'!$C$2)+1)/(('Master Stock'!$H$2:$H$100="OCCUPIED")*('Master Stock'!$J$2:$J$100<>"")*('Master Stock'!$K$2:$K$100="")*('Master Stock'!$J$2:$J$100<TODAY()-30)),73)),"") | N81: =IFERROR(INDEX('Master Stock'!$J$2:$J$100,AGGREGATE(15,6,(ROW('Master Stock'!$C$2:$C$100)-ROW('Master Stock'!$C$2)+1)/(('Master Stock'!$H$2:$H$100="OCCUPIED")*('Master Stock'!$J$2:$J$100<>"")*('Master Stock'!$K$2:$K$100="")*('Master Stock'!$J$2:$J$100<TODAY()-30)),73)),"") | O81: =IF(N81="","",MAX(0,TODAY()-(IF(ISNUMBER(N81),N81,IFERROR(DATE(2000+VALUE(RIGHT(N81,2)),VALUE(MID(N81,4,2)),VALUE(LEFT(N81,2))),"")))))
A82: =IFERROR(INDEX('Master Stock'!$C$2:$C$100,MATCH(ROWS($A$9:A82),'Master Stock'!$N$2:$N$100,0)),"") | B82: =IFERROR(INDEX('Master Stock'!$D$2:$D$100,MATCH(ROWS($A$9:A82),'Master Stock'!$N$2:$N$100,0)),"") | C82: =IFERROR(INDEX('Master Stock'!$B$2:$B$100,MATCH(ROWS($A$9:A82),'Master Stock'!$N$2:$N$100,0)),"") | D82: =IFERROR(INDEX('Master Stock'!$J$2:$J$100,MATCH(ROWS($A$9:A82),'Master Stock'!$N$2:$N$100,0)),"") | E82: =IF(D82="","",MAX(0,TODAY()-(IF(ISNUMBER(D82),D82,IFERROR(DATE(2000+VALUE(RIGHT(D82,2)),VALUE(MID(D82,4,2)),VALUE(LEFT(D82,2))),""))))) | G82: =IFERROR(INDEX('Master Stock'!$C$2:$C$100,MATCH(ROWS($G$9:G82),'Master Stock'!$P$2:$P$100,0)),"") | H82: =IFERROR(INDEX('Master Stock'!$D$2:$D$100,MATCH(ROWS($G$9:G82),'Master Stock'!$P$2:$P$100,0)),"") | I82: =IFERROR(INDEX('Master Stock'!$J$2:$J$100,MATCH(ROWS($G$9:G82),'Master Stock'!$P$2:$P$100,0)),"") | J82: =IF(I82="","",MAX(0,TODAY()-(IF(ISNUMBER(I82),I82,IFERROR(DATE(2000+VALUE(RIGHT(I82,2)),VALUE(MID(I82,4,2)),VALUE(LEFT(I82,2))),""))))) | L82: =IFERROR(INDEX('Master Stock'!$C$2:$C$100,AGGREGATE(15,6,(ROW('Master Stock'!$C$2:$C$100)-ROW('Master Stock'!$C$2)+1)/(('Master Stock'!$H$2:$H$100="OCCUPIED")*('Master Stock'!$J$2:$J$100<>"")*('Master Stock'!$K$2:$K$100="")*('Master Stock'!$J$2:$J$100<TODAY()-30)),74)),"") | M82: =IFERROR(INDEX('Master Stock'!$D$2:$D$100,AGGREGATE(15,6,(ROW('Master Stock'!$C$2:$C$100)-ROW('Master Stock'!$C$2)+1)/(('Master Stock'!$H$2:$H$100="OCCUPIED")*('Master Stock'!$J$2:$J$100<>"")*('Master Stock'!$K$2:$K$100="")*('Master Stock'!$J$2:$J$100<TODAY()-30)),74)),"") | N82: =IFERROR(INDEX('Master Stock'!$J$2:$J$100,AGGREGATE(15,6,(ROW('Master Stock'!$C$2:$C$100)-ROW('Master Stock'!$C$2)+1)/(('Master Stock'!$H$2:$H$100="OCCUPIED")*('Master Stock'!$J$2:$J$100<>"")*('Master Stock'!$K$2:$K$100="")*('Master Stock'!$J$2:$J$100<TODAY()-30)),74)),"") | O82: =IF(N82="","",MAX(0,TODAY()-(IF(ISNUMBER(N82),N82,IFERROR(DATE(2000+VALUE(RIGHT(N82,2)),VALUE(MID(N82,4,2)),VALUE(LEFT(N82,2))),"")))))
A83: =IFERROR(INDEX('Master Stock'!$C$2:$C$100,MATCH(ROWS($A$9:A83),'Master Stock'!$N$2:$N$100,0)),"") | B83: =IFERROR(INDEX('Master Stock'!$D$2:$D$100,MATCH(ROWS($A$9:A83),'Master Stock'!$N$2:$N$100,0)),"") | C83: =IFERROR(INDEX('Master Stock'!$B$2:$B$100,MATCH(ROWS($A$9:A83),'Master Stock'!$N$2:$N$100,0)),"") | D83: =IFERROR(INDEX('Master Stock'!$J$2:$J$100,MATCH(ROWS($A$9:A83),'Master Stock'!$N$2:$N$100,0)),"") | E83: =IF(D83="","",MAX(0,TODAY()-(IF(ISNUMBER(D83),D83,IFERROR(DATE(2000+VALUE(RIGHT(D83,2)),VALUE(MID(D83,4,2)),VALUE(LEFT(D83,2))),""))))) | G83: =IFERROR(INDEX('Master Stock'!$C$2:$C$100,MATCH(ROWS($G$9:G83),'Master Stock'!$P$2:$P$100,0)),"") | H83: =IFERROR(INDEX('Master Stock'!$D$2:$D$100,MATCH(ROWS($G$9:G83),'Master Stock'!$P$2:$P$100,0)),"") | I83: =IFERROR(INDEX('Master Stock'!$J$2:$J$100,MATCH(ROWS($G$9:G83),'Master Stock'!$P$2:$P$100,0)),"") | J83: =IF(I83="","",MAX(0,TODAY()-(IF(ISNUMBER(I83),I83,IFERROR(DATE(2000+VALUE(RIGHT(I83,2)),VALUE(MID(I83,4,2)),VALUE(LEFT(I83,2))),""))))) | L83: =IFERROR(INDEX('Master Stock'!$C$2:$C$100,AGGREGATE(15,6,(ROW('Master Stock'!$C$2:$C$100)-ROW('Master Stock'!$C$2)+1)/(('Master Stock'!$H$2:$H$100="OCCUPIED")*('Master Stock'!$J$2:$J$100<>"")*('Master Stock'!$K$2:$K$100="")*('Master Stock'!$J$2:$J$100<TODAY()-30)),75)),"") | M83: =IFERROR(INDEX('Master Stock'!$D$2:$D$100,AGGREGATE(15,6,(ROW('Master Stock'!$C$2:$C$100)-ROW('Master Stock'!$C$2)+1)/(('Master Stock'!$H$2:$H$100="OCCUPIED")*('Master Stock'!$J$2:$J$100<>"")*('Master Stock'!$K$2:$K$100="")*('Master Stock'!$J$2:$J$100<TODAY()-30)),75)),"") | N83: =IFERROR(INDEX('Master Stock'!$J$2:$J$100,AGGREGATE(15,6,(ROW('Master Stock'!$C$2:$C$100)-ROW('Master Stock'!$C$2)+1)/(('Master Stock'!$H$2:$H$100="OCCUPIED")*('Master Stock'!$J$2:$J$100<>"")*('Master Stock'!$K$2:$K$100="")*('Master Stock'!$J$2:$J$100<TODAY()-30)),75)),"") | O83: =IF(N83="","",MAX(0,TODAY()-(IF(ISNUMBER(N83),N83,IFERROR(DATE(2000+VALUE(RIGHT(N83,2)),VALUE(MID(N83,4,2)),VALUE(LEFT(N83,2))),"")))))
A84: =IFERROR(INDEX('Master Stock'!$C$2:$C$100,MATCH(ROWS($A$9:A84),'Master Stock'!$N$2:$N$100,0)),"") | B84: =IFERROR(INDEX('Master Stock'!$D$2:$D$100,MATCH(ROWS($A$9:A84),'Master Stock'!$N$2:$N$100,0)),"") | C84: =IFERROR(INDEX('Master Stock'!$B$2:$B$100,MATCH(ROWS($A$9:A84),'Master Stock'!$N$2:$N$100,0)),"") | D84: =IFERROR(INDEX('Master Stock'!$J$2:$J$100,MATCH(ROWS($A$9:A84),'Master Stock'!$N$2:$N$100,0)),"") | E84: =IF(D84="","",MAX(0,TODAY()-(IF(ISNUMBER(D84),D84,IFERROR(DATE(2000+VALUE(RIGHT(D84,2)),VALUE(MID(D84,4,2)),VALUE(LEFT(D84,2))),""))))) | G84: =IFERROR(INDEX('Master Stock'!$C$2:$C$100,MATCH(ROWS($G$9:G84),'Master Stock'!$P$2:$P$100,0)),"") | H84: =IFERROR(INDEX('Master Stock'!$D$2:$D$100,MATCH(ROWS($G$9:G84),'Master Stock'!$P$2:$P$100,0)),"") | I84: =IFERROR(INDEX('Master Stock'!$J$2:$J$100,MATCH(ROWS($G$9:G84),'Master Stock'!$P$2:$P$100,0)),"") | J84: =IF(I84="","",MAX(0,TODAY()-(IF(ISNUMBER(I84),I84,IFERROR(DATE(2000+VALUE(RIGHT(I84,2)),VALUE(MID(I84,4,2)),VALUE(LEFT(I84,2))),""))))) | L84: =IFERROR(INDEX('Master Stock'!$C$2:$C$100,AGGREGATE(15,6,(ROW('Master Stock'!$C$2:$C$100)-ROW('Master Stock'!$C$2)+1)/(('Master Stock'!$H$2:$H$100="OCCUPIED")*('Master Stock'!$J$2:$J$100<>"")*('Master Stock'!$K$2:$K$100="")*('Master Stock'!$J$2:$J$100<TODAY()-30)),76)),"") | M84: =IFERROR(INDEX('Master Stock'!$D$2:$D$100,AGGREGATE(15,6,(ROW('Master Stock'!$C$2:$C$100)-ROW('Master Stock'!$C$2)+1)/(('Master Stock'!$H$2:$H$100="OCCUPIED")*('Master Stock'!$J$2:$J$100<>"")*('Master Stock'!$K$2:$K$100="")*('Master Stock'!$J$2:$J$100<TODAY()-30)),76)),"") | N84: =IFERROR(INDEX('Master Stock'!$J$2:$J$100,AGGREGATE(15,6,(ROW('Master Stock'!$C$2:$C$100)-ROW('Master Stock'!$C$2)+1)/(('Master Stock'!$H$2:$H$100="OCCUPIED")*('Master Stock'!$J$2:$J$100<>"")*('Master Stock'!$K$2:$K$100="")*('Master Stock'!$J$2:$J$100<TODAY()-30)),76)),"") | O84: =IF(N84="","",MAX(0,TODAY()-(IF(ISNUMBER(N84),N84,IFERROR(DATE(2000+VALUE(RIGHT(N84,2)),VALUE(MID(N84,4,2)),VALUE(LEFT(N84,2))),"")))))
A85: =IFERROR(INDEX('Master Stock'!$C$2:$C$100,MATCH(ROWS($A$9:A85),'Master Stock'!$N$2:$N$100,0)),"") | B85: =IFERROR(INDEX('Master Stock'!$D$2:$D$100,MATCH(ROWS($A$9:A85),'Master Stock'!$N$2:$N$100,0)),"") | C85: =IFERROR(INDEX('Master Stock'!$B$2:$B$100,MATCH(ROWS($A$9:A85),'Master Stock'!$N$2:$N$100,0)),"") | D85: =IFERROR(INDEX('Master Stock'!$J$2:$J$100,MATCH(ROWS($A$9:A85),'Master Stock'!$N$2:$N$100,0)),"") | E85: =IF(D85="","",MAX(0,TODAY()-(IF(ISNUMBER(D85),D85,IFERROR(DATE(2000+VALUE(RIGHT(D85,2)),VALUE(MID(D85,4,2)),VALUE(LEFT(D85,2))),""))))) | G85: =IFERROR(INDEX('Master Stock'!$C$2:$C$100,MATCH(ROWS($G$9:G85),'Master Stock'!$P$2:$P$100,0)),"") | H85: =IFERROR(INDEX('Master Stock'!$D$2:$D$100,MATCH(ROWS($G$9:G85),'Master Stock'!$P$2:$P$100,0)),"") | I85: =IFERROR(INDEX('Master Stock'!$J$2:$J$100,MATCH(ROWS($G$9:G85),'Master Stock'!$P$2:$P$100,0)),"") | J85: =IF(I85="","",MAX(0,TODAY()-(IF(ISNUMBER(I85),I85,IFERROR(DATE(2000+VALUE(RIGHT(I85,2)),VALUE(MID(I85,4,2)),VALUE(LEFT(I85,2))),""))))) | L85: =IFERROR(INDEX('Master Stock'!$C$2:$C$100,AGGREGATE(15,6,(ROW('Master Stock'!$C$2:$C$100)-ROW('Master Stock'!$C$2)+1)/(('Master Stock'!$H$2:$H$100="OCCUPIED")*('Master Stock'!$J$2:$J$100<>"")*('Master Stock'!$K$2:$K$100="")*('Master Stock'!$J$2:$J$100<TODAY()-30)),77)),"") | M85: =IFERROR(INDEX('Master Stock'!$D$2:$D$100,AGGREGATE(15,6,(ROW('Master Stock'!$C$2:$C$100)-ROW('Master Stock'!$C$2)+1)/(('Master Stock'!$H$2:$H$100="OCCUPIED")*('Master Stock'!$J$2:$J$100<>"")*('Master Stock'!$K$2:$K$100="")*('Master Stock'!$J$2:$J$100<TODAY()-30)),77)),"") | N85: =IFERROR(INDEX('Master Stock'!$J$2:$J$100,AGGREGATE(15,6,(ROW('Master Stock'!$C$2:$C$100)-ROW('Master Stock'!$C$2)+1)/(('Master Stock'!$H$2:$H$100="OCCUPIED")*('Master Stock'!$J$2:$J$100<>"")*('Master Stock'!$K$2:$K$100="")*('Master Stock'!$J$2:$J$100<TODAY()-30)),77)),"") | O85: =IF(N85="","",MAX(0,TODAY()-(IF(ISNUMBER(N85),N85,IFERROR(DATE(2000+VALUE(RIGHT(N85,2)),VALUE(MID(N85,4,2)),VALUE(LEFT(N85,2))),"")))))
A86: =IFERROR(INDEX('Master Stock'!$C$2:$C$100,MATCH(ROWS($A$9:A86),'Master Stock'!$N$2:$N$100,0)),"") | B86: =IFERROR(INDEX('Master Stock'!$D$2:$D$100,MATCH(ROWS($A$9:A86),'Master Stock'!$N$2:$N$100,0)),"") | C86: =IFERROR(INDEX('Master Stock'!$B$2:$B$100,MATCH(ROWS($A$9:A86),'Master Stock'!$N$2:$N$100,0)),"") | D86: =IFERROR(INDEX('Master Stock'!$J$2:$J$100,MATCH(ROWS($A$9:A86),'Master Stock'!$N$2:$N$100,0)),"") | E86: =IF(D86="","",MAX(0,TODAY()-(IF(ISNUMBER(D86),D86,IFERROR(DATE(2000+VALUE(RIGHT(D86,2)),VALUE(MID(D86,4,2)),VALUE(LEFT(D86,2))),""))))) | G86: =IFERROR(INDEX('Master Stock'!$C$2:$C$100,MATCH(ROWS($G$9:G86),'Master Stock'!$P$2:$P$100,0)),"") | H86: =IFERROR(INDEX('Master Stock'!$D$2:$D$100,MATCH(ROWS($G$9:G86),'Master Stock'!$P$2:$P$100,0)),"") | I86: =IFERROR(INDEX('Master Stock'!$J$2:$J$100,MATCH(ROWS($G$9:G86),'Master Stock'!$P$2:$P$100,0)),"") | J86: =IF(I86="","",MAX(0,TODAY()-(IF(ISNUMBER(I86),I86,IFERROR(DATE(2000+VALUE(RIGHT(I86,2)),VALUE(MID(I86,4,2)),VALUE(LEFT(I86,2))),""))))) | L86: =IFERROR(INDEX('Master Stock'!$C$2:$C$100,AGGREGATE(15,6,(ROW('Master Stock'!$C$2:$C$100)-ROW('Master Stock'!$C$2)+1)/(('Master Stock'!$H$2:$H$100="OCCUPIED")*('Master Stock'!$J$2:$J$100<>"")*('Master Stock'!$K$2:$K$100="")*('Master Stock'!$J$2:$J$100<TODAY()-30)),78)),"") | M86: =IFERROR(INDEX('Master Stock'!$D$2:$D$100,AGGREGATE(15,6,(ROW('Master Stock'!$C$2:$C$100)-ROW('Master Stock'!$C$2)+1)/(('Master Stock'!$H$2:$H$100="OCCUPIED")*('Master Stock'!$J$2:$J$100<>"")*('Master Stock'!$K$2:$K$100="")*('Master Stock'!$J$2:$J$100<TODAY()-30)),78)),"") | N86: =IFERROR(INDEX('Master Stock'!$J$2:$J$100,AGGREGATE(15,6,(ROW('Master Stock'!$C$2:$C$100)-ROW('Master Stock'!$C$2)+1)/(('Master Stock'!$H$2:$H$100="OCCUPIED")*('Master Stock'!$J$2:$J$100<>"")*('Master Stock'!$K$2:$K$100="")*('Master Stock'!$J$2:$J$100<TODAY()-30)),78)),"") | O86: =IF(N86="","",MAX(0,TODAY()-(IF(ISNUMBER(N86),N86,IFERROR(DATE(2000+VALUE(RIGHT(N86,2)),VALUE(MID(N86,4,2)),VALUE(LEFT(N86,2))),"")))))
A87: =IFERROR(INDEX('Master Stock'!$C$2:$C$100,MATCH(ROWS($A$9:A87),'Master Stock'!$N$2:$N$100,0)),"") | B87: =IFERROR(INDEX('Master Stock'!$D$2:$D$100,MATCH(ROWS($A$9:A87),'Master Stock'!$N$2:$N$100,0)),"") | C87: =IFERROR(INDEX('Master Stock'!$B$2:$B$100,MATCH(ROWS($A$9:A87),'Master Stock'!$N$2:$N$100,0)),"") | D87: =IFERROR(INDEX('Master Stock'!$J$2:$J$100,MATCH(ROWS($A$9:A87),'Master Stock'!$N$2:$N$100,0)),"") | E87: =IF(D87="","",MAX(0,TODAY()-(IF(ISNUMBER(D87),D87,IFERROR(DATE(2000+VALUE(RIGHT(D87,2)),VALUE(MID(D87,4,2)),VALUE(LEFT(D87,2))),""))))) | G87: =IFERROR(INDEX('Master Stock'!$C$2:$C$100,MATCH(ROWS($G$9:G87),'Master Stock'!$P$2:$P$100,0)),"") | H87: =IFERROR(INDEX('Master Stock'!$D$2:$D$100,MATCH(ROWS($G$9:G87),'Master Stock'!$P$2:$P$100,0)),"") | I87: =IFERROR(INDEX('Master Stock'!$J$2:$J$100,MATCH(ROWS($G$9:G87),'Master Stock'!$P$2:$P$100,0)),"") | J87: =IF(I87="","",MAX(0,TODAY()-(IF(ISNUMBER(I87),I87,IFERROR(DATE(2000+VALUE(RIGHT(I87,2)),VALUE(MID(I87,4,2)),VALUE(LEFT(I87,2))),""))))) | L87: =IFERROR(INDEX('Master Stock'!$C$2:$C$100,AGGREGATE(15,6,(ROW('Master Stock'!$C$2:$C$100)-ROW('Master Stock'!$C$2)+1)/(('Master Stock'!$H$2:$H$100="OCCUPIED")*('Master Stock'!$J$2:$J$100<>"")*('Master Stock'!$K$2:$K$100="")*('Master Stock'!$J$2:$J$100<TODAY()-30)),79)),"") | M87: =IFERROR(INDEX('Master Stock'!$D$2:$D$100,AGGREGATE(15,6,(ROW('Master Stock'!$C$2:$C$100)-ROW('Master Stock'!$C$2)+1)/(('Master Stock'!$H$2:$H$100="OCCUPIED")*('Master Stock'!$J$2:$J$100<>"")*('Master Stock'!$K$2:$K$100="")*('Master Stock'!$J$2:$J$100<TODAY()-30)),79)),"") | N87: =IFERROR(INDEX('Master Stock'!$J$2:$J$100,AGGREGATE(15,6,(ROW('Master Stock'!$C$2:$C$100)-ROW('Master Stock'!$C$2)+1)/(('Master Stock'!$H$2:$H$100="OCCUPIED")*('Master Stock'!$J$2:$J$100<>"")*('Master Stock'!$K$2:$K$100="")*('Master Stock'!$J$2:$J$100<TODAY()-30)),79)),"") | O87: =IF(N87="","",MAX(0,TODAY()-(IF(ISNUMBER(N87),N87,IFERROR(DATE(2000+VALUE(RIGHT(N87,2)),VALUE(MID(N87,4,2)),VALUE(LEFT(N87,2))),"")))))
A88: =IFERROR(INDEX('Master Stock'!$C$2:$C$100,MATCH(ROWS($A$9:A88),'Master Stock'!$N$2:$N$100,0)),"") | B88: =IFERROR(INDEX('Master Stock'!$D$2:$D$100,MATCH(ROWS($A$9:A88),'Master Stock'!$N$2:$N$100,0)),"") | C88: =IFERROR(INDEX('Master Stock'!$B$2:$B$100,MATCH(ROWS($A$9:A88),'Master Stock'!$N$2:$N$100,0)),"") | D88: =IFERROR(INDEX('Master Stock'!$J$2:$J$100,MATCH(ROWS($A$9:A88),'Master Stock'!$N$2:$N$100,0)),"") | E88: =IF(D88="","",MAX(0,TODAY()-(IF(ISNUMBER(D88),D88,IFERROR(DATE(2000+VALUE(RIGHT(D88,2)),VALUE(MID(D88,4,2)),VALUE(LEFT(D88,2))),""))))) | G88: =IFERROR(INDEX('Master Stock'!$C$2:$C$100,MATCH(ROWS($G$9:G88),'Master Stock'!$P$2:$P$100,0)),"") | H88: =IFERROR(INDEX('Master Stock'!$D$2:$D$100,MATCH(ROWS($G$9:G88),'Master Stock'!$P$2:$P$100,0)),"") | I88: =IFERROR(INDEX('Master Stock'!$J$2:$J$100,MATCH(ROWS($G$9:G88),'Master Stock'!$P$2:$P$100,0)),"") | J88: =IF(I88="","",MAX(0,TODAY()-(IF(ISNUMBER(I88),I88,IFERROR(DATE(2000+VALUE(RIGHT(I88,2)),VALUE(MID(I88,4,2)),VALUE(LEFT(I88,2))),""))))) | L88: =IFERROR(INDEX('Master Stock'!$C$2:$C$100,AGGREGATE(15,6,(ROW('Master Stock'!$C$2:$C$100)-ROW('Master Stock'!$C$2)+1)/(('Master Stock'!$H$2:$H$100="OCCUPIED")*('Master Stock'!$J$2:$J$100<>"")*('Master Stock'!$K$2:$K$100="")*('Master Stock'!$J$2:$J$100<TODAY()-30)),80)),"") | M88: =IFERROR(INDEX('Master Stock'!$D$2:$D$100,AGGREGATE(15,6,(ROW('Master Stock'!$C$2:$C$100)-ROW('Master Stock'!$C$2)+1)/(('Master Stock'!$H$2:$H$100="OCCUPIED")*('Master Stock'!$J$2:$J$100<>"")*('Master Stock'!$K$2:$K$100="")*('Master Stock'!$J$2:$J$100<TODAY()-30)),80)),"") | N88: =IFERROR(INDEX('Master Stock'!$J$2:$J$100,AGGREGATE(15,6,(ROW('Master Stock'!$C$2:$C$100)-ROW('Master Stock'!$C$2)+1)/(('Master Stock'!$H$2:$H$100="OCCUPIED")*('Master Stock'!$J$2:$J$100<>"")*('Master Stock'!$K$2:$K$100="")*('Master Stock'!$J$2:$J$100<TODAY()-30)),80)),"") | O88: =IF(N88="","",MAX(0,TODAY()-(IF(ISNUMBER(N88),N88,IFERROR(DATE(2000+VALUE(RIGHT(N88,2)),VALUE(MID(N88,4,2)),VALUE(LEFT(N88,2))),"")))))
A89: =IFERROR(INDEX('Master Stock'!$C$2:$C$100,MATCH(ROWS($A$9:A89),'Master Stock'!$N$2:$N$100,0)),"") | B89: =IFERROR(INDEX('Master Stock'!$D$2:$D$100,MATCH(ROWS($A$9:A89),'Master Stock'!$N$2:$N$100,0)),"") | C89: =IFERROR(INDEX('Master Stock'!$B$2:$B$100,MATCH(ROWS($A$9:A89),'Master Stock'!$N$2:$N$100,0)),"") | D89: =IFERROR(INDEX('Master Stock'!$J$2:$J$100,MATCH(ROWS($A$9:A89),'Master Stock'!$N$2:$N$100,0)),"") | E89: =IF(D89="","",MAX(0,TODAY()-(IF(ISNUMBER(D89),D89,IFERROR(DATE(2000+VALUE(RIGHT(D89,2)),VALUE(MID(D89,4,2)),VALUE(LEFT(D89,2))),""))))) | G89: =IFERROR(INDEX('Master Stock'!$C$2:$C$100,MATCH(ROWS($G$9:G89),'Master Stock'!$P$2:$P$100,0)),"") | H89: =IFERROR(INDEX('Master Stock'!$D$2:$D$100,MATCH(ROWS($G$9:G89),'Master Stock'!$P$2:$P$100,0)),"") | I89: =IFERROR(INDEX('Master Stock'!$J$2:$J$100,MATCH(ROWS($G$9:G89),'Master Stock'!$P$2:$P$100,0)),"") | J89: =IF(I89="","",MAX(0,TODAY()-(IF(ISNUMBER(I89),I89,IFERROR(DATE(2000+VALUE(RIGHT(I89,2)),VALUE(MID(I89,4,2)),VALUE(LEFT(I89,2))),""))))) | L89: =IFERROR(INDEX('Master Stock'!$C$2:$C$100,AGGREGATE(15,6,(ROW('Master Stock'!$C$2:$C$100)-ROW('Master Stock'!$C$2)+1)/(('Master Stock'!$H$2:$H$100="OCCUPIED")*('Master Stock'!$J$2:$J$100<>"")*('Master Stock'!$K$2:$K$100="")*('Master Stock'!$J$2:$J$100<TODAY()-30)),81)),"") | M89: =IFERROR(INDEX('Master Stock'!$D$2:$D$100,AGGREGATE(15,6,(ROW('Master Stock'!$C$2:$C$100)-ROW('Master Stock'!$C$2)+1)/(('Master Stock'!$H$2:$H$100="OCCUPIED")*('Master Stock'!$J$2:$J$100<>"")*('Master Stock'!$K$2:$K$100="")*('Master Stock'!$J$2:$J$100<TODAY()-30)),81)),"") | N89: =IFERROR(INDEX('Master Stock'!$J$2:$J$100,AGGREGATE(15,6,(ROW('Master Stock'!$C$2:$C$100)-ROW('Master Stock'!$C$2)+1)/(('Master Stock'!$H$2:$H$100="OCCUPIED")*('Master Stock'!$J$2:$J$100<>"")*('Master Stock'!$K$2:$K$100="")*('Master Stock'!$J$2:$J$100<TODAY()-30)),81)),"") | O89: =IF(N89="","",MAX(0,TODAY()-(IF(ISNUMBER(N89),N89,IFERROR(DATE(2000+VALUE(RIGHT(N89,2)),VALUE(MID(N89,4,2)),VALUE(LEFT(N89,2))),"")))))
A90: =IFERROR(INDEX('Master Stock'!$C$2:$C$100,MATCH(ROWS($A$9:A90),'Master Stock'!$N$2:$N$100,0)),"") | B90: =IFERROR(INDEX('Master Stock'!$D$2:$D$100,MATCH(ROWS($A$9:A90),'Master Stock'!$N$2:$N$100,0)),"") | C90: =IFERROR(INDEX('Master Stock'!$B$2:$B$100,MATCH(ROWS($A$9:A90),'Master Stock'!$N$2:$N$100,0)),"") | D90: =IFERROR(INDEX('Master Stock'!$J$2:$J$100,MATCH(ROWS($A$9:A90),'Master Stock'!$N$2:$N$100,0)),"") | E90: =IF(D90="","",MAX(0,TODAY()-(IF(ISNUMBER(D90),D90,IFERROR(DATE(2000+VALUE(RIGHT(D90,2)),VALUE(MID(D90,4,2)),VALUE(LEFT(D90,2))),""))))) | G90: =IFERROR(INDEX('Master Stock'!$C$2:$C$100,MATCH(ROWS($G$9:G90),'Master Stock'!$P$2:$P$100,0)),"") | H90: =IFERROR(INDEX('Master Stock'!$D$2:$D$100,MATCH(ROWS($G$9:G90),'Master Stock'!$P$2:$P$100,0)),"") | I90: =IFERROR(INDEX('Master Stock'!$J$2:$J$100,MATCH(ROWS($G$9:G90),'Master Stock'!$P$2:$P$100,0)),"") | J90: =IF(I90="","",MAX(0,TODAY()-(IF(ISNUMBER(I90),I90,IFERROR(DATE(2000+VALUE(RIGHT(I90,2)),VALUE(MID(I90,4,2)),VALUE(LEFT(I90,2))),""))))) | L90: =IFERROR(INDEX('Master Stock'!$C$2:$C$100,AGGREGATE(15,6,(ROW('Master Stock'!$C$2:$C$100)-ROW('Master Stock'!$C$2)+1)/(('Master Stock'!$H$2:$H$100="OCCUPIED")*('Master Stock'!$J$2:$J$100<>"")*('Master Stock'!$K$2:$K$100="")*('Master Stock'!$J$2:$J$100<TODAY()-30)),82)),"") | M90: =IFERROR(INDEX('Master Stock'!$D$2:$D$100,AGGREGATE(15,6,(ROW('Master Stock'!$C$2:$C$100)-ROW('Master Stock'!$C$2)+1)/(('Master Stock'!$H$2:$H$100="OCCUPIED")*('Master Stock'!$J$2:$J$100<>"")*('Master Stock'!$K$2:$K$100="")*('Master Stock'!$J$2:$J$100<TODAY()-30)),82)),"") | N90: =IFERROR(INDEX('Master Stock'!$J$2:$J$100,AGGREGATE(15,6,(ROW('Master Stock'!$C$2:$C$100)-ROW('Master Stock'!$C$2)+1)/(('Master Stock'!$H$2:$H$100="OCCUPIED")*('Master Stock'!$J$2:$J$100<>"")*('Master Stock'!$K$2:$K$100="")*('Master Stock'!$J$2:$J$100<TODAY()-30)),82)),"") | O90: =IF(N90="","",MAX(0,TODAY()-(IF(ISNUMBER(N90),N90,IFERROR(DATE(2000+VALUE(RIGHT(N90,2)),VALUE(MID(N90,4,2)),VALUE(LEFT(N90,2))),"")))))
A91: =IFERROR(INDEX('Master Stock'!$C$2:$C$100,MATCH(ROWS($A$9:A91),'Master Stock'!$N$2:$N$100,0)),"") | B91: =IFERROR(INDEX('Master Stock'!$D$2:$D$100,MATCH(ROWS($A$9:A91),'Master Stock'!$N$2:$N$100,0)),"") | C91: =IFERROR(INDEX('Master Stock'!$B$2:$B$100,MATCH(ROWS($A$9:A91),'Master Stock'!$N$2:$N$100,0)),"") | D91: =IFERROR(INDEX('Master Stock'!$J$2:$J$100,MATCH(ROWS($A$9:A91),'Master Stock'!$N$2:$N$100,0)),"") | E91: =IF(D91="","",MAX(0,TODAY()-(IF(ISNUMBER(D91),D91,IFERROR(DATE(2000+VALUE(RIGHT(D91,2)),VALUE(MID(D91,4,2)),VALUE(LEFT(D91,2))),""))))) | G91: =IFERROR(INDEX('Master Stock'!$C$2:$C$100,MATCH(ROWS($G$9:G91),'Master Stock'!$P$2:$P$100,0)),"") | H91: =IFERROR(INDEX('Master Stock'!$D$2:$D$100,MATCH(ROWS($G$9:G91),'Master Stock'!$P$2:$P$100,0)),"") | I91: =IFERROR(INDEX('Master Stock'!$J$2:$J$100,MATCH(ROWS($G$9:G91),'Master Stock'!$P$2:$P$100,0)),"") | J91: =IF(I91="","",MAX(0,TODAY()-(IF(ISNUMBER(I91),I91,IFERROR(DATE(2000+VALUE(RIGHT(I91,2)),VALUE(MID(I91,4,2)),VALUE(LEFT(I91,2))),""))))) | L91: =IFERROR(INDEX('Master Stock'!$C$2:$C$100,AGGREGATE(15,6,(ROW('Master Stock'!$C$2:$C$100)-ROW('Master Stock'!$C$2)+1)/(('Master Stock'!$H$2:$H$100="OCCUPIED")*('Master Stock'!$J$2:$J$100<>"")*('Master Stock'!$K$2:$K$100="")*('Master Stock'!$J$2:$J$100<TODAY()-30)),83)),"") | M91: =IFERROR(INDEX('Master Stock'!$D$2:$D$100,AGGREGATE(15,6,(ROW('Master Stock'!$C$2:$C$100)-ROW('Master Stock'!$C$2)+1)/(('Master Stock'!$H$2:$H$100="OCCUPIED")*('Master Stock'!$J$2:$J$100<>"")*('Master Stock'!$K$2:$K$100="")*('Master Stock'!$J$2:$J$100<TODAY()-30)),83)),"") | N91: =IFERROR(INDEX('Master Stock'!$J$2:$J$100,AGGREGATE(15,6,(ROW('Master Stock'!$C$2:$C$100)-ROW('Master Stock'!$C$2)+1)/(('Master Stock'!$H$2:$H$100="OCCUPIED")*('Master Stock'!$J$2:$J$100<>"")*('Master Stock'!$K$2:$K$100="")*('Master Stock'!$J$2:$J$100<TODAY()-30)),83)),"") | O91: =IF(N91="","",MAX(0,TODAY()-(IF(ISNUMBER(N91),N91,IFERROR(DATE(2000+VALUE(RIGHT(N91,2)),VALUE(MID(N91,4,2)),VALUE(LEFT(N91,2))),"")))))
A92: =IFERROR(INDEX('Master Stock'!$C$2:$C$100,MATCH(ROWS($A$9:A92),'Master Stock'!$N$2:$N$100,0)),"") | B92: =IFERROR(INDEX('Master Stock'!$D$2:$D$100,MATCH(ROWS($A$9:A92),'Master Stock'!$N$2:$N$100,0)),"") | C92: =IFERROR(INDEX('Master Stock'!$B$2:$B$100,MATCH(ROWS($A$9:A92),'Master Stock'!$N$2:$N$100,0)),"") | D92: =IFERROR(INDEX('Master Stock'!$J$2:$J$100,MATCH(ROWS($A$9:A92),'Master Stock'!$N$2:$N$100,0)),"") | E92: =IF(D92="","",MAX(0,TODAY()-(IF(ISNUMBER(D92),D92,IFERROR(DATE(2000+VALUE(RIGHT(D92,2)),VALUE(MID(D92,4,2)),VALUE(LEFT(D92,2))),""))))) | G92: =IFERROR(INDEX('Master Stock'!$C$2:$C$100,MATCH(ROWS($G$9:G92),'Master Stock'!$P$2:$P$100,0)),"") | H92: =IFERROR(INDEX('Master Stock'!$D$2:$D$100,MATCH(ROWS($G$9:G92),'Master Stock'!$P$2:$P$100,0)),"") | I92: =IFERROR(INDEX('Master Stock'!$J$2:$J$100,MATCH(ROWS($G$9:G92),'Master Stock'!$P$2:$P$100,0)),"") | J92: =IF(I92="","",MAX(0,TODAY()-(IF(ISNUMBER(I92),I92,IFERROR(DATE(2000+VALUE(RIGHT(I92,2)),VALUE(MID(I92,4,2)),VALUE(LEFT(I92,2))),""))))) | L92: =IFERROR(INDEX('Master Stock'!$C$2:$C$100,AGGREGATE(15,6,(ROW('Master Stock'!$C$2:$C$100)-ROW('Master Stock'!$C$2)+1)/(('Master Stock'!$H$2:$H$100="OCCUPIED")*('Master Stock'!$J$2:$J$100<>"")*('Master Stock'!$K$2:$K$100="")*('Master Stock'!$J$2:$J$100<TODAY()-30)),84)),"") | M92: =IFERROR(INDEX('Master Stock'!$D$2:$D$100,AGGREGATE(15,6,(ROW('Master Stock'!$C$2:$C$100)-ROW('Master Stock'!$C$2)+1)/(('Master Stock'!$H$2:$H$100="OCCUPIED")*('Master Stock'!$J$2:$J$100<>"")*('Master Stock'!$K$2:$K$100="")*('Master Stock'!$J$2:$J$100<TODAY()-30)),84)),"") | N92: =IFERROR(INDEX('Master Stock'!$J$2:$J$100,AGGREGATE(15,6,(ROW('Master Stock'!$C$2:$C$100)-ROW('Master Stock'!$C$2)+1)/(('Master Stock'!$H$2:$H$100="OCCUPIED")*('Master Stock'!$J$2:$J$100<>"")*('Master Stock'!$K$2:$K$100="")*('Master Stock'!$J$2:$J$100<TODAY()-30)),84)),"") | O92: =IF(N92="","",MAX(0,TODAY()-(IF(ISNUMBER(N92),N92,IFERROR(DATE(2000+VALUE(RIGHT(N92,2)),VALUE(MID(N92,4,2)),VALUE(LEFT(N92,2))),"")))))
A93: =IFERROR(INDEX('Master Stock'!$C$2:$C$100,MATCH(ROWS($A$9:A93),'Master Stock'!$N$2:$N$100,0)),"") | B93: =IFERROR(INDEX('Master Stock'!$D$2:$D$100,MATCH(ROWS($A$9:A93),'Master Stock'!$N$2:$N$100,0)),"") | C93: =IFERROR(INDEX('Master Stock'!$B$2:$B$100,MATCH(ROWS($A$9:A93),'Master Stock'!$N$2:$N$100,0)),"") | D93: =IFERROR(INDEX('Master Stock'!$J$2:$J$100,MATCH(ROWS($A$9:A93),'Master Stock'!$N$2:$N$100,0)),"") | E93: =IF(D93="","",MAX(0,TODAY()-(IF(ISNUMBER(D93),D93,IFERROR(DATE(2000+VALUE(RIGHT(D93,2)),VALUE(MID(D93,4,2)),VALUE(LEFT(D93,2))),""))))) | G93: =IFERROR(INDEX('Master Stock'!$C$2:$C$100,MATCH(ROWS($G$9:G93),'Master Stock'!$P$2:$P$100,0)),"") | H93: =IFERROR(INDEX('Master Stock'!$D$2:$D$100,MATCH(ROWS($G$9:G93),'Master Stock'!$P$2:$P$100,0)),"") | I93: =IFERROR(INDEX('Master Stock'!$J$2:$J$100,MATCH(ROWS($G$9:G93),'Master Stock'!$P$2:$P$100,0)),"") | J93: =IF(I93="","",MAX(0,TODAY()-(IF(ISNUMBER(I93),I93,IFERROR(DATE(2000+VALUE(RIGHT(I93,2)),VALUE(MID(I93,4,2)),VALUE(LEFT(I93,2))),""))))) | L93: =IFERROR(INDEX('Master Stock'!$C$2:$C$100,AGGREGATE(15,6,(ROW('Master Stock'!$C$2:$C$100)-ROW('Master Stock'!$C$2)+1)/(('Master Stock'!$H$2:$H$100="OCCUPIED")*('Master Stock'!$J$2:$J$100<>"")*('Master Stock'!$K$2:$K$100="")*('Master Stock'!$J$2:$J$100<TODAY()-30)),85)),"") | M93: =IFERROR(INDEX('Master Stock'!$D$2:$D$100,AGGREGATE(15,6,(ROW('Master Stock'!$C$2:$C$100)-ROW('Master Stock'!$C$2)+1)/(('Master Stock'!$H$2:$H$100="OCCUPIED")*('Master Stock'!$J$2:$J$100<>"")*('Master Stock'!$K$2:$K$100="")*('Master Stock'!$J$2:$J$100<TODAY()-30)),85)),"") | N93: =IFERROR(INDEX('Master Stock'!$J$2:$J$100,AGGREGATE(15,6,(ROW('Master Stock'!$C$2:$C$100)-ROW('Master Stock'!$C$2)+1)/(('Master Stock'!$H$2:$H$100="OCCUPIED")*('Master Stock'!$J$2:$J$100<>"")*('Master Stock'!$K$2:$K$100="")*('Master Stock'!$J$2:$J$100<TODAY()-30)),85)),"") | O93: =IF(N93="","",MAX(0,TODAY()-(IF(ISNUMBER(N93),N93,IFERROR(DATE(2000+VALUE(RIGHT(N93,2)),VALUE(MID(N93,4,2)),VALUE(LEFT(N93,2))),"")))))
A94: =IFERROR(INDEX('Master Stock'!$C$2:$C$100,MATCH(ROWS($A$9:A94),'Master Stock'!$N$2:$N$100,0)),"") | B94: =IFERROR(INDEX('Master Stock'!$D$2:$D$100,MATCH(ROWS($A$9:A94),'Master Stock'!$N$2:$N$100,0)),"") | C94: =IFERROR(INDEX('Master Stock'!$B$2:$B$100,MATCH(ROWS($A$9:A94),'Master Stock'!$N$2:$N$100,0)),"") | D94: =IFERROR(INDEX('Master Stock'!$J$2:$J$100,MATCH(ROWS($A$9:A94),'Master Stock'!$N$2:$N$100,0)),"") | E94: =IF(D94="","",MAX(0,TODAY()-(IF(ISNUMBER(D94),D94,IFERROR(DATE(2000+VALUE(RIGHT(D94,2)),VALUE(MID(D94,4,2)),VALUE(LEFT(D94,2))),""))))) | G94: =IFERROR(INDEX('Master Stock'!$C$2:$C$100,MATCH(ROWS($G$9:G94),'Master Stock'!$P$2:$P$100,0)),"") | H94: =IFERROR(INDEX('Master Stock'!$D$2:$D$100,MATCH(ROWS($G$9:G94),'Master Stock'!$P$2:$P$100,0)),"") | I94: =IFERROR(INDEX('Master Stock'!$J$2:$J$100,MATCH(ROWS($G$9:G94),'Master Stock'!$P$2:$P$100,0)),"") | J94: =IF(I94="","",MAX(0,TODAY()-(IF(ISNUMBER(I94),I94,IFERROR(DATE(2000+VALUE(RIGHT(I94,2)),VALUE(MID(I94,4,2)),VALUE(LEFT(I94,2))),""))))) | L94: =IFERROR(INDEX('Master Stock'!$C$2:$C$100,AGGREGATE(15,6,(ROW('Master Stock'!$C$2:$C$100)-ROW('Master Stock'!$C$2)+1)/(('Master Stock'!$H$2:$H$100="OCCUPIED")*('Master Stock'!$J$2:$J$100<>"")*('Master Stock'!$K$2:$K$100="")*('Master Stock'!$J$2:$J$100<TODAY()-30)),86)),"") | M94: =IFERROR(INDEX('Master Stock'!$D$2:$D$100,AGGREGATE(15,6,(ROW('Master Stock'!$C$2:$C$100)-ROW('Master Stock'!$C$2)+1)/(('Master Stock'!$H$2:$H$100="OCCUPIED")*('Master Stock'!$J$2:$J$100<>"")*('Master Stock'!$K$2:$K$100="")*('Master Stock'!$J$2:$J$100<TODAY()-30)),86)),"") | N94: =IFERROR(INDEX('Master Stock'!$J$2:$J$100,AGGREGATE(15,6,(ROW('Master Stock'!$C$2:$C$100)-ROW('Master Stock'!$C$2)+1)/(('Master Stock'!$H$2:$H$100="OCCUPIED")*('Master Stock'!$J$2:$J$100<>"")*('Master Stock'!$K$2:$K$100="")*('Master Stock'!$J$2:$J$100<TODAY()-30)),86)),"") | O94: =IF(N94="","",MAX(0,TODAY()-(IF(ISNUMBER(N94),N94,IFERROR(DATE(2000+VALUE(RIGHT(N94,2)),VALUE(MID(N94,4,2)),VALUE(LEFT(N94,2))),"")))))
A95: =IFERROR(INDEX('Master Stock'!$C$2:$C$100,MATCH(ROWS($A$9:A95),'Master Stock'!$N$2:$N$100,0)),"") | B95: =IFERROR(INDEX('Master Stock'!$D$2:$D$100,MATCH(ROWS($A$9:A95),'Master Stock'!$N$2:$N$100,0)),"") | C95: =IFERROR(INDEX('Master Stock'!$B$2:$B$100,MATCH(ROWS($A$9:A95),'Master Stock'!$N$2:$N$100,0)),"") | D95: =IFERROR(INDEX('Master Stock'!$J$2:$J$100,MATCH(ROWS($A$9:A95),'Master Stock'!$N$2:$N$100,0)),"") | E95: =IF(D95="","",MAX(0,TODAY()-(IF(ISNUMBER(D95),D95,IFERROR(DATE(2000+VALUE(RIGHT(D95,2)),VALUE(MID(D95,4,2)),VALUE(LEFT(D95,2))),""))))) | G95: =IFERROR(INDEX('Master Stock'!$C$2:$C$100,MATCH(ROWS($G$9:G95),'Master Stock'!$P$2:$P$100,0)),"") | H95: =IFERROR(INDEX('Master Stock'!$D$2:$D$100,MATCH(ROWS($G$9:G95),'Master Stock'!$P$2:$P$100,0)),"") | I95: =IFERROR(INDEX('Master Stock'!$J$2:$J$100,MATCH(ROWS($G$9:G95),'Master Stock'!$P$2:$P$100,0)),"") | J95: =IF(I95="","",MAX(0,TODAY()-(IF(ISNUMBER(I95),I95,IFERROR(DATE(2000+VALUE(RIGHT(I95,2)),VALUE(MID(I95,4,2)),VALUE(LEFT(I95,2))),""))))) | L95: =IFERROR(INDEX('Master Stock'!$C$2:$C$100,AGGREGATE(15,6,(ROW('Master Stock'!$C$2:$C$100)-ROW('Master Stock'!$C$2)+1)/(('Master Stock'!$H$2:$H$100="OCCUPIED")*('Master Stock'!$J$2:$J$100<>"")*('Master Stock'!$K$2:$K$100="")*('Master Stock'!$J$2:$J$100<TODAY()-30)),87)),"") | M95: =IFERROR(INDEX('Master Stock'!$D$2:$D$100,AGGREGATE(15,6,(ROW('Master Stock'!$C$2:$C$100)-ROW('Master Stock'!$C$2)+1)/(('Master Stock'!$H$2:$H$100="OCCUPIED")*('Master Stock'!$J$2:$J$100<>"")*('Master Stock'!$K$2:$K$100="")*('Master Stock'!$J$2:$J$100<TODAY()-30)),87)),"") | N95: =IFERROR(INDEX('Master Stock'!$J$2:$J$100,AGGREGATE(15,6,(ROW('Master Stock'!$C$2:$C$100)-ROW('Master Stock'!$C$2)+1)/(('Master Stock'!$H$2:$H$100="OCCUPIED")*('Master Stock'!$J$2:$J$100<>"")*('Master Stock'!$K$2:$K$100="")*('Master Stock'!$J$2:$J$100<TODAY()-30)),87)),"") | O95: =IF(N95="","",MAX(0,TODAY()-(IF(ISNUMBER(N95),N95,IFERROR(DATE(2000+VALUE(RIGHT(N95,2)),VALUE(MID(N95,4,2)),VALUE(LEFT(N95,2))),"")))))
A96: =IFERROR(INDEX('Master Stock'!$C$2:$C$100,MATCH(ROWS($A$9:A96),'Master Stock'!$N$2:$N$100,0)),"") | B96: =IFERROR(INDEX('Master Stock'!$D$2:$D$100,MATCH(ROWS($A$9:A96),'Master Stock'!$N$2:$N$100,0)),"") | C96: =IFERROR(INDEX('Master Stock'!$B$2:$B$100,MATCH(ROWS($A$9:A96),'Master Stock'!$N$2:$N$100,0)),"") | D96: =IFERROR(INDEX('Master Stock'!$J$2:$J$100,MATCH(ROWS($A$9:A96),'Master Stock'!$N$2:$N$100,0)),"") | E96: =IF(D96="","",MAX(0,TODAY()-(IF(ISNUMBER(D96),D96,IFERROR(DATE(2000+VALUE(RIGHT(D96,2)),VALUE(MID(D96,4,2)),VALUE(LEFT(D96,2))),""))))) | G96: =IFERROR(INDEX('Master Stock'!$C$2:$C$100,MATCH(ROWS($G$9:G96),'Master Stock'!$P$2:$P$100,0)),"") | H96: =IFERROR(INDEX('Master Stock'!$D$2:$D$100,MATCH(ROWS($G$9:G96),'Master Stock'!$P$2:$P$100,0)),"") | I96: =IFERROR(INDEX('Master Stock'!$J$2:$J$100,MATCH(ROWS($G$9:G96),'Master Stock'!$P$2:$P$100,0)),"") | J96: =IF(I96="","",MAX(0,TODAY()-(IF(ISNUMBER(I96),I96,IFERROR(DATE(2000+VALUE(RIGHT(I96,2)),VALUE(MID(I96,4,2)),VALUE(LEFT(I96,2))),""))))) | L96: =IFERROR(INDEX('Master Stock'!$C$2:$C$100,AGGREGATE(15,6,(ROW('Master Stock'!$C$2:$C$100)-ROW('Master Stock'!$C$2)+1)/(('Master Stock'!$H$2:$H$100="OCCUPIED")*('Master Stock'!$J$2:$J$100<>"")*('Master Stock'!$K$2:$K$100="")*('Master Stock'!$J$2:$J$100<TODAY()-30)),88)),"") | M96: =IFERROR(INDEX('Master Stock'!$D$2:$D$100,AGGREGATE(15,6,(ROW('Master Stock'!$C$2:$C$100)-ROW('Master Stock'!$C$2)+1)/(('Master Stock'!$H$2:$H$100="OCCUPIED")*('Master Stock'!$J$2:$J$100<>"")*('Master Stock'!$K$2:$K$100="")*('Master Stock'!$J$2:$J$100<TODAY()-30)),88)),"") | N96: =IFERROR(INDEX('Master Stock'!$J$2:$J$100,AGGREGATE(15,6,(ROW('Master Stock'!$C$2:$C$100)-ROW('Master Stock'!$C$2)+1)/(('Master Stock'!$H$2:$H$100="OCCUPIED")*('Master Stock'!$J$2:$J$100<>"")*('Master Stock'!$K$2:$K$100="")*('Master Stock'!$J$2:$J$100<TODAY()-30)),88)),"") | O96: =IF(N96="","",MAX(0,TODAY()-(IF(ISNUMBER(N96),N96,IFERROR(DATE(2000+VALUE(RIGHT(N96,2)),VALUE(MID(N96,4,2)),VALUE(LEFT(N96,2))),"")))))
A97: =IFERROR(INDEX('Master Stock'!$C$2:$C$100,MATCH(ROWS($A$9:A97),'Master Stock'!$N$2:$N$100,0)),"") | B97: =IFERROR(INDEX('Master Stock'!$D$2:$D$100,MATCH(ROWS($A$9:A97),'Master Stock'!$N$2:$N$100,0)),"") | C97: =IFERROR(INDEX('Master Stock'!$B$2:$B$100,MATCH(ROWS($A$9:A97),'Master Stock'!$N$2:$N$100,0)),"") | D97: =IFERROR(INDEX('Master Stock'!$J$2:$J$100,MATCH(ROWS($A$9:A97),'Master Stock'!$N$2:$N$100,0)),"") | E97: =IF(D97="","",MAX(0,TODAY()-(IF(ISNUMBER(D97),D97,IFERROR(DATE(2000+VALUE(RIGHT(D97,2)),VALUE(MID(D97,4,2)),VALUE(LEFT(D97,2))),""))))) | G97: =IFERROR(INDEX('Master Stock'!$C$2:$C$100,MATCH(ROWS($G$9:G97),'Master Stock'!$P$2:$P$100,0)),"") | H97: =IFERROR(INDEX('Master Stock'!$D$2:$D$100,MATCH(ROWS($G$9:G97),'Master Stock'!$P$2:$P$100,0)),"") | I97: =IFERROR(INDEX('Master Stock'!$J$2:$J$100,MATCH(ROWS($G$9:G97),'Master Stock'!$P$2:$P$100,0)),"") | J97: =IF(I97="","",MAX(0,TODAY()-(IF(ISNUMBER(I97),I97,IFERROR(DATE(2000+VALUE(RIGHT(I97,2)),VALUE(MID(I97,4,2)),VALUE(LEFT(I97,2))),""))))) | L97: =IFERROR(INDEX('Master Stock'!$C$2:$C$100,AGGREGATE(15,6,(ROW('Master Stock'!$C$2:$C$100)-ROW('Master Stock'!$C$2)+1)/(('Master Stock'!$H$2:$H$100="OCCUPIED")*('Master Stock'!$J$2:$J$100<>"")*('Master Stock'!$K$2:$K$100="")*('Master Stock'!$J$2:$J$100<TODAY()-30)),89)),"") | M97: =IFERROR(INDEX('Master Stock'!$D$2:$D$100,AGGREGATE(15,6,(ROW('Master Stock'!$C$2:$C$100)-ROW('Master Stock'!$C$2)+1)/(('Master Stock'!$H$2:$H$100="OCCUPIED")*('Master Stock'!$J$2:$J$100<>"")*('Master Stock'!$K$2:$K$100="")*('Master Stock'!$J$2:$J$100<TODAY()-30)),89)),"") | N97: =IFERROR(INDEX('Master Stock'!$J$2:$J$100,AGGREGATE(15,6,(ROW('Master Stock'!$C$2:$C$100)-ROW('Master Stock'!$C$2)+1)/(('Master Stock'!$H$2:$H$100="OCCUPIED")*('Master Stock'!$J$2:$J$100<>"")*('Master Stock'!$K$2:$K$100="")*('Master Stock'!$J$2:$J$100<TODAY()-30)),89)),"") | O97: =IF(N97="","",MAX(0,TODAY()-(IF(ISNUMBER(N97),N97,IFERROR(DATE(2000+VALUE(RIGHT(N97,2)),VALUE(MID(N97,4,2)),VALUE(LEFT(N97,2))),"")))))
A98: =IFERROR(INDEX('Master Stock'!$C$2:$C$100,MATCH(ROWS($A$9:A98),'Master Stock'!$N$2:$N$100,0)),"") | B98: =IFERROR(INDEX('Master Stock'!$D$2:$D$100,MATCH(ROWS($A$9:A98),'Master Stock'!$N$2:$N$100,0)),"") | C98: =IFERROR(INDEX('Master Stock'!$B$2:$B$100,MATCH(ROWS($A$9:A98),'Master Stock'!$N$2:$N$100,0)),"") | D98: =IFERROR(INDEX('Master Stock'!$J$2:$J$100,MATCH(ROWS($A$9:A98),'Master Stock'!$N$2:$N$100,0)),"") | E98: =IF(D98="","",MAX(0,TODAY()-(IF(ISNUMBER(D98),D98,IFERROR(DATE(2000+VALUE(RIGHT(D98,2)),VALUE(MID(D98,4,2)),VALUE(LEFT(D98,2))),""))))) | G98: =IFERROR(INDEX('Master Stock'!$C$2:$C$100,MATCH(ROWS($G$9:G98),'Master Stock'!$P$2:$P$100,0)),"") | H98: =IFERROR(INDEX('Master Stock'!$D$2:$D$100,MATCH(ROWS($G$9:G98),'Master Stock'!$P$2:$P$100,0)),"") | I98: =IFERROR(INDEX('Master Stock'!$J$2:$J$100,MATCH(ROWS($G$9:G98),'Master Stock'!$P$2:$P$100,0)),"") | J98: =IF(I98="","",MAX(0,TODAY()-(IF(ISNUMBER(I98),I98,IFERROR(DATE(2000+VALUE(RIGHT(I98,2)),VALUE(MID(I98,4,2)),VALUE(LEFT(I98,2))),""))))) | L98: =IFERROR(INDEX('Master Stock'!$C$2:$C$100,AGGREGATE(15,6,(ROW('Master Stock'!$C$2:$C$100)-ROW('Master Stock'!$C$2)+1)/(('Master Stock'!$H$2:$H$100="OCCUPIED")*('Master Stock'!$J$2:$J$100<>"")*('Master Stock'!$K$2:$K$100="")*('Master Stock'!$J$2:$J$100<TODAY()-30)),90)),"") | M98: =IFERROR(INDEX('Master Stock'!$D$2:$D$100,AGGREGATE(15,6,(ROW('Master Stock'!$C$2:$C$100)-ROW('Master Stock'!$C$2)+1)/(('Master Stock'!$H$2:$H$100="OCCUPIED")*('Master Stock'!$J$2:$J$100<>"")*('Master Stock'!$K$2:$K$100="")*('Master Stock'!$J$2:$J$100<TODAY()-30)),90)),"") | N98: =IFERROR(INDEX('Master Stock'!$J$2:$J$100,AGGREGATE(15,6,(ROW('Master Stock'!$C$2:$C$100)-ROW('Master Stock'!$C$2)+1)/(('Master Stock'!$H$2:$H$100="OCCUPIED")*('Master Stock'!$J$2:$J$100<>"")*('Master Stock'!$K$2:$K$100="")*('Master Stock'!$J$2:$J$100<TODAY()-30)),90)),"") | O98: =IF(N98="","",MAX(0,TODAY()-(IF(ISNUMBER(N98),N98,IFERROR(DATE(2000+VALUE(RIGHT(N98,2)),VALUE(MID(N98,4,2)),VALUE(LEFT(N98,2))),"")))))
A99: =IFERROR(INDEX('Master Stock'!$C$2:$C$100,MATCH(ROWS($A$9:A99),'Master Stock'!$N$2:$N$100,0)),"") | B99: =IFERROR(INDEX('Master Stock'!$D$2:$D$100,MATCH(ROWS($A$9:A99),'Master Stock'!$N$2:$N$100,0)),"") | C99: =IFERROR(INDEX('Master Stock'!$B$2:$B$100,MATCH(ROWS($A$9:A99),'Master Stock'!$N$2:$N$100,0)),"") | D99: =IFERROR(INDEX('Master Stock'!$J$2:$J$100,MATCH(ROWS($A$9:A99),'Master Stock'!$N$2:$N$100,0)),"") | E99: =IF(D99="","",MAX(0,TODAY()-(IF(ISNUMBER(D99),D99,IFERROR(DATE(2000+VALUE(RIGHT(D99,2)),VALUE(MID(D99,4,2)),VALUE(LEFT(D99,2))),""))))) | G99: =IFERROR(INDEX('Master Stock'!$C$2:$C$100,MATCH(ROWS($G$9:G99),'Master Stock'!$P$2:$P$100,0)),"") | H99: =IFERROR(INDEX('Master Stock'!$D$2:$D$100,MATCH(ROWS($G$9:G99),'Master Stock'!$P$2:$P$100,0)),"") | I99: =IFERROR(INDEX('Master Stock'!$J$2:$J$100,MATCH(ROWS($G$9:G99),'Master Stock'!$P$2:$P$100,0)),"") | J99: =IF(I99="","",MAX(0,TODAY()-(IF(ISNUMBER(I99),I99,IFERROR(DATE(2000+VALUE(RIGHT(I99,2)),VALUE(MID(I99,4,2)),VALUE(LEFT(I99,2))),""))))) | L99: =IFERROR(INDEX('Master Stock'!$C$2:$C$100,AGGREGATE(15,6,(ROW('Master Stock'!$C$2:$C$100)-ROW('Master Stock'!$C$2)+1)/(('Master Stock'!$H$2:$H$100="OCCUPIED")*('Master Stock'!$J$2:$J$100<>"")*('Master Stock'!$K$2:$K$100="")*('Master Stock'!$J$2:$J$100<TODAY()-30)),91)),"") | M99: =IFERROR(INDEX('Master Stock'!$D$2:$D$100,AGGREGATE(15,6,(ROW('Master Stock'!$C$2:$C$100)-ROW('Master Stock'!$C$2)+1)/(('Master Stock'!$H$2:$H$100="OCCUPIED")*('Master Stock'!$J$2:$J$100<>"")*('Master Stock'!$K$2:$K$100="")*('Master Stock'!$J$2:$J$100<TODAY()-30)),91)),"") | N99: =IFERROR(INDEX('Master Stock'!$J$2:$J$100,AGGREGATE(15,6,(ROW('Master Stock'!$C$2:$C$100)-ROW('Master Stock'!$C$2)+1)/(('Master Stock'!$H$2:$H$100="OCCUPIED")*('Master Stock'!$J$2:$J$100<>"")*('Master Stock'!$K$2:$K$100="")*('Master Stock'!$J$2:$J$100<TODAY()-30)),91)),"") | O99: =IF(N99="","",MAX(0,TODAY()-(IF(ISNUMBER(N99),N99,IFERROR(DATE(2000+VALUE(RIGHT(N99,2)),VALUE(MID(N99,4,2)),VALUE(LEFT(N99,2))),"")))))
A100: =IFERROR(INDEX('Master Stock'!$C$2:$C$100,MATCH(ROWS($A$9:A100),'Master Stock'!$N$2:$N$100,0)),"") | B100: =IFERROR(INDEX('Master Stock'!$D$2:$D$100,MATCH(ROWS($A$9:A100),'Master Stock'!$N$2:$N$100,0)),"") | C100: =IFERROR(INDEX('Master Stock'!$B$2:$B$100,MATCH(ROWS($A$9:A100),'Master Stock'!$N$2:$N$100,0)),"") | D100: =IFERROR(INDEX('Master Stock'!$J$2:$J$100,MATCH(ROWS($A$9:A100),'Master Stock'!$N$2:$N$100,0)),"") | E100: =IF(D100="","",MAX(0,TODAY()-(IF(ISNUMBER(D100),D100,IFERROR(DATE(2000+VALUE(RIGHT(D100,2)),VALUE(MID(D100,4,2)),VALUE(LEFT(D100,2))),""))))) | G100: =IFERROR(INDEX('Master Stock'!$C$2:$C$100,MATCH(ROWS($G$9:G100),'Master Stock'!$P$2:$P$100,0)),"") | H100: =IFERROR(INDEX('Master Stock'!$D$2:$D$100,MATCH(ROWS($G$9:G100),'Master Stock'!$P$2:$P$100,0)),"") | I100: =IFERROR(INDEX('Master Stock'!$J$2:$J$100,MATCH(ROWS($G$9:G100),'Master Stock'!$P$2:$P$100,0)),"") | J100: =IF(I100="","",MAX(0,TODAY()-(IF(ISNUMBER(I100),I100,IFERROR(DATE(2000+VALUE(RIGHT(I100,2)),VALUE(MID(I100,4,2)),VALUE(LEFT(I100,2))),""))))) | L100: =IFERROR(INDEX('Master Stock'!$C$2:$C$100,AGGREGATE(15,6,(ROW('Master Stock'!$C$2:$C$100)-ROW('Master Stock'!$C$2)+1)/(('Master Stock'!$H$2:$H$100="OCCUPIED")*('Master Stock'!$J$2:$J$100<>"")*('Master Stock'!$K$2:$K$100="")*('Master Stock'!$J$2:$J$100<TODAY()-30)),92)),"") | M100: =IFERROR(INDEX('Master Stock'!$D$2:$D$100,AGGREGATE(15,6,(ROW('Master Stock'!$C$2:$C$100)-ROW('Master Stock'!$C$2)+1)/(('Master Stock'!$H$2:$H$100="OCCUPIED")*('Master Stock'!$J$2:$J$100<>"")*('Master Stock'!$K$2:$K$100="")*('Master Stock'!$J$2:$J$100<TODAY()-30)),92)),"") | N100: =IFERROR(INDEX('Master Stock'!$J$2:$J$100,AGGREGATE(15,6,(ROW('Master Stock'!$C$2:$C$100)-ROW('Master Stock'!$C$2)+1)/(('Master Stock'!$H$2:$H$100="OCCUPIED")*('Master Stock'!$J$2:$J$100<>"")*('Master Stock'!$K$2:$K$100="")*('Master Stock'!$J$2:$J$100<TODAY()-30)),92)),"") | O100: =IF(N100="","",MAX(0,TODAY()-(IF(ISNUMBER(N100),N100,IFERROR(DATE(2000+VALUE(RIGHT(N100,2)),VALUE(MID(N100,4,2)),VALUE(LEFT(N100,2))),"")))))
L101: =IFERROR(INDEX('Master Stock'!$C$2:$C$100,AGGREGATE(15,6,(ROW('Master Stock'!$C$2:$C$100)-ROW('Master Stock'!$C$2)+1)/(('Master Stock'!$H$2:$H$100="OCCUPIED")*('Master Stock'!$J$2:$J$100<>"")*('Master Stock'!$K$2:$K$100="")*('Master Stock'!$J$2:$J$100<TODAY()-30)),93)),"") | M101: =IFERROR(INDEX('Master Stock'!$D$2:$D$100,AGGREGATE(15,6,(ROW('Master Stock'!$C$2:$C$100)-ROW('Master Stock'!$C$2)+1)/(('Master Stock'!$H$2:$H$100="OCCUPIED")*('Master Stock'!$J$2:$J$100<>"")*('Master Stock'!$K$2:$K$100="")*('Master Stock'!$J$2:$J$100<TODAY()-30)),93)),"") | N101: =IFERROR(INDEX('Master Stock'!$J$2:$J$100,AGGREGATE(15,6,(ROW('Master Stock'!$C$2:$C$100)-ROW('Master Stock'!$C$2)+1)/(('Master Stock'!$H$2:$H$100="OCCUPIED")*('Master Stock'!$J$2:$J$100<>"")*('Master Stock'!$K$2:$K$100="")*('Master Stock'!$J$2:$J$100<TODAY()-30)),93)),"") | O101: =IF(N101="","",MAX(0,TODAY()-(IF(ISNUMBER(N101),N101,IFERROR(DATE(2000+VALUE(RIGHT(N101,2)),VALUE(MID(N101,4,2)),VALUE(LEFT(N101,2))),"")))))
L102: =IFERROR(INDEX('Master Stock'!$C$2:$C$100,AGGREGATE(15,6,(ROW('Master Stock'!$C$2:$C$100)-ROW('Master Stock'!$C$2)+1)/(('Master Stock'!$H$2:$H$100="OCCUPIED")*('Master Stock'!$J$2:$J$100<>"")*('Master Stock'!$K$2:$K$100="")*('Master Stock'!$J$2:$J$100<TODAY()-30)),94)),"") | M102: =IFERROR(INDEX('Master Stock'!$D$2:$D$100,AGGREGATE(15,6,(ROW('Master Stock'!$C$2:$C$100)-ROW('Master Stock'!$C$2)+1)/(('Master Stock'!$H$2:$H$100="OCCUPIED")*('Master Stock'!$J$2:$J$100<>"")*('Master Stock'!$K$2:$K$100="")*('Master Stock'!$J$2:$J$100<TODAY()-30)),94)),"") | N102: =IFERROR(INDEX('Master Stock'!$J$2:$J$100,AGGREGATE(15,6,(ROW('Master Stock'!$C$2:$C$100)-ROW('Master Stock'!$C$2)+1)/(('Master Stock'!$H$2:$H$100="OCCUPIED")*('Master Stock'!$J$2:$J$100<>"")*('Master Stock'!$K$2:$K$100="")*('Master Stock'!$J$2:$J$100<TODAY()-30)),94)),"") | O102: =IF(N102="","",MAX(0,TODAY()-(IF(ISNUMBER(N102),N102,IFERROR(DATE(2000+VALUE(RIGHT(N102,2)),VALUE(MID(N102,4,2)),VALUE(LEFT(N102,2))),"")))))
L103: =IFERROR(INDEX('Master Stock'!$C$2:$C$100,AGGREGATE(15,6,(ROW('Master Stock'!$C$2:$C$100)-ROW('Master Stock'!$C$2)+1)/(('Master Stock'!$H$2:$H$100="OCCUPIED")*('Master Stock'!$J$2:$J$100<>"")*('Master Stock'!$K$2:$K$100="")*('Master Stock'!$J$2:$J$100<TODAY()-30)),95)),"") | M103: =IFERROR(INDEX('Master Stock'!$D$2:$D$100,AGGREGATE(15,6,(ROW('Master Stock'!$C$2:$C$100)-ROW('Master Stock'!$C$2)+1)/(('Master Stock'!$H$2:$H$100="OCCUPIED")*('Master Stock'!$J$2:$J$100<>"")*('Master Stock'!$K$2:$K$100="")*('Master Stock'!$J$2:$J$100<TODAY()-30)),95)),"") | N103: =IFERROR(INDEX('Master Stock'!$J$2:$J$100,AGGREGATE(15,6,(ROW('Master Stock'!$C$2:$C$100)-ROW('Master Stock'!$C$2)+1)/(('Master Stock'!$H$2:$H$100="OCCUPIED")*('Master Stock'!$J$2:$J$100<>"")*('Master Stock'!$K$2:$K$100="")*('Master Stock'!$J$2:$J$100<TODAY()-30)),95)),"") | O103: =IF(N103="","",MAX(0,TODAY()-(IF(ISNUMBER(N103),N103,IFERROR(DATE(2000+VALUE(RIGHT(N103,2)),VALUE(MID(N103,4,2)),VALUE(LEFT(N103,2))),"")))))
...

Sheet Master Stock
A1: Sr No. | B1: Receipt Date | C1: Shed No. | D1: Stack No. | E1: Bags | F1: Qty (MT) | G1: Commodity / Crop Year | H1: Status | I1: Storage Period (Days) | J1: Fumigation Date | K1: Degassing Date | L1: LAST FUMIGATION | M1: UnderCover_Flag | N1: UnderCover_Rank | O1: DegassingDue_Flag | P1: DegassingDue_Rank | Q1: Wheat FIFO Rank | R1: Rice FIFO Rank
A2: =IF(D2="","",ROWS($D$2:D2)) | C2: 14 | D2: 14A01 | H2: =IF(AND(E2="",F2="",G2=""),"EMPTY","OCCUPIED") | I2: =IF(B2="","",IF(ISNUMBER(B2),MAX(0,TODAY()-(IF(ISNUMBER(B2),B2,IFERROR(DATE(2000+VALUE(RIGHT(B2,2)),VALUE(MID(B2,4,2)),VALUE(LEFT(B2,2))),"")))),IFERROR(MAX(0,TODAY()-DATE(2000+VALUE(RIGHT(B2,2)),VALUE(MID(B2,4,2)),VALUE(LEFT(B2,2))),""))) | M2: =IF(AND(H2="OCCUPIED",J2<>"",K2=""),1,0) | N2: =IF(M2=1,COUNTIF($M$2:M2,1),"") | O2: =IF(AND(J2<>"",K2=""),IF(ISNUMBER(J2),IF(TODAY()-(IF(ISNUMBER(J2),J2,IFERROR(DATE(2000+VALUE(RIGHT(J2,2)),VALUE(MID(J2,4,2)),VALUE(LEFT(J2,2))),"")))>5,1,0),IFERROR(IF(TODAY()-DATE(2000+VALUE(RIGHT(J2,2)),VALUE(MID(J2,4,2)),VALUE(LEFT(J2,2)))>5,1,0),0)),0) | P2: =IF(O2=1,COUNTIF($O$2:O2,1),"") | Q2: =IF(OR(B2="",G2="",H2<>"OCCUPIED"),"",IF(ISNUMBER(SEARCH("WHEAT",G2)),SUMPRODUCT(--ISNUMBER(SEARCH("WHEAT",$G$2:$G$100))*--($H$2:$H$100="OCCUPIED")*--($B$2:$B$100<>"")*--(IF(ISNUMBER($B$2:$B$100),$B$2:$B$100,IFERROR(DATE(2000+VALUE(RIGHT($B$2:$B$100,2)),VALUE(MID($B$2:$B$100,4,2)),VALUE(LEFT($B$2:$B$100,2))),0))<IF(ISNUMBER(B2),B2,IFERROR(DATE(2000+VALUE(RIGHT(B2,2)),VALUE(MID(B2,4,2)),VALUE(LEFT(B2,2))),0))))+SUMPRODUCT(--ISNUMBER(SEARCH("WHEAT",$G$2:$G2))*--($H$2:$H2="OCCUPIED")*--($B$2:$B2<>"")*--(IF(ISNUMBER($B$2:$B2),$B$2:$B2,IFERROR(DATE(2000+VALUE(RIGHT($B$2:$B2,2)),VALUE(MID($B$2:$B2,4,2)),VALUE(LEFT($B$2:$B2,2))),0))=IF(ISNUMBER(B2),B2,IFERROR(DATE(2000+VALUE(RIGHT(B2,2)),VALUE(MID(B2,4,2)),VALUE(LEFT(B2,2))),0)))),"")) | R2: =IF(OR(B2="",G2="",H2<>"OCCUPIED"),"",IF(NOT(ISNUMBER(SEARCH("WHEAT",G2))),SUMPRODUCT(--($G$2:$G$100<>"")*--ISERROR(SEARCH("WHEAT",$G$2:$G$100))*--($H$2:$H$100="OCCUPIED")*--($B$2:$B$100<>"")*--(IF(ISNUMBER($B$2:$B$100),$B$2:$B$100,IFERROR(DATE(2000+VALUE(RIGHT($B$2:$B$100,2)),VALUE(MID($B$2:$B$100,4,2)),VALUE(LEFT($B$2:$B$100,2))),0))<IF(ISNUMBER(B2),B2,IFERROR(DATE(2000+VALUE(RIGHT(B2,2)),VALUE(MID(B2,4,2)),VALUE(LEFT(B2,2))),0))))+SUMPRODUCT(--($G$2:$G2<>"")*--ISERROR(SEARCH("WHEAT",$G$2:$G2))*--($H$2:$H2="OCCUPIED")*--($B$2:$B2<>"")*--(IF(ISNUMBER($B$2:$B2),$B$2:$B2,IFERROR(DATE(2000+VALUE(RIGHT($B$2:$B2,2)),VALUE(MID($B$2:$B2,4,2)),VALUE(LEFT($B$2:$B2,2))),0))=IF(ISNUMBER(B2),B2,IFERROR(DATE(2000+VALUE(RIGHT(B2,2)),VALUE(MID(B2,4,2)),VALUE(LEFT(B2,2))),0)))),""))
A3: =IF(D3="","",ROWS($D$2:D3)) | B3: 46249 | C3: 14 | D3: 14A02 | E3: 3501 | F3: 175.28336 | G3: WHEAT FAQ 2025-26 | H3: =IF(AND(E3="",F3="",G3=""),"EMPTY","OCCUPIED") | I3: =IF(B3="","",IF(ISNUMBER(B3),MAX(0,TODAY()-(IF(ISNUMBER(B3),B3,IFERROR(DATE(2000+VALUE(RIGHT(B3,2)),VALUE(MID(B3,4,2)),VALUE(LEFT(B3,2))),"")))),IFERROR(MAX(0,TODAY()-DATE(2000+VALUE(RIGHT(B3,2)),VALUE(MID(B3,4,2)),VALUE(LEFT(B3,2))),""))) | M3: =IF(AND(H3="OCCUPIED",J3<>"",K3=""),1,0) | N3: =IF(M3=1,COUNTIF($M$2:M3,1),"") | O3: =IF(AND(J3<>"",K3=""),IF(ISNUMBER(J3),IF(TODAY()-(IF(ISNUMBER(J3),J3,IFERROR(DATE(2000+VALUE(RIGHT(J3,2)),VALUE(MID(J3,4,2)),VALUE(LEFT(J3,2))),"")))>5,1,0),IFERROR(IF(TODAY()-DATE(2000+VALUE(RIGHT(J3,2)),VALUE(MID(J3,4,2)),VALUE(LEFT(J3,2)))>5,1,0),0)),0) | P3: =IF(O3=1,COUNTIF($O$2:O3,1),"") | Q3: =IF(OR(B3="",G3="",H3<>"OCCUPIED"),"",IF(ISNUMBER(SEARCH("WHEAT",G3)),SUMPRODUCT(--ISNUMBER(SEARCH("WHEAT",$G$2:$G$100))*--($H$2:$H$100="OCCUPIED")*--($B$2:$B$100<>"")*--(IF(ISNUMBER($B$2:$B$100),$B$2:$B$100,IFERROR(DATE(2000+VALUE(RIGHT($B$2:$B$100,2)),VALUE(MID($B$2:$B$100,4,2)),VALUE(LEFT($B$2:$B$100,2))),0))<IF(ISNUMBER(B3),B3,IFERROR(DATE(2000+VALUE(RIGHT(B3,2)),VALUE(MID(B3,4,2)),VALUE(LEFT(B3,2))),0))))+SUMPRODUCT(--ISNUMBER(SEARCH("WHEAT",$G$2:$G3))*--($H$2:$H3="OCCUPIED")*--($B$2:$B3<>"")*--(IF(ISNUMBER($B$2:$B3),$B$2:$B3,IFERROR(DATE(2000+VALUE(RIGHT($B$2:$B3,2)),VALUE(MID($B$2:$B3,4,2)),VALUE(LEFT($B$2:$B3,2))),0))=IF(ISNUMBER(B3),B3,IFERROR(DATE(2000+VALUE(RIGHT(B3,2)),VALUE(MID(B3,4,2)),VALUE(LEFT(B3,2))),0)))),"")) | R3: =IF(OR(B3="",G3="",H3<>"OCCUPIED"),"",IF(NOT(ISNUMBER(SEARCH("WHEAT",G3))),SUMPRODUCT(--($G$2:$G$100<>"")*--ISERROR(SEARCH("WHEAT",$G$2:$G$100))*--($H$2:$H$100="OCCUPIED")*--($B$2:$B$100<>"")*--(IF(ISNUMBER($B$2:$B$100),$B$2:$B$100,IFERROR(DATE(2000+VALUE(RIGHT($B$2:$B$100,2)),VALUE(MID($B$2:$B$100,4,2)),VALUE(LEFT($B$2:$B$100,2))),0))<IF(ISNUMBER(B3),B3,IFERROR(DATE(2000+VALUE(RIGHT(B3,2)),VALUE(MID(B3,4,2)),VALUE(LEFT(B3,2))),0))))+SUMPRODUCT(--($G$2:$G3<>"")*--ISERROR(SEARCH("WHEAT",$G$2:$G3))*--($H$2:$H3="OCCUPIED")*--($B$2:$B3<>"")*--(IF(ISNUMBER($B$2:$B3),$B$2:$B3,IFERROR(DATE(2000+VALUE(RIGHT($B$2:$B3,2)),VALUE(MID($B$2:$B3,4,2)),VALUE(LEFT($B$2:$B3,2))),0))=IF(ISNUMBER(B3),B3,IFERROR(DATE(2000+VALUE(RIGHT(B3,2)),VALUE(MID(B3,4,2)),VALUE(LEFT(B3,2))),0)))),""))
A4: =IF(D4="","",ROWS($D$2:D4)) | B4: 46249 | C4: 14 | D4: 14A03 | E4: 3501 | F4: 174.15573 | G4: WHEAT FAQ 2025-26 | H4: =IF(AND(E4="",F4="",G4=""),"EMPTY","OCCUPIED") | I4: =IF(B4="","",IF(ISNUMBER(B4),MAX(0,TODAY()-(IF(ISNUMBER(B4),B4,IFERROR(DATE(2000+VALUE(RIGHT(B4,2)),VALUE(MID(B4,4,2)),VALUE(LEFT(B4,2))),"")))),IFERROR(MAX(0,TODAY()-DATE(2000+VALUE(RIGHT(B4,2)),VALUE(MID(B4,4,2)),VALUE(LEFT(B4,2))),""))) | M4: =IF(AND(H4="OCCUPIED",J4<>"",K4=""),1,0) | N4: =IF(M4=1,COUNTIF($M$2:M4,1),"") | O4: =IF(AND(J4<>"",K4=""),IF(ISNUMBER(J4),IF(TODAY()-(IF(ISNUMBER(J4),J4,IFERROR(DATE(2000+VALUE(RIGHT(J4,2)),VALUE(MID(J4,4,2)),VALUE(LEFT(J4,2))),"")))>5,1,0),IFERROR(IF(TODAY()-DATE(2000+VALUE(RIGHT(J4,2)),VALUE(MID(J4,4,2)),VALUE(LEFT(J4,2)))>5,1,0),0)),0) | P4: =IF(O4=1,COUNTIF($O$2:O4,1),"") | Q4: =IF(OR(B4="",G4="",H4<>"OCCUPIED"),"",IF(ISNUMBER(SEARCH("WHEAT",G4)),SUMPRODUCT(--ISNUMBER(SEARCH("WHEAT",$G$2:$G$100))*--($H$2:$H$100="OCCUPIED")*--($B$2:$B$100<>"")*--(IF(ISNUMBER($B$2:$B$100),$B$2:$B$100,IFERROR(DATE(2000+VALUE(RIGHT($B$2:$B$100,2)),VALUE(MID($B$2:$B$100,4,2)),VALUE(LEFT($B$2:$B$100,2))),0))<IF(ISNUMBER(B4),B4,IFERROR(DATE(2000+VALUE(RIGHT(B4,2)),VALUE(MID(B4,4,2)),VALUE(LEFT(B4,2))),0))))+SUMPRODUCT(--ISNUMBER(SEARCH("WHEAT",$G$2:$G4))*--($H$2:$H4="OCCUPIED")*--($B$2:$B4<>"")*--(IF(ISNUMBER($B$2:$B4),$B$2:$B4,IFERROR(DATE(2000+VALUE(RIGHT($B$2:$B4,2)),VALUE(MID($B$2:$B4,4,2)),VALUE(LEFT($B$2:$B4,2))),0))=IF(ISNUMBER(B4),B4,IFERROR(DATE(2000+VALUE(RIGHT(B4,2)),VALUE(MID(B4,4,2)),VALUE(LEFT(B4,2))),0)))),"")) | R4: =IF(OR(B4="",G4="",H4<>"OCCUPIED"),"",IF(NOT(ISNUMBER(SEARCH("WHEAT",G4))),SUMPRODUCT(--($G$2:$G$100<>"")*--ISERROR(SEARCH("WHEAT",$G$2:$G$100))*--($H$2:$H$100="OCCUPIED")*--($B$2:$B$100<>"")*--(IF(ISNUMBER($B$2:$B$100),$B$2:$B$100,IFERROR(DATE(2000+VALUE(RIGHT($B$2:$B$100,2)),VALUE(MID($B$2:$B$100,4,2)),VALUE(LEFT($B$2:$B$100,2))),0))<IF(ISNUMBER(B4),B4,IFERROR(DATE(2000+VALUE(RIGHT(B4,2)),VALUE(MID(B4,4,2)),VALUE(LEFT(B4,2))),0))))+SUMPRODUCT(--($G$2:$G4<>"")*--ISERROR(SEARCH("WHEAT",$G$2:$G4))*--($H$2:$H4="OCCUPIED")*--($B$2:$B4<>"")*--(IF(ISNUMBER($B$2:$B4),$B$2:$B4,IFERROR(DATE(2000+VALUE(RIGHT($B$2:$B4,2)),VALUE(MID($B$2:$B4,4,2)),VALUE(LEFT($B$2:$B4,2))),0))=IF(ISNUMBER(B4),B4,IFERROR(DATE(2000+VALUE(RIGHT(B4,2)),VALUE(MID(B4,4,2)),VALUE(LEFT(B4,2))),0)))),""))
A5: =IF(D5="","",ROWS($D$2:D5)) | C5: 14 | D5: 14A04 | H5: =IF(AND(E5="",F5="",G5=""),"EMPTY","OCCUPIED") | I5: =IF(B5="","",IF(ISNUMBER(B5),MAX(0,TODAY()-(IF(ISNUMBER(B5),B5,IFERROR(DATE(2000+VALUE(RIGHT(B5,2)),VALUE(MID(B5,4,2)),VALUE(LEFT(B5,2))),"")))),IFERROR(MAX(0,TODAY()-DATE(2000+VALUE(RIGHT(B5,2)),VALUE(MID(B5,4,2)),VALUE(LEFT(B5,2))),""))) | M5: =IF(AND(H5="OCCUPIED",J5<>"",K5=""),1,0) | N5: =IF(M5=1,COUNTIF($M$2:M5,1),"") | O5: =IF(AND(J5<>"",K5=""),IF(ISNUMBER(J5),IF(TODAY()-(IF(ISNUMBER(J5),J5,IFERROR(DATE(2000+VALUE(RIGHT(J5,2)),VALUE(MID(J5,4,2)),VALUE(LEFT(J5,2))),"")))>5,1,0),IFERROR(IF(TODAY()-DATE(2000+VALUE(RIGHT(J5,2)),VALUE(MID(J5,4,2)),VALUE(LEFT(J5,2)))>5,1,0),0)),0) | P5: =IF(O5=1,COUNTIF($O$2:O5,1),"") | Q5: =IF(OR(B5="",G5="",H5<>"OCCUPIED"),"",IF(ISNUMBER(SEARCH("WHEAT",G5)),SUMPRODUCT(--ISNUMBER(SEARCH("WHEAT",$G$2:$G$100))*--($H$2:$H$100="OCCUPIED")*--($B$2:$B$100<>"")*--(IF(ISNUMBER($B$2:$B$100),$B$2:$B$100,IFERROR(DATE(2000+VALUE(RIGHT($B$2:$B$100,2)),VALUE(MID($B$2:$B$100,4,2)),VALUE(LEFT($B$2:$B$100,2))),0))<IF(ISNUMBER(B5),B5,IFERROR(DATE(2000+VALUE(RIGHT(B5,2)),VALUE(MID(B5,4,2)),VALUE(LEFT(B5,2))),0))))+SUMPRODUCT(--ISNUMBER(SEARCH("WHEAT",$G$2:$G5))*--($H$2:$H5="OCCUPIED")*--($B$2:$B5<>"")*--(IF(ISNUMBER($B$2:$B5),$B$2:$B5,IFERROR(DATE(2000+VALUE(RIGHT($B$2:$B5,2)),VALUE(MID($B$2:$B5,4,2)),VALUE(LEFT($B$2:$B5,2))),0))=IF(ISNUMBER(B5),B5,IFERROR(DATE(2000+VALUE(RIGHT(B5,2)),VALUE(MID(B5,4,2)),VALUE(LEFT(B5,2))),0)))),"")) | R5: =IF(OR(B5="",G5="",H5<>"OCCUPIED"),"",IF(NOT(ISNUMBER(SEARCH("WHEAT",G5))),SUMPRODUCT(--($G$2:$G$100<>"")*--ISERROR(SEARCH("WHEAT",$G$2:$G$100))*--($H$2:$H$100="OCCUPIED")*--($B$2:$B$100<>"")*--(IF(ISNUMBER($B$2:$B$100),$B$2:$B$100,IFERROR(DATE(2000+VALUE(RIGHT($B$2:$B$100,2)),VALUE(MID($B$2:$B$100,4,2)),VALUE(LEFT($B$2:$B$100,2))),0))<IF(ISNUMBER(B5),B5,IFERROR(DATE(2000+VALUE(RIGHT(B5,2)),VALUE(MID(B5,4,2)),VALUE(LEFT(B5,2))),0))))+SUMPRODUCT(--($G$2:$G5<>"")*--ISERROR(SEARCH("WHEAT",$G$2:$G5))*--($H$2:$H5="OCCUPIED")*--($B$2:$B5<>"")*--(IF(ISNUMBER($B$2:$B5),$B$2:$B5,IFERROR(DATE(2000+VALUE(RIGHT($B$2:$B5,2)),VALUE(MID($B$2:$B5,4,2)),VALUE(LEFT($B$2:$B5,2))),0))=IF(ISNUMBER(B5),B5,IFERROR(DATE(2000+VALUE(RIGHT(B5,2)),VALUE(MID(B5,4,2)),VALUE(LEFT(B5,2))),0)))),""))
